mean,std,rms,max_amplitude,min_amplitude,peak_to_peak,zero_crossing_rate,dominant_freq,spectral_centroid,spectral_bandwidth,low_freq_energy,high_freq_energy,signal_power,label
-2.327027459614328e-16,0.8190542718911455,0.8190542718911454,1.1583176596280784,-1.1583176596280784,2.316635319256157,0.49974987493746875,1000.0,1000.0,5.565223320310485e-11,1.0379645290955682e-27,8.457503490500941e-32,0.6708499003031344,CLEAN
7.727152251391089e-17,1.3883571616725485,1.3883571616725485,1.963433527455134,-1.963433527455134,3.926867054910268,0.024878109763720464,200.0,200.0,1.168620340366212e-10,1.0,4.413052351868738e-28,1.9275356083674553,CLEAN
-2.9548585800398544e-16,0.5607221498944823,0.5607221498944823,0.9578832472996255,-0.957883247299867,1.9157664945994926,0.1873984248031004,1500.0,1928.5714285714307,820.6518066482918,5.9965719843351945e-28,0.23809523809523894,0.31440932938229027,CLEAN
1.1546319456101628e-16,1.1874318351489959,1.1874318351489959,2.028493189386948,-2.0284931893868716,4.05698637877382,0.04976244061015254,200.0,257.14285714285705,109.42024088643855,0.7619047619047622,4.8975985715595225e-28,1.4099943631253122,CLEAN
-4.485301019485633e-17,0.6811728997488882,0.6811728997488882,1.1636496066843354,-1.1636496066844222,2.3272992133687573,0.06238279784973122,500.0,642.8571428571421,273.55060221609574,7.499003136437076e-29,5.877006817766408e-27,0.46399651935230884,CLEAN
-2.716049607442983e-15,1.1726062647365603,1.1726062647365603,2.003166625183457,-2.0031666251839617,4.006333250367419,0.7498749374687343,1500.0,1357.1428571428557,273.55060221609875,4.790809667121162e-27,4.3001755141605544e-30,1.375005452099428,CLEAN
-1.0702549957386509e-16,1.58457920475552,1.58457920475552,2.7069411731642328,-2.706941173164435,5.413882346328668,0.06238279784973122,500.0,642.8571428571421,273.5506022160958,7.500620636795271e-29,5.877227547014585e-27,2.510891256143636,CLEAN
1.5258139926639794e-16,0.8485857705796407,0.8485857705796407,1.2000129912157227,-1.2000129912157174,2.40002598243144,0.13597605224963716,1500.0,1500.0,8.732196358969986e-10,3.2019807430988143e-28,2.1371471155736926e-26,0.7200978100302425,CLEAN
-1.7763568394002505e-18,1.0780362106734427,1.0780362106734427,1.524573429863682,-1.524573429863682,3.049146859727364,0.012376547068383549,100.0,100.0,5.922274645589308e-11,1.0,1.1111403815391857e-28,1.1621620715231555,CLEAN
2.8357261109700145e-17,0.7464852460337198,0.7464852460337198,1.0556828622366101,-1.0556828622366112,2.111365724473221,0.04526487663280116,500.0,500.0,3.6796486968935033e-10,4.184877191814647e-29,3.0679658622492173e-27,0.5572402225460232,CLEAN
8.378281691502316e-18,0.49135595676028804,0.49135595676028804,0.6948778499853672,-0.6948778499853672,1.3897556999707343,0.018051523947750364,200.0,199.99999999999997,1.527848961935604e-10,1.0,4.32464674708716e-28,0.24143067624381806,CLEAN
-5.044853423896711e-16,0.9362465871548054,0.9362465871548054,1.599392714102199,-1.5993927141023185,3.1987854282045176,0.2496248124062031,500.0,642.8571428571425,273.55060221609614,5.848126137498537e-28,5.158793683928742e-31,0.8765576719590206,CLEAN
-3.630429290524262e-16,0.6848682460998351,0.6848682460998351,0.9685499620730615,-0.9685499620730615,1.937099924146123,0.1873984248031004,1500.0,1500.0,6.949375354132288e-10,1.860738460808608e-28,2.5081334753726493e-26,0.4690445145158643,CLEAN
-1.6871764756262786e-15,0.6593715268368775,0.6593715268368775,0.9324862405881161,-0.9324862405881186,1.8649724811762347,0.18133164005805516,2000.0,1999.9999999999998,1.1459987522037088e-09,2.5620840569150413e-27,1.0,0.43477081040319504,CLEAN
7.993605777301126e-18,0.6479625230991148,0.6479625230991148,1.1098526697781337,-1.109852669778116,2.2197053395562496,0.012376547068383549,100.0,128.57142857142853,54.71012044321928,0.9523809523809524,2.1446995235563896e-28,0.419855431340971,CLEAN
5.771306838830578e-15,1.2619201627202188,1.261920162720219,2.1607300123385316,-2.1607300123388367,4.321460024677368,0.13597605224963716,1500.0,1928.5714285714303,820.6518066482919,3.9511581941120622e-28,0.2380952380952386,1.592442497079824,CLEAN
2.6867397195928787e-17,0.9567945251909307,0.9567945251909307,1.3531117939293407,-1.3531117939293407,2.7062235878586813,0.06238279784973122,500.0,500.0,2.572399365140265e-10,6.166867308638377e-29,3.0416989253440615e-27,0.9154557634353384,CLEAN
-5.115907697472721e-16,0.9774936104037428,0.9774936104037428,1.6698551215147954,-1.66985512151492,3.3397102430297156,0.2496248124062031,500.0,642.8571428571425,273.55060221609614,5.84989024007985e-28,4.501178908049164e-31,0.9554937583801443,CLEAN
-2.9665159217984184e-16,1.0267738329169,1.0267738329169,1.4520774800008862,-1.4520774800008862,2.9041549600017724,0.49974987493746875,1000.0,999.9999999999999,5.5652350393847175e-11,1.0379383847775081e-27,8.457503490501496e-32,1.0542645039628622,CLEAN
-2.0491941477018827e-16,0.38624064029998634,0.38624064029998634,0.546226751851909,-0.546226751851909,1.092453503703818,0.1873984248031004,1500.0,1500.0,6.949413739264151e-10,1.8619531069510686e-28,2.5080811958532372e-26,0.14918183221934345,CLEAN
9.667248105579594e-18,0.7868634520232237,0.7868634520232237,1.112785906533153,-1.112785906533153,2.225571813066306,0.018051523947750364,200.0,200.0,1.5272435772714655e-10,1.0,4.322350591255703e-28,0.6191540921299041,CLEAN
-1.474376176702208e-16,0.6520060778414,0.6520060778414001,0.9220758380329948,-0.9220758380329948,1.8441516760659895,0.7498749374687343,1500.0,1500.0000000000002,1.2606559659509475e-10,8.569260234844814e-28,1.096526145566079e-29,0.42511192554212585,CLEAN
-3.019806626980426e-16,1.081917719900464,1.081917719900464,1.8482431254842526,-1.8482431254845735,3.6964862509688263,0.24981245311327832,1000.0,1285.7142857142858,547.1012044321927,2.0959533815922098e-27,0.2380952380952381,1.170545952634619,CLEAN
3.3306690738754695e-17,1.2169523916254257,1.2169523916254257,1.721030576999052,-1.721030576999052,3.442061153998104,0.06238279784973122,500.0,500.0,2.572392319261881e-10,6.16729792908686e-29,3.041508157471432e-27,1.4809731234828434,CLEAN
-1.509903313490213e-17,0.5144669504254786,0.5144669504254786,0.8794949052151486,-0.8794949052151371,1.7589898104302857,0.024756189047261814,100.0,128.57142857142853,54.710120443219274,0.9523809523809527,1.201084078229411e-28,0.26467624308009186,CLEAN
2.1871393585115585e-17,0.8849916278237887,0.8849916278237887,1.2515671626550453,-1.2515671626550453,2.5031343253100906,0.37484371092773194,1500.0,1499.9999999999998,2.0277821277335935e-10,4.832751081859268e-28,1.252011120340498e-26,0.7832101813181994,CLEAN
2.1871393585115585e-17,0.82677358248427,0.82677358248427,1.1692344133610462,-1.1692344133610462,2.3384688267220923,0.37484371092773194,1500.0,1500.0000000000002,2.0278019383921648e-10,4.833525465948396e-28,1.2520699781457336e-26,0.6835545566938741,CLEAN
-6.632472349110685e-16,0.8446988643524708,0.8446988643524708,1.4430014782339373,-1.443001478234301,2.8860029564682383,0.37484371092773194,1500.0,1880.9523809523841,688.4205854667147,1.0196107797798524e-27,0.23809523809524016,0.7135161714383538,CLEAN
-4.4408920985006264e-17,1.3737999327089707,1.3737999327089707,1.9428464968242718,-1.9428464968242718,3.8856929936485436,0.024756189047261814,100.0,100.0,2.5580298380046056e-11,1.0,6.098096530677401e-29,1.8873262551111725,CLEAN
4.218847493575595e-17,1.3815201734758549,1.3815201734758549,1.9537645660215859,-1.9537645660215859,3.9075291320431718,0.06238279784973122,500.0,500.0,2.572247725737248e-10,6.168783591581275e-29,3.041374360940971e-27,1.9085979897207563,CLEAN
2.1649348980190553e-17,0.8301732386483428,0.8301732386483428,1.1740422532156831,-1.1740422532156831,2.3480845064313662,0.37484371092773194,1500.0,1500.0,2.0277716913695222e-10,4.835653775146969e-28,1.2520660838037541e-26,0.6891876061678783,CLEAN
-5.258016244624741e-16,0.9588777844431207,0.9588777844431208,1.6380536529520153,-1.6380536529521375,3.2761073059041528,0.2496248124062031,500.0,642.8571428571424,273.5506022160961,5.849751132963107e-28,4.566658603528029e-31,0.919446605498548,CLEAN
5.595524044110789e-17,0.9679085180854192,0.9679085180854192,1.368829353412844,-1.368829353412844,2.737658706825688,0.024878109763720464,200.0,200.0,1.1685441360498307e-10,1.0,4.412232952663643e-28,0.9368468993823122,CLEAN
7.733798484463675e-18,1.2792937048307527,1.2792937048307527,2.191239629086761,-2.1912396290867435,4.382479258173504,0.008980406386066763,100.0,128.57142857142856,54.7101204432193,0.9523809523809526,1.9704493272870948e-28,1.6365923832195928,CLEAN
-3.232969447708456e-16,1.1148064459611424,1.1148064459611424,1.9044270299804058,-1.9044270299807367,3.8088540599611425,0.24981245311327832,1000.0,1285.7142857142856,547.1012044321927,2.0962058127640777e-27,0.23809523809523808,1.2427934119565134,CLEAN
-1.1457501614131616e-16,0.39769188739010397,0.39769188739010397,0.5624212607928387,-0.5624212607928387,1.1248425215856774,0.49974987493746875,1000.0,1000.0000000000001,5.565235173846345e-11,1.038002833191183e-27,8.457503490501404e-32,0.15815883729590313,CLEAN
-4.725109192804666e-16,0.5068444415822743,0.5068444415822743,0.7167862832990703,-0.7167862832990703,1.4335725665981407,0.09954977488744372,200.0,200.0,2.5463856815202315e-11,1.0,8.972458851075141e-32,0.2568912879628474,CLEAN
-7.086553566182374e-16,1.334791454267776,1.334791454267776,1.887680177565196,-1.887680177565196,3.775360355130392,0.1873984248031004,1500.0,1500.0,6.949364711738105e-10,1.8618153631676711e-28,2.508043089855579e-26,1.781668226386284,CLEAN
2.5979218776228665e-17,0.9803139172953105,0.9803139172953105,1.3863732372221251,-1.3863732372221251,2.7727464744442503,0.12478119529882471,500.0,500.0,1.2482644317048812e-10,9.083913623052639e-29,2.020557610388471e-27,0.9610153764428768,CLEAN
4.5436066096224094e-17,1.1837694711866797,1.1837694711866797,1.6740922211263938,-1.6740922211263953,3.348184442252789,0.04526487663280116,500.0,499.99999999999994,3.6794839784671167e-10,4.188504405467975e-29,3.0677658141632074e-27,1.4013101609135916,CLEAN
2.3536728122053318e-17,0.8740267555188994,0.8740267555188994,1.2360604915317814,-1.2360604915317814,2.472120983063563,0.12478119529882471,500.0,500.0,1.2482306642834004e-10,9.088431016768832e-29,2.0203971116566503e-27,0.763922769362894,CLEAN
3.586020369539256e-17,0.6367238432693532,0.6367238432693532,0.9004634946378404,-0.9004634946378404,1.8009269892756807,0.1248906113264158,1000.0,1000.0,4.668294491230215e-10,7.834742553361877e-29,1.2102051622950997e-26,0.40541725258769584,CLEAN
4.6074255521943994e-17,0.8190892954765566,0.8190892954765566,1.15836719045757,-1.15836719045757,2.31673438091514,0.1248906113264158,1000.0,1000.0000000000001,4.668286355765604e-10,7.83160402531162e-29,1.2101928203174248e-26,0.670907273964282,CLEAN
-2.5779328281545586e-18,0.5754684147107271,0.5754684147107271,0.9856917069475502,-0.9856917069475422,1.9713834138950923,0.008980406386066763,100.0,128.57142857142858,54.71012044321932,0.9523809523809526,1.970017540576249e-28,0.33116389632967735,CLEAN
-3.552713678800501e-17,1.0665716831541634,1.0665716831541634,1.5083601395597175,-1.5083601395597175,3.016720279119435,0.024756189047261814,100.0,100.0,2.5594887158086092e-11,1.0,6.101182268485636e-29,1.1375751553063052,CLEAN
-7.064349105689872e-16,1.3390597468254701,1.3390597468254701,2.287519583199575,-2.287519583200152,4.575039166399726,0.1873984248031004,1500.0,1928.5714285714303,820.6518066482915,5.99517054902011e-28,0.2380952380952389,1.7930810055682924,CLEAN
-4.4275694222051243e-16,0.5977322017219563,0.5977322017219564,0.8453209863423212,-0.8453209863423212,1.6906419726846424,0.24990623827978498,2000.0,2000.0,7.791702970230689e-10,1.2881542168371382e-27,1.0,0.35728378497537755,CLEAN
6.750155989720952e-17,1.2336783220852328,1.2336783220852328,1.7446846146986197,-1.7446846146986197,3.4893692293972394,0.1248906113264158,1000.0,1000.0,4.668291575284081e-10,7.834476246852716e-29,1.2102099814188478e-26,1.521962202383035,CLEAN
-1.546759696892735e-16,1.5629513982348777,1.5629513982348777,2.6771030211565314,-2.677103021156423,5.3542060423129545,0.018051523947750364,200.0,257.1428571428571,109.42024088643859,0.7619047619047621,8.172093550299944e-28,2.4428170732443593,CLEAN
-1.0018652574217412e-15,1.3463775243948044,1.3463775243948044,1.904065355073445,-1.904065355073445,3.80813071014689,0.24990623827978498,2000.0,2000.0,7.791715569524788e-10,1.2880234071082773e-27,1.0,1.812732438195482,CLEAN
-1.0658141036401503e-17,0.8150435129969912,0.8150435129969912,1.152645590004557,-1.152645590004557,2.305291180009114,0.012376547068383549,100.0,100.0,5.924080406766291e-11,1.0,1.1122924243064071e-28,0.6642959280784765,CLEAN
5.155865656309117e-18,1.4874828841765986,1.4874828841765986,2.547836693863236,-2.5478366938632155,5.0956733877264515,0.008980406386066763,100.0,128.57142857142856,54.7101204432193,0.9523809523809524,1.9712113953901647e-28,2.212605330718332,CLEAN
-2.7711166694643907e-16,0.6886467529783585,0.6886467529783584,0.9738935777461895,-0.9738935777461895,1.947787155492379,0.2496248124062031,500.0,499.99999999999994,4.2604322572655704e-11,4.768197339346577e-28,5.004346627921376e-32,0.4742343503876362,CLEAN
1.3100631690576846e-17,0.45375042296686774,0.45375042296686774,0.641700002092273,-0.641700002092273,1.283400004184546,0.06238279784973122,500.0,500.0,2.5724885371624343e-10,6.167113982582051e-29,3.041888580012837e-27,0.2058894463426114,CLEAN
-2.1316282072803006e-17,1.3471937877640274,1.3471937877640274,1.905219725800669,-1.905219725800669,3.810439451601338,0.04976244061015254,200.0,200.0,4.6409544582047925e-11,1.0,2.313274274856338e-28,1.8149311017899872,CLEAN
-3.375077994860476e-16,0.5913080266209899,0.5913080266209899,1.0101331877125936,-1.010133187712577,2.0202663754251704,0.04952476238119059,100.0,128.5714285714285,54.71012044321924,0.9523809523809527,5.922704236501261e-33,0.34964518234640934,CLEAN
-8.206768598029158e-16,1.2811665150600502,1.2811665150600502,1.8118430612561967,-1.8118430612561967,3.6236861225123933,0.24981245311327832,1000.0,1000.0,1.916408951567119e-10,6.529418308004635e-28,8.744459089864419e-27,1.6413876393111135,CLEAN
8.508749260727199e-16,1.0382482309494505,1.0382482309494505,1.4683047293209663,-1.4683047293193625,2.936609458640329,0.49987496874218557,2000.0,2000.0,1.3804383442660884e-09,6.923329741908856e-26,1.0,1.0779593890696635,CLEAN
-1.4210854715202004e-17,0.36833505590782784,0.36833505590782784,0.5209044315623024,-0.5209044315623024,1.0418088631246047,0.024756189047261814,100.0,100.0,2.556681085459456e-11,1.0,6.09105169822913e-29,0.13567071341062267,CLEAN
-3.1619151741324457e-16,0.5530897069883195,0.5530897069883194,0.9448447233225891,-0.9448447233225736,1.8896894466451628,0.04952476238119059,100.0,128.57142857142847,54.71012044321923,0.9523809523809527,6.209431888601792e-33,0.30590822397642503,CLEAN
5.0807833626891155e-15,1.111183679881494,1.111183679881494,1.9026306079182882,-1.9026306079185569,3.805261215836845,0.13597605224963716,1500.0,1928.5714285714305,820.6518066482919,3.953239500141455e-28,0.23809523809523872,1.2347291704349785,CLEAN
3.866899242231838e-18,1.3030144892094628,1.3030144892094628,2.231869800694248,-2.23186980069423,4.463739601388478,0.008980406386066763,100.0,128.57142857142858,54.7101204432193,0.9523809523809524,1.97057237789466e-28,1.6978467590897972,CLEAN
-4.4408920985006264e-17,1.532163613893033,1.532163613893033,2.619274360112943,-2.6192743601129087,5.238548720225852,0.024756189047261814,100.0,128.57142857142853,54.71012044321928,0.9523809523809527,1.200426845949542e-28,2.3475253397377593,CLEAN
-3.375077994860476e-17,1.056627060369791,1.056627060369791,1.4942963191453735,-1.4942963191453735,2.988592638290747,0.024756189047261814,100.0,100.0,2.557344723958463e-11,1.0,6.09808436143162e-29,1.116460744705706,CLEAN
2.149391775674303e-16,1.5288169735391977,1.5288169735391977,2.61355318961147,-2.613553189611404,5.2271063792228745,0.024878109763720464,200.0,257.1428571428571,109.42024088643859,0.7619047619047622,8.515112500163113e-28,2.337281338581552,CLEAN
9.769962616701377e-18,0.533726346339848,0.533726346339848,0.9141849864758299,-0.9141849864758153,1.8283699729516452,0.012376547068383549,100.0,128.57142857142853,54.71012044321928,0.9523809523809524,2.1429064775462323e-28,0.28486381277728334,CLEAN
3.8635761256955445e-17,1.3783970965062053,1.3783970965062053,1.9493478682147725,-1.9493478682147725,3.898695736429545,0.06238279784973122,500.0,500.0,2.572288313078655e-10,6.168044134562516e-29,3.0414075822222263e-27,1.8999785556567372,CLEAN
4.449109259390369e-15,0.9729798499416964,0.9729798499416964,1.6659903100666889,-1.665990310066924,3.3319806201336126,0.13597605224963716,1500.0,1928.57142857143,820.6518066482917,3.9511814632203773e-28,0.23809523809523855,0.946689788392566,CLEAN
4.511382449270477e-18,0.4693180809515544,0.4693180809515544,0.6637117848353965,-0.6637117848353964,1.3274235696707928,0.008980406386066763,100.0,100.0,7.729649489359876e-11,1.0,1.0738456797543864e-28,0.2202594611080498,CLEAN
3.3835368369528583e-17,0.9165195557335714,0.9165195557335714,1.2961461636831026,-1.2961461636831038,2.5922923273662066,0.04526487663280116,500.0,500.0,3.6799092813058024e-10,4.1838588421662963e-29,3.0679516310123843e-27,0.840008096042063,CLEAN
-2.5406333625471974e-15,0.9932451316978076,0.9932451316978076,1.4046518254775462,-1.40465182547755,2.809303650955096,0.18133164005805516,2000.0,2000.0,1.1460426343935473e-09,2.562134384689379e-27,1.0,0.9865358916413951,CLEAN
1.3340439863895881e-15,1.0450306641735243,1.0450306641735243,1.4778965383699614,-1.4778965383699614,2.9557930767399228,0.49987496874218557,2000.0,2000.0,2.909509701591269e-10,7.919600433262461e-27,1.0,1.0920890890629573,CLEAN
-1.7852386235972518e-16,0.7062057828307072,0.7062057828307072,1.2064133522224676,-1.2064133522225575,2.412826704445025,0.12478119529882471,500.0,642.8571428571423,273.55060221609585,2.2569809897405597e-28,3.8269626626549395e-27,0.49872660770353194,CLEAN
-3.383959779057477e-16,0.5329737817931525,0.5329737817931525,0.9104806309608152,-0.9104806309611524,1.8209612619219677,0.24990623827978498,2000.0,2571.428571428572,1094.2024088643875,6.659801533170196e-27,1.0,0.2840610520788949,CLEAN
-3.3217872896784684e-16,0.5085935288883151,0.5085935288883151,0.7192598662890475,-0.7192598662890475,1.438519732578095,0.24981245311327832,1000.0,999.9999999999999,1.9164066965874254e-10,6.529329346480341e-28,8.744256929663005e-27,0.2586673776270694,CLEAN
1.6964207816272391e-15,1.330390090145956,1.330390090145956,1.8814557087311754,-1.8814557087311754,3.762911417462351,0.49987496874218557,2000.0,2000.0,2.909509699658889e-10,7.91959372087516e-27,1.0,1.769937791958565,CLEAN
-4.634070904785404e-16,0.5917079027833257,0.5917079027833257,0.9946857179641496,-0.9946857179641292,1.9893714359282788,0.09954977488744372,200.0,257.1428571428567,109.42024088643825,0.7619047619047637,5.364322804745002e-32,0.3501182422162417,CLEAN
-1.5720758028692216e-16,0.5387886431559759,0.5387886431559759,0.761962206403779,-0.761962206403779,1.523924412807558,0.49974987493746875,1000.0,1000.0,5.565223347429878e-11,1.0379692517458783e-27,8.457503490500793e-32,0.29029320199385744,CLEAN
-3.481659405224491e-16,1.2322089819930564,1.2322089819930564,2.104986117001705,-2.1049861170020705,4.209972234003775,0.24981245311327832,1000.0,1285.7142857142856,547.1012044321927,2.096282200247059e-27,0.2380952380952381,1.5183389753043646,CLEAN
7.585043704239069e-16,0.9612272121990184,0.9612272121990184,1.3593805600161362,-1.3593805600146514,2.7187611200307877,0.49987496874218557,2000.0,2000.0,1.380619402608226e-09,6.923217215102916e-26,1.0,0.9239577534718967,CLEAN
-2.6645352591003758e-18,0.5460615248936872,0.5460615248936872,0.7722476143947861,-0.7722476143947861,1.5444952287895721,0.012376547068383549,100.0,100.0,5.921135543116633e-11,1.0,1.1101039673947363e-28,0.298183188969219,CLEAN
-1.3233858453531865e-16,0.596299774908831,0.596299774908831,0.8432952289167344,-0.8432952289163111,1.6865904578330455,0.49974987493746875,1000.0,1000.0,3.364146362219675e-10,1.749612025456314e-26,5.985498549738127e-26,0.3555734215563225,CLEAN
-8.466560785791444e-16,0.9090772831503106,0.9090772831503106,1.2856294230764558,-1.2856294230764558,2.5712588461529116,0.09954977488744372,200.0,200.0,2.54531950637849e-11,1.0,9.32190288107415e-32,0.8264215067399499,CLEAN
-5.155865656309117e-18,1.3344963262551424,1.3344963262551424,1.887250831587946,-1.8872508315879457,3.774501663175892,0.008980406386066763,100.0,100.0,7.727373596992044e-11,1.0,1.0731183492918282e-28,1.7808804447884712,CLEAN
-3.35429341143348e-15,1.3109616292891375,1.3109616292891375,1.85396795508509,-1.853967955085095,3.707935910170185,0.18133164005805516,2000.0,2000.0,1.1459925209439905e-09,2.5624844261853445e-27,1.0,1.7186203934684299,CLEAN
-1.3657404761157573e-15,1.1857527026737604,1.1857527026737604,2.031017820680467,-2.0310178206807326,4.0620356413611995,0.09062046444121916,1000.0,1285.7142857142876,547.1012044321961,5.251560055977058e-28,0.23809523809523886,1.406009471898127,CLEAN
1.5987211554602253e-17,1.0564434069657576,1.0564434069657576,1.8095128867678414,-1.8095128867678125,3.619025773535654,0.012376547068383549,100.0,128.57142857142856,54.71012044321929,0.9523809523809526,2.1453042355841818e-28,1.1160726721214174,CLEAN
-1.9496825418932047e-15,0.7620024816776805,0.7620024816776805,1.0776274081277102,-1.077627408127713,2.1552548162554235,0.18133164005805516,2000.0,2000.0,1.1460003138030715e-09,2.5621197542950136e-27,1.0,0.5806477820829438,CLEAN
-4.68070027181966e-16,0.5018001773650903,0.5018001773650903,0.7096526164309354,-0.7096526164309354,1.4193052328618707,0.09954977488744372,200.0,200.0,2.546290210680944e-11,1.0,9.700460967109709e-32,0.25180341800363604,CLEAN
-4.689582056016661e-16,0.7433585302410987,0.7433585302410987,1.051267715172692,-1.051267715172692,2.102535430345384,0.24981245311327832,1000.0,1000.0,1.9164166992580864e-10,6.53087306083099e-28,8.744375520457591e-27,0.5525819044822063,CLEAN
4.39648317751562e-17,0.75603582658071,0.75603582658071,1.0691961195903934,-1.0691961195903934,2.138392239180787,0.024878109763720464,200.0,200.0,1.1685604051998562e-10,1.0,4.411969480773122e-28,0.5715901710735775,CLEAN
-1.1881606809538425e-15,1.5185364006742144,1.5185364006742144,2.5941200626624523,-2.5941200626631065,5.188240125325558,0.37484371092773194,1500.0,1880.9523809523846,688.4205854667148,1.019676924182705e-27,0.23809523809524027,2.3059528001725984,CLEAN
1.2245180933734153e-17,0.9214677467512574,0.9214677467512574,1.3031439181386657,-1.3031439181386657,2.6062878362773314,0.018051523947750364,200.0,200.0,1.526955633725856e-10,1.0,4.321125225624916e-28,0.8491028083028395,CLEAN
1.5365486660812165e-16,1.0523778440469367,1.0523778440469367,1.7990678535037825,-1.7990678535037372,3.5981357070075197,0.024878109763720464,200.0,257.14285714285705,109.42024088643859,0.7619047619047622,8.51678741101872e-28,1.1074991266408787,CLEAN
-1.0111911308285926e-15,1.2980435485191073,1.2980435485191073,2.1820654632700722,-2.182065463270028,4.3641309265401,0.09954977488744372,200.0,257.14285714285666,109.42024088643825,0.7619047619047636,6.464820832552371e-32,1.6849170538520764,CLEAN
-1.0613732115416496e-16,0.5655695875396042,0.5655695875396042,0.9661641388489378,-0.9661641388491057,1.9323282776980435,0.1248906113264158,1000.0,1285.7142857142844,547.1012044321917,3.7921901981063246e-28,0.23809523809523742,0.319868958349718,CLEAN
1.7763568394002505e-17,1.2868915700772285,1.2868915700772285,2.2042324885303803,-2.2042324885303453,4.408464977060726,0.012376547068383549,100.0,128.57142857142856,54.710120443219296,0.9523809523809524,2.1447317653405142e-28,1.6560899131358342,CLEAN
2.479649139081166e-16,1.3705994769354768,1.3705994769354768,1.9382097073729874,-1.9382097073729787,3.876419414745966,0.13597605224963716,1500.0,1500.0,8.731865289738451e-10,3.2011848660803697e-28,2.137047444516744e-26,1.8785429261758024,CLEAN
-4.0678571622265737e-16,1.356043272355689,1.356043272355689,2.3165325882832852,-2.3165325882836876,4.633065176566973,0.24981245311327832,1000.0,1285.7142857142853,547.1012044321926,2.0960496307562073e-27,0.238095238095238,1.8388533565011256,CLEAN
2.5779328281545586e-18,0.9794233911271498,0.9794233911271498,1.385105056503543,-1.385105056503543,2.770210113007086,0.008980406386066763,100.0,100.0,7.73258563179835e-11,1.0,1.0744576115968321e-28,0.959270179087006,CLEAN
3.0031532816110486e-17,0.5352352546167206,0.5352352546167206,0.7569369561391832,-0.7569369561391832,1.5138739122783664,0.1248906113264158,1000.0,1000.0,4.668251469783567e-10,7.835012075074466e-29,1.2102103069440029e-26,0.28647677778462577,CLEAN
2.55351295663786e-17,0.9078880993866152,0.9078880993866152,1.2839476632696842,-1.2839476632696842,2.5678953265393685,0.06238279784973122,500.0,500.00000000000006,2.572301328047649e-10,6.16982177882212e-29,3.041475085672685e-27,0.8242608010078405,CLEAN
1.5805950652622636e-16,0.8755607047675001,0.8755607047675001,1.2381591310461249,-1.2381591310461193,2.476318262092244,0.13597605224963716,1500.0,1500.0000000000002,8.731757662115211e-10,3.202125838246577e-28,2.136938780247928e-26,0.7666065477329616,CLEAN
-1.22230268234922e-15,0.47776047891691525,0.4777604789169152,0.6756510627991161,-0.6756510627991179,1.351302125598234,0.18133164005805516,2000.0,2000.0,1.1459953912960685e-09,2.5621338010242827e-27,1.0,0.2282550752149202,CLEAN
-5.186961971048731e-16,0.7975545428180569,0.7975545428180569,1.1279124511855692,-1.1279124511855692,2.2558249023711383,0.24981245311327832,1000.0,1000.0,1.9164176335358085e-10,6.52973334384919e-28,8.744756883954752e-27,0.6360932487697198,CLEAN
-6.940004126931854e-16,1.306415007039005,1.306415007039005,1.8475498210423036,-1.8475498210423036,3.695099642084607,0.1873984248031004,1500.0,1500.0,6.94930264501795e-10,1.8621874515549873e-28,2.508021943251269e-26,1.7067201706167234,CLEAN
4.662936703425657e-17,0.7398373587242202,0.7398373587242202,1.046288026658081,-1.046288026658081,2.092576053316162,0.024878109763720464,200.0,200.0,1.1687058788589373e-10,1.0,4.4121407044071e-28,0.5473593173640305,CLEAN
-3.1974423109204507e-16,1.3464665067052004,1.3464665067052004,1.9041911950636161,-1.9041911950636161,3.8083823901272322,0.7498749374687343,1500.0,1500.0,1.2606373534755792e-10,8.565911750664834e-28,1.0644500438057507e-29,1.8129720536789053,CLEAN
-8.526512829121202e-17,1.2917157691390029,1.2917157691390029,2.206641731138553,-2.2066417311387174,4.4132834622772705,0.06238279784973122,500.0,642.8571428571421,273.5506022160958,7.500550095063122e-29,5.877342391021163e-27,1.668529628242366,CLEAN
3.770226761176042e-17,0.9875468893629823,0.9875468893629823,1.6915207753952362,-1.6915207753953456,3.3830415507905816,0.04526487663280116,500.0,642.8571428571438,273.5506022160975,6.201662718568553e-29,5.702314080108793e-27,0.9752488586905025,CLEAN
-8.402167850363184e-16,1.1148530858096233,1.1148530858096233,1.5766403540054652,-1.5766403540054652,3.1532807080109304,0.24990623827978498,2000.0,2000.0000000000002,7.791691303045296e-10,1.2881243764781025e-27,1.0,1.2428974029392392,CLEAN
-9.174883075502293e-16,1.1791795401269762,1.179179540126976,1.9822500966483447,-1.9822500966483043,3.964500193296649,0.09954977488744372,200.0,257.1428571428567,109.42024088643825,0.7619047619047636,6.396190226872913e-32,1.3904643878540666,CLEAN
-6.910028105266975e-16,1.0812684790635303,1.0812684790635303,1.529144547658173,-1.529144547658173,3.058289095316346,0.24981245311327832,1000.0,999.9999999999999,1.9164497155753e-10,6.5310443748426705e-28,8.744817291681773e-27,1.16914152381636,CLEAN
-5.961897642237091e-16,0.7639485291860278,0.7639485291860278,1.3050554504475886,-1.3050554504479177,2.6101109008955063,0.37484371092773194,1500.0,1880.9523809523844,688.4205854667148,1.0195455175124955e-27,0.2380952380952403,0.5836173552454952,CLEAN
-1.9539925233402755e-16,0.7719300062165184,0.7719300062165184,1.3186902304140788,-1.3186902304141772,2.637380460828256,0.12478119529882471,500.0,642.8571428571422,273.55060221609585,2.2573949381687198e-28,3.827029720495598e-27,0.5958759344974341,CLEAN
-1.1165671561944432e-16,1.4110683420457135,1.4110683420457135,1.9955393278797553,-1.9955393278797582,3.9910786557595133,0.09062046444121916,1000.0,1000.0,6.877891426943322e-10,4.209763699021432e-29,1.2099034643885452e-26,1.991113865923639,CLEAN
2.1227464230832992e-16,1.4219918669317995,1.4219918669317995,2.430932834829549,-2.4309328348294876,4.8618656696590365,0.024878109763720464,200.0,257.14285714285705,109.42024088643859,0.7619047619047621,8.517148831301715e-28,2.0220608696201845,CLEAN
2.5779328281545586e-18,1.195038477535168,1.195038477535168,2.0469229703627794,-2.046922970362763,4.093845940725542,0.008980406386066763,100.0,128.57142857142856,54.7101204432193,0.9523809523809524,1.971208440870736e-28,1.428116962789572,CLEAN
-2.8954616482224084e-16,0.3843120086436558,0.3843120086436558,0.5434992548067041,-0.5434992548067041,1.0869985096134083,0.24990623827978498,2000.0,2000.0000000000002,7.791647791669574e-10,1.2882149491834921e-27,1.0,0.14769571998772135,CLEAN
-1.4983569940341113e-15,0.6458919565058225,0.6458919565058225,1.1033790707553337,-1.103379070755612,2.206758141510946,0.7498749374687343,1500.0,1357.1428571428555,273.55060221609875,4.7901988813659884e-27,4.239570403259995e-30,0.41717641947891937,CLEAN
-2.540190280342358e-16,0.39190973731860224,0.39190973731860235,0.5542440657420443,-0.5542440657420443,1.1084881314840886,0.24981245311327832,1000.0,1000.0,1.9163508915231554e-10,6.530391957947225e-28,8.74403668879027e-27,0.15359324220513587,CLEAN
-3.19211324040225e-15,1.3789580044011596,1.3789580044011598,2.3556778903672027,-2.3556778903677964,4.7113557807349995,0.7498749374687343,1500.0,1357.1428571428557,273.55060221609875,4.7901432570856445e-27,4.39181884082855e-30,1.9015251779020288,CLEAN
2.6201263381153693e-16,0.31069277255064215,0.3106927725506421,0.4393859326731296,-0.43938593267264964,0.8787718653457792,0.49987496874218557,2000.0,2000.0,1.3805379406791194e-09,6.923077917910215e-26,1.0,0.09652999891520503,CLEAN
1.1600697726695514e-17,1.2533600018632587,1.2533600018632587,2.1468190574410526,-2.1468190574410357,4.293638114882088,0.008980406386066763,100.0,128.57142857142856,54.71012044321931,0.9523809523809524,1.9715545520569322e-28,1.5709112942706678,CLEAN
-1.7763568394002505e-17,0.6502395818656705,0.6502395818656705,1.1116018219384605,-1.111601821938446,2.2232036438769063,0.024756189047261814,100.0,128.57142857142856,54.710120443219274,0.9523809523809526,1.2017245849626014e-28,0.422811513824842,CLEAN
-2.2382096176443156e-16,1.1705981814552306,1.1705981814552306,1.9997362107887875,-1.999736210789135,3.9994724215779227,0.1248906113264158,1000.0,1285.7142857142844,547.1012044321917,3.7907935049984977e-28,0.23809523809523742,1.370300102426293,CLEAN
-4.618527782440651e-17,1.1327367241583022,1.1327367241583022,1.6019316379027424,-1.6019316379027424,3.203863275805485,0.024756189047261814,100.0,100.0,2.5582642712473526e-11,1.0,6.101001952575746e-29,1.2830924862568813,CLEAN
-4.796163466380676e-17,1.596131239075555,1.596131239075555,2.728628713002302,-2.7286287130022666,5.457257426004569,0.024756189047261814,100.0,128.5714285714285,54.71012044321927,0.9523809523809526,1.2010359606493076e-28,2.547634932352867,CLEAN
-1.7763568394002505e-17,1.0072477685060552,1.0072477685060552,1.424463454891299,-1.424463454891299,2.848926909782598,0.012376547068383549,100.0,100.0,5.921574315107916e-11,1.0,1.1106566861323609e-28,1.014548067160428,CLEAN
2.2718033048112047e-17,0.6154206712138712,0.6154206712138712,1.0541239734322283,-1.0541239734322967,2.108247946864525,0.04526487663280116,500.0,642.8571428571437,273.55060221609745,6.203973806333244e-29,5.702425820945579e-27,0.37874260255733183,CLEAN
-1.5983183534558262e-16,1.595915423916002,1.595915423916002,2.733565488793134,-2.7335654887930234,5.467130977586157,0.018051523947750364,200.0,257.1428571428571,109.42024088643859,0.7619047619047621,8.174992107179135e-28,2.546946040292992,CLEAN
-1.1342904443880058e-16,1.100607768133138,1.100607768133138,1.8851772259234287,-1.8851772259233526,3.7703544518467815,0.018051523947750364,200.0,257.1428571428571,109.4202408864386,0.761904761904762,8.172840998999972e-28,1.2113374592750075,CLEAN
-1.787014980436652e-15,0.7712194429073955,0.7712194429073955,1.3174763730873884,-1.3174763730877204,2.6349527461751086,0.7498749374687343,1500.0,1357.1428571428555,273.55060221609875,4.790968769263933e-27,4.136635683764063e-30,0.5947794291183935,CLEAN
2.327027459614328e-16,1.5479991320771154,1.5479991320771154,2.646345598708256,-2.6463455987081894,5.2926911974164454,0.024878109763720464,200.0,257.14285714285705,109.42024088643859,0.7619047619047623,8.516868341666866e-28,2.3963013129115027,CLEAN
-4.956035581926699e-16,0.7820965768813302,0.7820965768813302,1.1060515861111488,-1.1060515861111488,2.2121031722222977,0.24981245311327832,1000.0,999.9999999999999,1.9163899117828946e-10,6.529779895978512e-28,8.744252572917723e-27,0.6116750555694943,CLEAN
-1.5187850976872143e-16,0.6484970467493905,0.6484970467493905,0.9171133186718861,-0.9171133186718861,1.8342266373437721,0.7498749374687343,1500.0,1500.0,1.2606307184868793e-10,8.568824733879192e-28,1.1020787196487277e-29,0.4205484196426811,CLEAN
-7.238654120556021e-17,1.1474810178318655,1.1474810178318655,1.9602450942631922,-1.960245094263338,3.9204901885265304,0.06238279784973122,500.0,642.8571428571421,273.55060221609574,7.503784193706782e-29,5.8775097266925694e-27,1.3167126862844538,CLEAN
-2.042810365310288e-17,0.5843833011038629,0.5843833011038629,0.826442790045443,-0.826442790045443,1.652885580090886,0.024756189047261814,100.0,99.99999999999999,2.5592824393704226e-11,1.0,6.100593170581169e-29,0.3415038426090481,CLEAN
2.3314683517128286e-17,0.39180062061225424,0.39180062061225424,0.5540897514160456,-0.5540897514160456,1.108179502832091,0.024878109763720464,200.0,200.0,1.1686525465778314e-10,1.0,4.412862879464514e-28,0.15350772631214757,CLEAN
-2.842170943040401e-17,0.9607367202752984,0.9607367202752984,1.3586868996831736,-1.3586868996831736,2.717373799366347,0.024756189047261814,100.0,100.0,2.55845046514043e-11,1.0,6.099023334466295e-29,0.9230150456853371,CLEAN
-6.319389456166391e-16,1.1923936872266756,1.1923936872266756,2.0369695354378248,-2.036969535438338,4.073939070876163,0.1873984248031004,1500.0,1928.5714285714307,820.6518066482917,5.996135239776736e-28,0.2380952380952389,1.4218027053380269,CLEAN
1.0746958878371515e-16,1.0723329854185923,1.0723329854185923,1.8318694962424071,-1.8318694962423379,3.663738992484745,0.04976244061015254,200.0,257.14285714285705,109.42024088643855,0.7619047619047622,4.89628812857917e-28,1.149898031616751,CLEAN
-1.6209256159527285e-16,0.8432950434413149,0.8432950434413149,1.4406033269690295,-1.44060332696928,2.8812066539383094,0.1248906113264158,1000.0,1285.7142857142842,547.1012044321917,3.7902990815667006e-28,0.2380952380952373,0.7111465302926893,CLEAN
-2.9753977059954197e-16,1.5242587056640722,1.524258705664072,2.6038954925909965,-2.603895492591449,5.207790985182445,0.1248906113264158,1000.0,1285.7142857142844,547.1012044321917,3.7894022766650856e-28,0.23809523809523747,2.323364601792712,CLEAN
-2.673417043297377e-16,1.3769999294922557,1.3769999294922557,2.3523329054177102,-2.352332905418119,4.704665810835829,0.1248906113264158,1000.0,1285.7142857142844,547.1012044321917,3.7913997072969604e-28,0.23809523809523744,1.896128805821677,CLEAN
1.740104659004327e-17,0.476438003728567,0.476438003728567,0.6737808123159483,-0.673780812315949,1.3475616246318973,0.04526487663280116,500.0,500.0,3.6800294196888465e-10,4.184156108716195e-29,3.068414248867575e-27,0.22699317139686198,CLEAN
-1.0632563109122156e-15,0.4725690300175202,0.4725690300175202,0.8094403827231561,-0.809440382723315,1.618880765446471,0.18133164005805516,2000.0,2571.42857142859,1094.202408864405,3.3687031164758734e-27,1.0,0.22332148813169994,CLEAN
1.7319479184152442e-17,0.6864875861279984,0.6864875861279984,0.9708400547029838,-0.9708400547029838,1.9416801094059677,0.12478119529882471,500.0,500.0,1.2482721678006747e-10,9.086132259633335e-29,2.020513685719949e-27,0.47126520590784604,CLEAN
1.9334496211159187e-17,1.2309032971370881,1.2309032971370881,1.7407490941883454,-1.7407490941883454,3.481498188376691,0.008980406386066763,100.0,100.0,7.7289341030996e-11,1.0,1.073620095789684e-28,1.5151229269029547,CLEAN
2.4980018054066023e-17,0.9908408808965605,0.9908408808965605,1.4012606119176212,-1.4012606119176212,2.8025212238352424,0.37484371092773194,1500.0,1500.0,2.0277394280052312e-10,4.835065926433967e-28,1.252001302905139e-26,0.981765651255872,CLEAN
3.730349362740526e-17,1.3701210502464922,1.3701210502464922,1.9376437713514587,-1.9376437713514587,3.8752875427029174,0.06238279784973122,500.0,500.0,2.572330350310785e-10,6.168248193210752e-29,3.041578833552219e-27,1.8772316923285506,CLEAN
3.8991234025837695e-17,1.0829323197687608,1.0829323197687608,1.531487858623231,-1.5314878586232323,3.0629757172464633,0.04526487663280116,500.0,500.0,3.6799882130511005e-10,4.187227255135464e-29,3.0683980768784276e-27,1.1727424091997496,CLEAN
4.382485807862749e-17,1.1838149918960366,1.1838149918960366,2.0276988106439875,-2.027698810644119,4.055397621288106,0.04526487663280116,500.0,642.8571428571437,273.5506022160975,6.197588314266731e-29,5.702752880759421e-27,1.401417935037813,CLEAN
-9.237055564881302e-17,0.3954284078227863,0.3954284078227863,0.5592202172910092,-0.5592202172907286,1.1184404345817378,0.49974987493746875,1000.0,1000.0,3.3650340373903155e-10,1.749648136848007e-26,5.991538226229967e-26,0.15636362571326382,CLEAN
1.7905676941154525e-15,1.402687371132757,1.402687371132757,1.9836995040254082,-1.9836995040254082,3.9673990080508164,0.49987496874218557,2000.0,2000.0,2.9095096997848425e-10,7.9196033350831e-27,1.0,1.9675318611353247,CLEAN
2.6403268586359867e-15,0.5771049632332821,0.5771049632332821,0.988151272295776,-0.9881512722959157,1.9763025445916917,0.13597605224963716,1500.0,1928.5714285714303,820.6518066482919,3.9532350220462123e-28,0.2380952380952387,0.3330501385884878,CLEAN
1.595095937420633e-17,0.4384584775362881,0.4384584775362881,0.6200699920015651,-0.6200699920015657,1.2401399840031306,0.04526487663280116,500.0,500.0,3.679727174508589e-10,4.1846038199564144e-29,3.068166216505227e-27,0.19224583652343963,CLEAN
1.3433698597964394e-17,0.5133662128806015,0.5133662128806015,0.7260094607198603,-0.7260094607198603,1.4520189214397206,0.12478119529882471,500.0,500.0,1.248309324947178e-10,9.081576639815482e-29,2.0207557606377482e-27,0.263544868527371,CLEAN
-9.592326932761352e-17,0.40091090097454546,0.4009109009745454,0.5669736334614184,-0.5669736334614184,1.1339472669228368,0.7498749374687343,1500.0,1500.0,1.2606306662256922e-10,8.568012368874837e-28,1.0928420106078564e-29,0.16072955052022175,CLEAN
-1.5987211554602253e-17,0.9755724285425942,0.9755724285425942,1.379667759522194,-1.379667759522194,2.759335519044388,0.04976244061015254,200.0,200.0,4.639925574256311e-11,1.0,2.3122047456043173e-28,0.9517415633324949,CLEAN
-4.005684672847565e-16,0.7011360910960451,0.7011360910960451,1.1977527833782575,-1.197752783378238,2.3955055667564955,0.04952476238119059,100.0,128.5714285714285,54.71012044321924,0.9523809523809528,4.8356945968811094e-33,0.49159181823744175,CLEAN
-2.415845301584341e-16,1.2194363273681719,1.2194363273681719,2.0831665546908127,-2.0831665546911746,4.166333109381988,0.1248906113264158,1000.0,1285.7142857142844,547.1012044321917,3.7912759036548874e-28,0.23809523809523742,1.4870249565051754,CLEAN
5.3290705182007515e-18,0.850526396264933,0.850526396264933,1.4568110931733917,-1.4568110931733682,2.91362218634676,0.012376547068383549,100.0,128.57142857142856,54.710120443219296,0.9523809523809526,2.1453332500948104e-28,0.7233951507434138,CLEAN
5.435651928564766e-16,0.6490491228357683,0.6490491228357683,0.9178940721621923,-0.9178940721611898,1.835788144323382,0.49987496874218557,2000.0,2000.0000000000002,1.3804517042648302e-09,6.923182705343163e-26,1.0,0.42126476385388034,CLEAN
-6.661338147750939e-16,0.8889656115626887,0.8889656115626888,1.257187224355247,-1.257187224355247,2.514374448710494,0.24990623827978498,2000.0,2000.0,7.79168435492465e-10,1.2880458875721622e-27,1.0,0.7902598585410254,CLEAN
1.3322676295501878e-17,0.818911411867948,0.818911411867948,1.402659852033446,-1.4026598520334237,2.8053197040668696,0.012376547068383549,100.0,128.57142857142856,54.71012044321929,0.9523809523809526,2.144237277216148e-28,0.670615900487556,CLEAN
-6.133466120985854e-16,0.5326112281470472,0.5326112281470472,0.9122837278143535,-0.9122837278144728,1.8245674556288263,0.09062046444121916,1000.0,1285.7142857142874,547.101204432196,5.247081212843884e-28,0.2380952380952388,0.283674720348306,CLEAN
-7.148124370067312e-16,0.6207414435944697,0.6207414435944697,1.0632376642553243,-1.0632376642554633,2.1264753285107876,0.09062046444121916,1000.0,1285.7142857142878,547.1012044321961,5.24820333009365e-28,0.23809523809523891,0.38531993979574625,CLEAN
4.241051954068098e-17,0.4352098462459195,0.4352098462459195,0.7434702211375482,-0.7434702211375199,1.4869404422750683,0.04976244061015254,200.0,257.142857142857,109.42024088643855,0.7619047619047622,4.892876736671e-28,0.18940761026939693,CLEAN
2.6201263381153693e-17,0.9883343113972073,0.9883343113972073,1.3977157873366048,-1.3977157873366048,2.7954315746732097,0.12478119529882471,500.0,500.0,1.2482243989350549e-10,9.082526384361654e-29,2.0204362026551008e-27,0.976804711084992,CLEAN
1.2345680033831742e-16,1.2593295924312797,1.2593295924312795,2.1513163331348233,-2.151316333134742,4.302632666269565,0.04976244061015254,200.0,257.1428571428571,109.42024088643856,0.7619047619047622,4.893681400135861e-28,1.5859110223731328,CLEAN
4.505541820206689e-15,0.9852822465782509,0.9852822465782509,1.6870551590338334,-1.6870551590340717,3.3741103180679053,0.13597605224963716,1500.0,1928.57142857143,820.6518066482919,3.9518646838839026e-28,0.23809523809523866,0.9707811054222852,CLEAN
-8.055778266680136e-16,1.2807919598520916,1.2807919598520916,2.1879805565900234,-2.1879805565908335,4.375961113180857,0.24990623827978498,2000.0,2571.428571428572,1094.2024088643875,6.659808816294325e-27,1.0,1.6404280444217616,CLEAN
2.0462341823476808e-17,0.5436985870205842,0.5436985870205842,0.9312747226530086,-0.931274722653069,1.8625494453060776,0.04526487663280116,500.0,642.8571428571438,273.5506022160975,6.200961636498733e-29,5.7022022371914264e-27,0.29560815352817976,CLEAN
3.447985157656722e-17,0.9402085646708893,0.9402085646708893,1.329647268884272,-1.329647268884273,2.6592945377685453,0.04526487663280116,500.0,500.0,3.6798021109981294e-10,4.1796392450139257e-29,3.068008829307463e-27,0.8839921450804938,CLEAN
5.155865656309117e-18,0.7552836413312715,0.7552836413312715,1.2936884155972508,-1.2936884155972406,2.5873768311944914,0.008980406386066763,100.0,128.57142857142856,54.71012044321931,0.9523809523809523,1.9700526788716435e-28,0.5704533788626247,CLEAN
1.304675692248846e-16,0.7210645683940541,0.7210645683940541,1.019681073590445,-1.0196810735904402,2.039362147180885,0.13597605224963716,1500.0,1500.0,8.731870883477303e-10,3.2023952503021076e-28,2.1370340362599266e-26,0.5199341117933035,CLEAN
-5.400124791776761e-16,1.0000994899241127,1.0000994899241127,1.7084728099494484,-1.708472809949576,3.4169456198990247,0.2496248124062031,500.0,642.8571428571425,273.5506022160961,5.850906393921472e-28,4.159821190554064e-31,1.0001989897464703,CLEAN
5.188089816661049e-17,1.390790981604137,1.390790981604137,1.9668629916449787,-1.9668629916449805,3.933725983289959,0.04526487663280116,500.0,500.0,3.679730852096372e-10,4.186636541027788e-29,3.0680147958241656e-27,1.9342995545113992,CLEAN
-7.443781041296287e-17,0.9427095034851105,0.9427095034851105,1.33318410803776,-1.3331841080377618,2.6663682160755218,0.09062046444121916,1000.0,1000.0,6.8776989680568e-10,4.209261817200289e-29,1.2099065723167374e-26,0.8887012079611436,CLEAN
1.567634910770721e-15,1.2260345127907353,1.226034512790735,1.7338746359261474,-1.7338746359261474,3.467749271852295,0.49987496874218557,2000.0,2000.0,2.909509699835381e-10,7.91959560533337e-27,1.0,1.503160626554015,CLEAN
5.981881656680343e-16,0.4694647642593332,0.4694647642593332,0.663923436671837,-0.663923436671837,1.327846873343674,0.49987496874218557,2000.0,2000.0000000000002,2.9095105937921525e-10,7.919613087786504e-27,1.0,0.2203971648810713,CLEAN
6.1541701440119694e-15,1.3452243782583133,1.3452243782583133,2.30336813159916,-2.3033681315994854,4.606736263198645,0.13597605224963716,1500.0,1928.57142857143,820.6518066482918,3.9524295315100183e-28,0.23809523809523866,1.8096286278604656,CLEAN
-3.164135620181696e-17,0.4645440012123833,0.4645440012123833,0.7935818416992735,-0.7935818416993328,1.5871636833986063,0.06238279784973122,500.0,642.8571428571422,273.55060221609574,7.502695100343522e-29,5.877394630290426e-27,0.21580112906241078,CLEAN
-1.936228954946273e-16,0.947799542703939,0.947799542703939,1.3403909677039478,-1.3403909677032755,2.6807819354072233,0.49974987493746875,1000.0,1000.0,3.3642716978041173e-10,1.7496258848205234e-26,5.986384058497313e-26,0.8983239731497958,CLEAN
6.572520305780926e-17,0.441023261830241,0.441023261830241,0.7539409704360717,-0.7539409704360527,1.5078819408721245,0.024878109763720464,200.0,257.14285714285705,109.42024088643859,0.7619047619047622,8.513762480030827e-28,0.1945015174753853,CLEAN
-7.931433287922118e-16,1.0659063478038573,1.0659063478038573,1.507419213283788,-1.507419213283788,3.014838426567576,0.24990623827978498,2000.0,2000.0,7.791789641681637e-10,1.2882174744320057e-27,1.0,1.1361563422885574,CLEAN
-9.900873268131101e-17,1.2586620960763308,1.2586620960763308,1.7800057150956299,-1.7800057150956323,3.5600114301912624,0.09062046444121916,1000.0,1000.0,6.878152993572892e-10,4.2143578347618443e-29,1.2099792025448963e-26,1.5842302720992625,CLEAN
-1.736388810513745e-16,0.887383603378397,0.887383603378397,1.5159199396072893,-1.5159199396075524,3.031839879214842,0.1248906113264158,1000.0,1285.7142857142846,547.1012044321917,3.79113646614865e-28,0.2380952380952375,0.7874496595448282,CLEAN
-1.135075908296584e-15,0.4435096675223188,0.4435096675223188,0.627213408071054,-0.6272134080710556,1.2544268161421095,0.18133164005805516,2000.0,2000.0,1.1460040543115586e-09,2.5619165234431612e-27,1.0,0.19670082518575774,CLEAN
-1.0906830993917538e-15,1.3861878317813636,1.3861878317813636,2.368028625093242,-2.3680286250938387,4.736057250187081,0.37484371092773194,1500.0,1880.9523809523846,688.4205854667148,1.0193214121149856e-27,0.23809523809524027,1.921516704978718,CLEAN
1.2712053631958043e-17,0.4986742708513116,0.4986742708513116,0.7052319170444394,-0.7052319170444394,1.4104638340888789,0.37484371092773194,1500.0,1500.0,2.0277584956872705e-10,4.834218325399408e-28,1.2520347949113934e-26,0.2486760284090873,CLEAN
-2.486899575160351e-16,1.0969499631850672,1.0969499631850674,1.5513215151809878,-1.5513215151809878,3.1026430303619756,0.7498749374687343,1500.0,1500.0,1.2606356614863924e-10,8.570091407735269e-28,1.118495988650588e-29,1.2032992217317209,CLEAN
-2.4424906541753446e-16,1.00886897019854,1.00886897019854,1.7234537381042911,-1.7234537381044195,3.4469074762087106,0.12478119529882471,500.0,642.8571428571422,273.55060221609585,2.258023942437132e-28,3.826300301654815e-27,1.0178165990294625,CLEAN
-3.788080960021034e-16,0.4866631244714049,0.4866631244714049,0.8181010547509572,-0.8181010547509404,1.6362021095018977,0.09954977488744372,200.0,257.1428571428567,109.42024088643825,0.7619047619047636,6.189138056039199e-32,0.23684099672027015,CLEAN
-9.552358903874846e-16,1.02658497701826,1.02658497701826,1.4518103974276957,-1.4518103974276957,2.9036207948553914,0.09954977488744372,200.0,200.0,2.5457198793671167e-11,1.0,9.369256650984628e-32,1.0538767150395814,CLEAN
-3.7836400679225334e-16,1.570618776053127,1.570618776053127,2.6830925330103534,-2.6830925330105537,5.366185066020908,0.12478119529882471,500.0,642.8571428571423,273.55060221609585,2.2558481566722663e-28,3.826286273823887e-27,2.466843339690622,CLEAN
-9.78772618509538e-16,1.3049621692657887,1.304962169265789,1.845495198159493,-1.845495198159493,3.690990396318986,0.24990623827978498,2000.0,2000.0,7.791757963657156e-10,1.2882014578250078e-27,1.0,1.7029262632148734,CLEAN
2.282618538629322e-16,1.509686294960752,1.509686294960752,2.58084878687163,-2.5808487868715653,5.161697573743195,0.024878109763720464,200.0,257.14285714285705,109.42024088643859,0.7619047619047622,8.516038459781742e-28,2.2791527091923225,CLEAN
1.723066134218243e-16,1.1990656828561053,1.1990656828561053,2.0498346069035716,-2.0498346069035196,4.099669213807092,0.024878109763720464,200.0,257.14285714285705,109.42024088643859,0.7619047619047622,8.516830520478442e-28,1.437758511803178,CLEAN
7.733798484463675e-18,0.695608178938868,0.695608178938868,0.9837322803620543,-0.9837322803620543,1.9674645607241086,0.018051523947750364,200.0,200.0,1.5269815815930497e-10,1.0,4.321952117001298e-28,0.4838707386066481,CLEAN
9.022764898540955e-18,0.9491028281253828,0.9491028281253828,1.3422255770973484,-1.3422255770973484,2.6844511541946967,0.008980406386066763,100.0,99.99999999999999,7.727992658576869e-11,1.0,1.0736232946974208e-28,0.9007961783555999,CLEAN
-4.957145804951324e-16,0.9377464813309909,0.9377464813309909,1.6019549875997618,-1.6019549876001657,3.2039099751999274,0.1873984248031004,1500.0,1928.5714285714312,820.6518066482919,5.996792663232299e-28,0.23809523809523905,0.8793684632486545,CLEAN
-1.6084689639666848e-15,1.394945139800809,1.394945139800809,2.389333316650718,-2.3893333166510304,4.778666633301748,0.09062046444121916,1000.0,1285.7142857142874,547.1012044321961,5.245688097519806e-28,0.2380952380952388,1.9458719430538984,CLEAN
1.4377388168895778e-17,0.5499657464217992,0.5499657464217992,0.7777690174303513,-0.7777690174303513,1.5555380348607026,0.37484371092773194,1500.0,1500.0,2.0277947412858418e-10,4.8366551064448075e-28,1.2520052656525014e-26,0.3024623222372867,CLEAN
-8.313350008393173e-16,1.5659285287362594,1.5659285287362592,2.6750801701469196,-2.675080170147119,5.350160340294039,0.2496248124062031,500.0,642.8571428571425,273.55060221609614,5.8499967630041515e-28,4.682409378895358e-31,2.4521321571101056,CLEAN
1.675656338300463e-17,0.4486002144989805,0.4486002144989805,0.7683853707050403,-0.7683853707050903,1.5367707414101306,0.04526487663280116,500.0,642.8571428571438,273.5506022160975,6.197288734941695e-29,5.702383024332564e-27,0.20124215244853133,CLEAN
-5.728750807065808e-16,0.6145464450213802,0.6145464450213801,0.8690999172574077,-0.8690999172574077,1.7381998345148153,0.09954977488744372,200.0,200.0,2.546030793703747e-11,1.0,9.95249892013395e-32,0.37766733308841616,CLEAN
3.399648917128824e-17,0.9009471665281128,0.9009471665281128,1.2741236193721086,-1.2741236193721097,2.548247238744218,0.04526487663280116,500.0,500.0,3.679404822426177e-10,4.185026337625577e-29,3.067726199456919e-27,0.8117057968750351,CLEAN
-1.7497114868092468e-16,0.7613818702021651,0.7613818702021652,1.0767565669848922,-1.0767565669848922,2.1535131339697844,0.7498749374687343,1500.0,1500.0,1.2606471114195005e-10,8.568227658618627e-28,1.0853009432239954e-29,0.5797023522725467,CLEAN
1.0317773342684221e-16,0.5731318337289326,0.5731318337289326,0.8104845379203317,-0.810484537920328,1.6209690758406596,0.13597605224963716,1500.0,1500.0,8.732062433856265e-10,3.2034004389084107e-28,2.137110093894619e-26,0.3284800988334889,CLEAN
-6.661338147750939e-18,0.35531483708090367,0.35531483708090367,0.5024910615122008,-0.5024910615122008,1.0049821230244016,0.04976244061015254,200.0,200.0,4.640329454368138e-11,1.0,2.3124131530625885e-28,0.12624863344982912,CLEAN
4.547473508864641e-16,0.3548612508889695,0.3548612508889695,0.5018495937678622,-0.5018495937678622,1.0036991875357244,0.49987496874218557,2000.0,2000.0,2.9095096998115475e-10,7.919591167918455e-27,1.0,0.12592650738248418,CLEAN
-2.7533531010703882e-17,0.8110447818750856,0.8110447818750856,1.1469905302196746,-1.1469905302196746,2.293981060439349,0.024756189047261814,100.0,100.00000000000001,2.5613699149240574e-11,1.0,6.110478630829646e-29,0.6577936382068051,CLEAN
3.694822225952521e-16,0.47227104103103873,0.4722710410310387,0.6678921113432379,-0.6678921113425085,1.3357842226857464,0.49987496874218557,2000.0,2000.0,1.3805146634444064e-09,6.923258224863545e-26,1.0,0.22303993619654103,CLEAN
-2.4691360067663484e-16,1.07825831759767,1.07825831759767,1.5248875364882193,-1.5248875364882193,3.0497750729764386,0.7498749374687343,1500.0,1500.0,1.2606771642772306e-10,8.571448081850815e-28,1.101624182438005e-29,1.1626409994685578,CLEAN
7.815970093361102e-17,1.3403752989066855,1.3403752989066855,1.8955769263837257,-1.8955769263837257,3.7911538527674513,0.024878109763720464,200.0,200.0,1.168453502674417e-10,1.0,4.411817442326535e-28,1.7966059419191862,CLEAN
3.179678742526448e-16,0.3848504762525901,0.3848504762525901,0.5442607630030398,-0.5442607630024454,1.0885215260054852,0.49987496874218557,2000.0,1999.9999999999998,1.38049595736508e-09,6.923237756591514e-26,1.0,0.14810988907184544,CLEAN
-4.263256414560601e-17,1.5215440808296243,1.5215440808296243,2.601119986508754,-2.6011199865087202,5.202239973017474,0.024756189047261814,100.0,128.57142857142853,54.710120443219274,0.9523809523809524,1.2002109972794486e-28,2.3150963899076666,CLEAN
-1.0524914273446483e-16,0.470893660661711,0.470893660661711,0.6659442013433049,-0.6659442013433049,1.3318884026866098,0.7498749374687343,1500.0,1500.0,1.260691128697525e-10,8.566881211061086e-28,1.0909805362952131e-29,0.22174083965138663,CLEAN
1.1102230246251565e-16,1.0967179876349173,1.0967179876349173,1.8735264650508898,-1.8735264650508188,3.7470529301017086,0.04976244061015254,200.0,257.14285714285705,109.42024088643856,0.7619047619047623,4.896614622960078e-28,1.202790344401983,CLEAN
4.6080549303262734e-17,1.2586883879310018,1.2586883879310018,1.7800428971572226,-1.7800428971572242,3.560085794314447,0.04526487663280116,500.0,500.00000000000006,3.6797640322563593e-10,4.185843813899383e-29,3.0678074663401582e-27,1.5842964579123442,CLEAN
-4.618527782440651e-17,1.1733772934678903,1.1733772934678903,1.659406082202926,-1.659406082202926,3.318812164405852,0.024756189047261814,100.0,100.0,2.556694889305606e-11,1.0,6.0901686818814e-29,1.3768142728260317,CLEAN
9.636735853746359e-17,0.9572751869436845,0.9572751869436845,1.6353159310746677,-1.635315931074606,3.2706318621492736,0.04976244061015254,200.0,257.14285714285705,109.42024088643855,0.7619047619047623,4.894408699507469e-28,0.9163757835380661,CLEAN
-1.8861606657994586e-15,0.7370203098673309,0.7370203098673309,1.0422975060542734,-1.0422975060542763,2.08459501210855,0.18133164005805516,2000.0,2000.0000000000002,1.1460054603822723e-09,2.5616731053188195e-27,1.0,0.5431989371569365,CLEAN
-3.108624468950438e-16,1.1350214355668369,1.135021435566837,1.938960354357326,-1.9389603543576632,3.8779207087149894,0.24981245311327832,1000.0,1285.7142857142853,547.1012044321927,2.096381551023333e-27,0.238095238095238,1.2882736591962036,CLEAN
-5.2402526762307386e-17,0.7910177029413409,0.7910177029413409,1.3512977971486602,-1.351297797148761,2.702595594297421,0.06238279784973122,500.0,642.8571428571421,273.55060221609574,7.49905550723982e-29,5.8772002437868344e-27,0.6257090063665954,CLEAN
-1.1013412404281553e-16,0.3737421530870516,0.3737421530870515,0.5285512217262298,-0.5285512217262298,1.0571024434524596,0.49974987493746875,1000.0,1000.0,5.565223406384071e-11,1.0379347694084753e-27,8.457503490501663e-32,0.13968319699414505,CLEAN
-6.683542608243442e-16,1.2654754853905925,1.2654754853905925,2.1618153795995405,-2.1618153796000854,4.3236307591996255,0.1873984248031004,1500.0,1928.57142857143,820.6518066482915,5.997314905728435e-28,0.2380952380952389,1.601428204124556,CLEAN
-3.019806626980426e-17,1.1266328812565793,1.1266328812565793,1.9260088102715818,-1.9260088102715562,3.852017620543138,0.024756189047261814,100.0,128.57142857142853,54.710120443219274,0.9523809523809526,1.2013847680986643e-28,1.2693016491285014,CLEAN
1.675656338300463e-17,1.2472534951224332,1.2472534951224332,2.1363595206550476,-2.1363595206550308,4.272719041310078,0.008980406386066763,100.0,128.57142857142856,54.710120443219296,0.9523809523809524,1.9716561128323044e-28,1.5556412810951257,CLEAN
4.440892098500626e-18,0.40991608998145723,0.40991608998145723,0.7021184877714656,-0.7021184877714544,1.4042369755429198,0.012376547068383549,100.0,128.57142857142856,54.71012044321929,0.9523809523809526,2.1437375253113178e-28,0.16803120082568612,CLEAN
-7.203126983768016e-16,1.1154636723210554,1.1154636723210554,1.9055497716450538,-1.9055497716457594,3.8110995432908132,0.24990623827978498,2000.0,2571.4285714285725,1094.202408864388,6.659925381247113e-27,1.0,1.2442592042679745,CLEAN
9.022764898540955e-18,1.0566042636043662,1.0566042636043662,1.8098057748030787,-1.8098057748030643,3.6196115496061427,0.008980406386066763,100.0,128.57142857142856,54.7101204432193,0.9523809523809526,1.9716135109700396e-28,1.116412569866925,CLEAN
-3.7914116290949096e-16,0.4071376204254691,0.4071376204254691,0.5757795445580077,-0.5757795445580077,1.1515590891160155,0.09954977488744372,200.0,200.0,2.5455274870421732e-11,1.0,8.678167559001796e-32,0.16576104196571334,CLEAN
-3.6504133049675145e-16,1.4212003220400775,1.4212003220400775,2.4278405620236,-2.4278405620237815,4.855681124047381,0.12478119529882471,500.0,642.8571428571423,273.55060221609585,2.2561395383252143e-28,3.827076077530195e-27,2.01981035536682,CLEAN
-3.694822225952521e-16,0.6860842698314263,0.6860842698314263,1.17203971419879,-1.1720397141988774,2.3440794283976674,0.2496248124062031,500.0,642.8571428571425,273.5506022160961,5.851919901375171e-28,5.114321799816628e-31,0.47071162531012145,CLEAN
-3.1263880373444406e-16,1.0776752906379212,1.0776752906379212,1.8409957714797638,-1.8409957714800838,3.6819915429598478,0.24981245311327832,1000.0,1285.7142857142856,547.1012044321926,2.096139124243686e-27,0.23809523809523803,1.161384032051528,CLEAN
2.033344518206908e-16,1.1233483360231244,1.1233483360231244,1.5885637535113488,-1.5885637535113417,3.1771275070226905,0.13597605224963716,1500.0,1500.0,8.732102959398683e-10,3.201422601271842e-28,2.1371493775537726e-26,1.2619114840459227,CLEAN
4.181890409671973e-15,0.9145204738981283,0.9145204738981283,1.5658929092551868,-1.565892909255408,3.1317858185105947,0.13597605224963716,1500.0,1928.5714285714298,820.6518066482918,3.9521475416643236e-28,0.23809523809523858,0.8363476971788572,CLEAN
1.804552979708191e-17,1.1978691758710829,1.1978691758710829,1.694032088226258,-1.6940320882262578,3.3880641764525157,0.008980406386066763,100.0,100.00000000000001,7.729957219066899e-11,1.0,1.0738056059679405e-28,1.4348905625020671,CLEAN
1.652011860642233e-15,1.297176523632522,1.297176523632522,1.834484632513096,-1.834484632513096,3.668969265026192,0.49987496874218557,2000.0,2000.0,2.9095096997104655e-10,7.919593697822696e-27,1.0,1.6826669334633548,CLEAN
-1.4566126083082054e-16,0.5119886089461825,0.5119886089461825,0.7240612345522262,-0.7240612345522262,1.4481224691044523,0.49974987493746875,1000.0,1000.0,5.565223316069247e-11,1.0379641766289762e-27,8.457503490500941e-32,0.262132335690647,CLEAN
-3.6237679523765107e-16,1.2646422990283408,1.2646422990283408,1.7884742908365707,-1.7884742908365707,3.5769485816731414,0.49974987493746875,1000.0,1000.0,5.565223325074566e-11,1.037965610213869e-27,8.457503490501243e-32,1.5993201444916876,CLEAN
-7.607248164731573e-16,0.9759196191772598,0.9759196191772598,1.6405616732688788,-1.6405616732688453,3.281123346537724,0.09954977488744372,200.0,257.14285714285666,109.42024088643825,0.7619047619047636,5.924319086908024e-32,0.9524191030950878,CLEAN
-6.984586756281256e-17,0.9019353683285072,0.9019353683285072,1.2755211388952983,-1.2755211388953,2.5510422777905983,0.09062046444121916,1000.0,1000.0,6.877785191826809e-10,4.210531818408819e-29,1.2098599207573317e-26,0.81348740864188,CLEAN
-6.281641873329136e-16,1.1840080166034919,1.1840080166034919,1.6744401950391272,-1.6744401950391272,3.3488803900782544,0.1873984248031004,1500.0,1499.9999999999998,6.949420275950883e-10,1.8616224816644394e-28,2.5080943257223822e-26,1.4018749833813349,CLEAN
-2.0783375020982932e-16,0.9537237816280603,0.9537237816280603,1.348769106737185,-1.3487691067365084,2.6975382134736936,0.49974987493746875,1000.0,1000.0,3.3648160559832566e-10,1.7495811058285097e-26,5.990063687717567e-26,0.9095890516429279,CLEAN
-9.769962616701377e-18,0.5703495370732056,0.5703495370732056,0.8065960506221438,-0.8065960506221438,1.6131921012442876,0.012376547068383549,100.0,100.0,5.922304595560052e-11,1.0,1.1112252059904531e-28,0.32529859443961995,CLEAN
-6.736833313425449e-16,0.8633294584946942,0.8633294584946942,1.451292906893713,-1.4512929068936835,2.9025858137873968,0.09954977488744372,200.0,257.14285714285666,109.42024088643825,0.7619047619047636,6.752743829157883e-32,0.745337753904742,CLEAN
-1.9756632711769497e-15,0.7721215955479926,0.7721215955479926,1.0919379054224239,-1.0919379054224267,2.1838758108448504,0.18133164005805516,2000.0,1999.9999999999998,1.1460126521740222e-09,2.561907047119977e-27,1.0,0.5961717583115779,CLEAN
-1.7497114868092468e-16,0.9022081882139986,0.9022081882139986,1.541244820147262,-1.5412448201475295,3.0824896402947912,0.1248906113264158,1000.0,1285.7142857142846,547.1012044321916,3.791122982018513e-28,0.2380952380952374,0.813979614880386,CLEAN
-6.306066779870889e-16,0.8495607855179993,0.8495607855179992,1.2014603849398946,-1.2014603849398946,2.402920769879789,0.24990623827978498,2000.0,2000.0,7.791694647241519e-10,1.2881184448161124e-27,1.0,0.7217535282899599,CLEAN
1.2434497875801754e-17,0.4926151594602919,0.4926151594602919,0.6966630395393298,-0.6966630395393298,1.3933260790786597,0.12478119529882471,500.0,500.0,1.2482010379271257e-10,9.081392929743271e-29,2.020541878370133e-27,0.24266969533008878,CLEAN
-6.368239269249898e-16,0.8175589120078179,0.8175589120078179,1.3966382202667869,-1.396638220267139,2.793276440533926,0.37484371092773194,1500.0,1880.9523809523846,688.4205854667147,1.0193591589025014e-27,0.23809523809524022,0.6684025746034069,CLEAN
-2.255973186038318e-16,1.1527656698220057,1.1527656698220057,1.6302568445003869,-1.6302568445003869,3.2605136890007738,0.04952476238119059,100.0,100.0,1.3352125276085776e-11,1.0,2.2551262767387076e-33,1.3288686895201776,CLEAN
-1.1546319456101627e-17,0.5679001911992243,0.5679001911992243,0.8031321524682169,-0.8031321524682169,1.6062643049364338,0.04976244061015254,200.0,200.00000000000003,4.641106317587149e-11,1.0,2.313255817834577e-28,0.3225106271641155,CLEAN
-8.881784197001253e-18,0.6287308956999134,0.6287308956999134,0.8891597597818013,-0.8891597597818013,1.7783195195636026,0.012376547068383549,100.0,100.0,5.920917555443696e-11,1.0,1.1105282005241098e-28,0.39530253920761527,CLEAN
-8.668621376273222e-16,1.570768329016976,1.570768329016976,2.683348014764876,-2.6833480147650763,5.366696029529953,0.2496248124062031,500.0,642.8571428571424,273.55060221609614,5.849092555351548e-28,4.045695367575211e-31,2.467313143442783,CLEAN
7.94475596421762e-16,0.6213025098910598,0.6213025098910598,0.8786544358243809,-0.8786544358243809,1.7573088716487617,0.49987496874218557,2000.0,2000.0,2.909509698775991e-10,7.919598391168032e-27,1.0,0.38601680879693057,CLEAN
3.2751579226442116e-17,1.2834456154211884,1.2834456154211884,1.815066195896929,-1.815066195896929,3.630132391793858,0.37484371092773194,1500.0,1499.9999999999998,2.0277342692748282e-10,4.833170389927138e-28,1.2519354826822088e-26,1.6472326477438728,CLEAN
-1.8005249596641995e-15,1.5630725933899043,1.5630725933899041,2.6773106104111273,-2.677310610411477,5.3546212208226045,0.09062046444121916,1000.0,1285.7142857142876,547.1012044321961,5.2464851490623275e-28,0.23809523809523883,2.4431959322066406,CLEAN
-2.7533531010703882e-17,0.6764889088665482,0.6764889088665482,0.9566997897140493,-0.9566997897140493,1.9133995794280987,0.024756189047261814,100.0,100.0,2.5565969872029426e-11,1.0,6.093340802571505e-29,0.45763724381945303,CLEAN
-2.6698643296185763e-15,1.1544907069143975,1.1544907069143975,1.9722197661078829,-1.97221976610838,3.944439532216263,0.7498749374687343,1500.0,1357.1428571428557,273.5506022160987,4.790068760356672e-27,4.352288630943521e-30,1.3328487923517052,CLEAN
-9.769962616701377e-18,0.6221713855747671,0.6221713855747671,0.879883211600296,-0.879883211600296,1.759766423200592,0.012376547068383549,100.0,100.0,5.921547465385129e-11,1.0,1.1108862243787067e-28,0.38709723302802557,CLEAN
5.059193175253321e-17,1.2983306435611979,1.2983306435611979,2.22384707052509,-2.223847070525234,4.447694141050324,0.04526487663280116,500.0,642.8571428571437,273.55060221609745,6.203313474066893e-29,5.702088269321876e-27,1.685662460010034,CLEAN
2.9323985920258106e-17,0.7829669267078346,0.7829669267078346,1.1072754225422319,-1.107275422542233,2.2145508450844646,0.04526487663280116,500.0,500.0,3.679400883245917e-10,4.185636932873177e-29,3.0677362131389086e-27,0.6130372083183118,CLEAN
2.5779328281545586e-18,1.3522061561184824,1.3522061561184824,1.912296154290827,-1.9122961542908268,3.8245923085816536,0.008980406386066763,100.0,100.0,7.72847548759561e-11,1.0,1.0733657544453913e-28,1.8284614886447217,CLEAN
-1.0613732115416496e-16,0.460039053354147,0.460039053354147,0.6505934684747139,-0.6505934684747139,1.3011869369494278,0.7498749374687343,1500.0,1500.0,1.2606365160914909e-10,8.569603075203055e-28,1.064121926088976e-29,0.2116359306109797,CLEAN
-6.323991469066651e-17,0.792208423659134,0.792208423659134,1.1203447899607217,-1.1203447899607233,2.240689579921445,0.09062046444121916,1000.0,1000.0,6.877842321707424e-10,4.209881528537385e-29,1.2098811624513142e-26,0.6275941865164899,CLEAN
-9.889866703360894e-16,1.268092852803056,1.268092852803056,2.13171709183256,-2.1317170918325163,4.263434183665076,0.09954977488744372,200.0,257.14285714285666,109.42024088643825,0.7619047619047636,5.677231555420006e-32,1.6080594833301929,CLEAN
1.661961070150892e-16,0.9166052609879732,0.9166052609879732,1.2962015851985293,-1.2962015851985238,2.592403170397053,0.13597605224963716,1500.0,1500.0,8.732012457396216e-10,3.20150509396552e-28,2.1370759102076667e-26,0.8401652044708305,CLEAN
-8.881784197001253e-18,0.5245891525979897,0.5245891525979897,0.7418810942778862,-0.7418810942778862,1.4837621885557724,0.04976244061015254,200.0,200.0,4.640332200650798e-11,1.0,2.312777968889052e-28,0.27519377902347686,CLEAN
-5.155865656309117e-18,1.0340769353397004,1.0340769353397004,1.771219815812909,-1.7712198158128947,3.542439631625804,0.008980406386066763,100.0,128.57142857142858,54.7101204432193,0.9523809523809523,1.9712686490835928e-28,1.0693151082015468,CLEAN
-5.933031843596837e-16,0.922669712045507,0.922669712045507,1.304852020365634,-1.304852020365634,2.609704040731268,0.24981245311327832,1000.0,1000.0,1.916407934832418e-10,6.530427727638753e-28,8.744351116312586e-27,0.8513193975261388,CLEAN
-1.269651050961329e-15,1.3635667377794418,1.3635667377794418,1.928374573768525,-1.928374573768525,3.85674914753705,0.09954977488744372,200.0,200.0,2.5456914103589506e-11,1.0,8.505999987282314e-32,1.8593142483784693,CLEAN
-1.3582080786334931e-15,0.6038149177806915,0.6038149177806915,1.0342450459020427,-1.0342450459022456,2.0684900918042883,0.18133164005805516,2000.0,2571.42857142859,1094.2024088644048,3.368783150982742e-27,1.0,0.36459245493450326,CLEAN
-7.549516567451065e-17,0.3854310852648756,0.38543108526487563,0.5450818681417682,-0.5450818681417682,1.0901637362835364,0.04952476238119059,100.0,100.0,1.3351662493854684e-11,1.0,2.3491523504831323e-33,0.14855712148845981,CLEAN
-1.616484723854228e-16,0.6945906285718043,0.6945906285718042,0.9822994872234976,-0.9822994872234976,1.9645989744469952,0.7498749374687343,1500.0,1500.0,1.2606611995821574e-10,8.568113668045349e-28,1.0879088258184277e-29,0.4824561412997741,CLEAN
1.1723955140041654e-15,0.9177037836076921,0.917703783607692,1.2978291370191022,-1.2978291370191022,2.5956582740382044,0.49987496874218557,2000.0,2000.0,2.9095096993699504e-10,7.919585416156017e-27,1.0,0.8421802344478736,CLEAN
-3.1264685977453207e-15,1.221499955181494,1.221499955181494,1.7274508448217083,-1.727450844821713,3.454901689643421,0.18133164005805516,2000.0,2000.0,1.1459893127725962e-09,2.562025988192644e-27,1.0,1.492062140508392,CLEAN
1.7017498521454399e-15,1.3300669979815327,1.3300669979815327,1.8809987874103518,-1.8809987874103518,3.7619975748207035,0.49987496874218557,2000.0,2000.0,2.9095096997567297e-10,7.91959200818149e-27,1.0,1.7690782191196068,CLEAN
8.881784197001253e-18,0.8211143143238284,0.8211143143238284,1.4064330597187087,-1.4064330597186863,2.8128661194373947,0.012376547068383549,100.0,128.57142857142853,54.71012044321928,0.9523809523809526,2.1445079082312617e-28,0.6742287171874909,CLEAN
2.3092638912203255e-17,1.3694235058805138,1.3694235058805138,2.345596048964604,-2.345596048964566,4.69119209792917,0.012376547068383549,100.0,128.57142857142853,54.710120443219296,0.9523809523809524,2.14417674837478e-28,1.8753207384580772,CLEAN
-2.1653789872289055e-15,0.9372644896115315,0.9372644896115315,1.60113159977124,-1.6011315997716438,3.202263199542884,0.7498749374687343,1500.0,1357.1428571428553,273.5506022160987,4.791337739732633e-27,4.205577883249806e-30,0.8784647234867647,CLEAN
-4.014566457044566e-16,0.7463744137542886,0.7463744137542886,1.2750335389511303,-1.2750335389512253,2.5500670779023555,0.2496248124062031,500.0,642.8571428571427,273.55060221609614,5.849550665926381e-28,4.318622821467678e-31,0.5570747655070579,CLEAN
-1.4432899320127036e-16,0.5618357329437823,0.5618357329437823,0.959785584397516,-0.9597855843975875,1.9195711687951036,0.12478119529882471,500.0,642.8571428571423,273.5506022160959,2.2577015151540637e-28,3.826520351224708e-27,0.3156593908124771,CLEAN
3.819167204710538e-17,1.3313255687303194,1.3313255687303194,1.8827786752324926,-1.8827786752324926,3.7655573504649853,0.06238279784973122,500.0,500.0,2.5723706981602036e-10,6.16492014770189e-29,3.0415298354952634e-27,1.7724277699551085,CLEAN
-7.529532553007812e-16,0.9653461392162895,0.9653461392162895,1.6491035618526289,-1.6491035618530443,3.298207123705673,0.37484371092773194,1500.0,1880.9523809523846,688.4205854667148,1.0194983093933241e-27,0.23809523809524027,0.9318931684997959,CLEAN
-1.7763568394002505e-17,1.3612453544189542,1.3612453544189542,1.9250916419366557,-1.9250916419366557,3.8501832838733114,0.012376547068383549,100.0,100.0,5.923168251694766e-11,1.0,1.1115498001353415e-28,1.8529889149271843,CLEAN
1.7852386235972518e-16,1.2290247519678463,1.2290247519678463,2.1010504306352495,-2.1010504306351967,4.202100861270447,0.024878109763720464,200.0,257.14285714285705,109.4202408864386,0.7619047619047622,8.515022813856542e-28,1.510501840949626,CLEAN
-3.0375701953744285e-16,1.3001795368484106,1.3001795368484106,1.8387315345309894,-1.8387315345309894,3.6774630690619787,0.7498749374687343,1500.0,1500.0,1.2606303667596258e-10,8.57011983970412e-28,1.099549281867225e-29,1.6904668280393476,CLEAN
1.1706191571647651e-15,0.9172028552881759,0.917202855288176,1.2971207173958657,-1.2971207173958657,2.5942414347917313,0.49987496874218557,2000.0,2000.0,2.909509700807848e-10,7.919598489559098e-27,1.0,0.8412610777487827,CLEAN
-2.1449508835758024e-16,0.8501947892678925,0.8501947892678925,1.4523901824358634,-1.452390182435972,2.9047803648718356,0.12478119529882471,500.0,642.8571428571423,273.55060221609585,2.256828218892063e-28,3.826751772360192e-27,0.7228311796982761,CLEAN
-2.6645352591003756e-16,1.087734319624599,1.087734319624599,1.8581796393761816,-1.8581796393763206,3.716359278752502,0.12478119529882471,500.0,642.8571428571423,273.5506022160959,2.2571213072309535e-28,3.826318253187738e-27,1.1831659500891891,CLEAN
-4.820033261410117e-16,0.9145552269029379,0.9145552269029379,1.5623373015413897,-1.5623373015417836,3.1246746030831734,0.1873984248031004,1500.0,1928.5714285714303,820.6518066482915,5.9976935812692435e-28,0.2380952380952388,0.8364112630554843,CLEAN
1.7319479184152442e-17,0.7864689124322595,0.7864689124322595,1.1122350023465195,-1.1122350023465195,2.224470004693039,0.12478119529882471,500.0,499.99999999999994,1.2483018735075915e-10,9.083646627708758e-29,2.0206590745769614e-27,0.618533350222381,CLEAN
-2.602362769721367e-16,1.061533367139415,1.061533367139415,1.5012348847201369,-1.5012348847201369,3.0024697694402738,0.7498749374687343,1500.0,1500.0,1.2606505286823325e-10,8.56783561759455e-28,1.0824274630121577e-29,1.126853089550344,CLEAN
-8.049116928532385e-17,0.4290652699245982,0.4290652699245982,0.7329734238895185,-0.7329734238896459,1.4659468477791644,0.1248906113264158,1000.0,1285.7142857142844,547.1012044321917,3.791196460791848e-28,0.23809523809523747,0.18409700585546832,CLEAN
-8.313350008393173e-16,1.4508317565158015,1.4508317565158015,2.4784600260184346,-2.478460026018394,4.956920052036828,0.04952476238119059,100.0,128.57142857142853,54.710120443219246,0.9523809523809528,4.385596493276942e-33,2.104912785714726,CLEAN
2.571447715883732e-15,0.5622400658815245,0.5622400658815245,0.9626987668305828,-0.9626987668307188,1.9253975336613016,0.13597605224963716,1500.0,1928.5714285714303,820.6518066482918,3.95266711183329e-28,0.2380952380952386,0.31611389168246107,CLEAN
-9.952039192739904e-16,1.069219572810882,1.069219572810882,1.5121048210239167,-1.5121048210239167,3.0242096420478335,0.09954977488744372,200.0,200.0,2.5459413059508316e-11,1.0,8.820642302997844e-32,1.143230494881885,CLEAN
1.5454304502782178e-16,1.0637476055677628,1.0637476055677628,1.8185047625662758,-1.8185047625662296,3.6370095251325054,0.024878109763720464,200.0,257.14285714285705,109.42024088643859,0.7619047619047622,8.515837211873521e-28,1.1315589683511489,CLEAN
-8.233272969918622e-16,0.7150366443420689,0.7150366443420689,1.2247513025469912,-1.2247513025471513,2.4495026050941426,0.09062046444121916,1000.0,1285.7142857142878,547.1012044321961,5.246229711887897e-28,0.2380952380952388,0.5112774027519663,CLEAN
-1.2945200467129325e-15,1.3888938971435008,1.3888938971435008,1.9641925860375617,-1.9641925860375617,3.9283851720751235,0.09954977488744372,200.0,200.0,2.5458007997471964e-11,1.0,9.09515828939722e-32,1.9290262575224613,CLEAN
4.4408920985006264e-17,0.7778826327730469,0.7778826327730469,1.100092169202133,-1.100092169202133,2.200184338404266,0.1248906113264158,1000.0,999.9999999999999,4.668281813254119e-10,7.832936012700519e-29,1.2101650770719236e-26,0.605101390369927,CLEAN
-1.0870820494724253e-15,0.9444985558320671,0.9444985558320671,1.6177853899690242,-1.6177853899692352,3.2355707799382594,0.09062046444121916,1000.0,1285.7142857142876,547.1012044321963,5.252504464470346e-28,0.23809523809523886,0.8920775219688604,CLEAN
9.667248105579594e-18,0.9311341922448682,0.9311341922448682,1.3168142497367374,-1.3168142497367374,2.633628499473475,0.018051523947750364,200.0,199.99999999999997,1.5275398545932847e-10,1.0,4.3242186868497e-28,0.8670108839675031,CLEAN
-4.565237077258644e-16,0.7079319043993213,0.7079319043993214,1.0011669004381334,-1.0011669004381334,2.002333800876267,0.24981245311327832,1000.0,1000.0,1.9164256619373112e-10,6.529353703392129e-28,8.744403963002258e-27,0.5011675812664499,CLEAN
-3.2169379279333696e-15,1.4298007213360726,1.4298007213360726,2.4490357378121193,-2.4490357378126,4.89807147562472,0.18133164005805516,2000.0,2571.4285714285907,1094.2024088644048,3.368884821107548e-27,1.0,2.0443301027331535,CLEAN
-3.4283687000424835e-16,1.1646054645942443,1.1646054645942443,1.6470008428429994,-1.6470008428429994,3.294001685685999,0.49974987493746875,1000.0,999.9999999999999,5.565234970189132e-11,1.0379842089956128e-27,8.457503490501183e-32,1.3563058881627756,CLEAN
-3.943512183468556e-16,0.6083518339195024,0.6083518339195024,0.8603394142235048,-0.8603394142235048,1.7206788284470096,0.24981245311327832,1000.0,1000.0,1.9164210680841184e-10,6.529687343742251e-28,8.744482341266427e-27,0.37009195383322185,CLEAN
3.7747582837255325e-17,0.6270005027144555,0.6270005027144555,0.8867126145535316,-0.8867126145535316,1.7734252291070631,0.024878109763720464,200.0,200.0,1.168567376431732e-10,1.0,4.412940888624598e-28,0.39312963040418,CLEAN
-2.3092638912203255e-17,1.219111505504288,1.219111505504288,1.7240840251292466,-1.7240840251292466,3.4481680502584933,0.04976244061015254,200.0,200.0,4.639236232671493e-11,1.0,2.311884293651282e-28,1.4862328628529318,CLEAN
2.0872192862952943e-17,0.36151580129247834,0.36151580129247834,0.5112605491999997,-0.5112605491999997,1.0225210983999995,0.024878109763720464,200.0,200.0,1.1683694377418357e-10,1.0,4.411177591902706e-28,0.1306936745841427,CLEAN
3.866899242231838e-18,0.5731353251143656,0.5731353251143656,0.9816954718668548,-0.9816954718668469,1.9633909437337018,0.008980406386066763,100.0,128.57142857142856,54.7101204432193,0.9523809523809524,1.9713677532314587e-28,0.3284841008939495,CLEAN
-1.1546319456101627e-17,0.7672772444735799,0.7672772444735799,1.0850938852347938,-1.0850938852347938,2.1701877704695876,0.012376547068383549,100.0,100.0,5.923679411776187e-11,1.0,1.111139651620278e-28,0.5887143698869697,CLEAN
-1.9806378759312793e-16,0.8020008639409223,0.8020008639409223,1.1342004988201904,-1.1342004988201904,2.2684009976403807,0.7498749374687343,1500.0,1500.0,1.2606567571993068e-10,8.568622442167076e-28,1.0809317085797634e-29,0.6432053857619858,CLEAN
-3.593235560443055e-15,1.5968802028470481,1.5968802028470481,2.7352180114461246,-2.7352180114466615,5.470436022892786,0.18133164005805516,2000.0,2571.4285714285907,1094.202408864405,3.368330243195732e-27,1.0,2.55002638224483,CLEAN
-3.801403636316536e-16,0.7339019443103941,0.7339019443103941,1.2537267838407604,-1.2537267838408537,2.507453567681614,0.2496248124062031,500.0,642.8571428571425,273.55060221609614,5.8500982877628205e-28,4.521479181713762e-31,0.5386120638625768,CLEAN
-8.171241461241152e-17,0.3541370384242828,0.3541370384242828,0.5008254026786436,-0.5008254026783925,1.001650805357036,0.49974987493746875,1000.0,1000.0,3.3645815491137343e-10,1.749760237917098e-26,5.988497609235655e-26,0.12541304198392195,CLEAN
-1.8385293287792591e-16,0.9392339517732405,0.9392339517732404,1.328277392838995,-1.328277392838995,2.65655478567799,0.04952476238119059,100.0,100.0,1.335574222623327e-11,1.0,2.3194643027488744e-33,0.8821604161635778,CLEAN
2.6201263381153693e-17,1.045832214918108,1.045832214918108,1.4790301023038828,-1.4790301023038828,2.9580602046077655,0.37484371092773194,1500.0,1500.0,2.0277867875482226e-10,4.834924209207734e-28,1.2520026004007128e-26,1.0937650217605157,CLEAN
1.2889664140772793e-18,0.5207264056477179,0.5207264056477179,0.8919267965272633,-0.8919267965272561,1.7838535930545194,0.008980406386066763,100.0,128.57142857142856,54.7101204432193,0.9523809523809524,1.9706080457403527e-28,0.2711559895387916,CLEAN
-1.509903313490213e-16,0.6911895115779212,0.6911895115779213,0.9774895814435305,-0.9774895814435305,1.954979162887061,0.7498749374687343,1500.0,1500.0,1.260667681577323e-10,8.567276097853985e-28,1.0793437993065365e-29,0.4777429409153254,CLEAN
-2.042810365310288e-17,1.0665974976961963,1.0665974976961963,1.5083966468351673,-1.5083966468351673,3.0167932936703346,0.04976244061015254,200.0,200.0,4.640834901208131e-11,1.0,2.3130104965749537e-28,1.1376302220917875,CLEAN
-1.1040057756872558e-15,1.4161877507459022,1.4161877507459022,2.4192775721909894,-2.4192775721915996,4.838555144382589,0.37484371092773194,1500.0,1880.9523809523848,688.4205854667148,1.0194751835604678e-27,0.23809523809524025,2.0055877453627375,CLEAN
3.064215547965432e-17,1.1477977673872315,1.1477977673872315,1.6232311695005823,-1.6232311695005823,3.2464623390011647,0.12478119529882471,500.0,500.0,1.2482250105492942e-10,9.087265394893795e-29,2.0206077256835142e-27,1.3174397148191133,CLEAN
-8.242295734817163e-16,1.4902030073847894,1.4902030073847894,2.5457180461265887,-2.5457180461267788,5.0914360922533675,0.2496248124062031,500.0,642.8571428571425,273.55060221609614,5.853051761842725e-28,4.635927737217725e-31,2.220705003218671,CLEAN
-1.3215933764336104e-15,0.516391797188308,0.516391797188308,0.7302836504643184,-0.7302836504643204,1.4605673009286388,0.18133164005805516,2000.0,2000.0,1.146033677078611e-09,2.562867767140296e-27,1.0,0.26666048820337057,CLEAN
-1.199040866595169e-17,0.40956377983550923,0.40956377983550923,0.5792106521001655,-0.5792106521001655,1.158421304200331,0.024756189047261814,100.0,100.00000000000001,2.5616276257498827e-11,1.0,6.111800513939083e-29,0.16774248975314948,CLEAN
2.4069635173873395e-16,0.29287878088927066,0.29287878088927066,0.41419314406557595,-0.41419314406512353,0.8283862881306995,0.49987496874218557,2000.0,1999.9999999999998,1.3804659688460979e-09,6.923143174279209e-26,1.0,0.08577798029518542,CLEAN
-2.8210767055725227e-16,0.5317451995050342,0.5317451995050342,0.7520012728668066,-0.7520012728668066,1.5040025457336132,0.1873984248031004,1500.0,1500.0,6.949416818394471e-10,1.8615124260123524e-28,2.5080777868850412e-26,0.2827529571966486,CLEAN
-1.0827317878249146e-16,1.0599353884067664,1.0599353884067664,1.81551149558398,-1.8155114955839067,3.6310229911678866,0.018051523947750364,200.0,257.14285714285717,109.4202408864386,0.7619047619047621,8.174785870709522e-28,1.1234630275970026,CLEAN
-5.080380560684716e-16,0.8843961239146274,0.8843961239146273,1.510816419921793,-1.5108164199217684,3.0216328398435612,0.04952476238119059,100.0,128.5714285714285,54.710120443219225,0.9523809523809528,6.085086391898493e-33,0.7821565039952169,CLEAN
1.0391687510491466e-16,1.0176933187896204,1.0176933187896204,1.7385283979608912,-1.7385283979608255,3.4770567959217167,0.04976244061015254,200.0,257.14285714285705,109.42024088643855,0.7619047619047622,4.895009526766875e-28,1.035699691109032,CLEAN
-5.706546346573305e-17,0.8521011619248209,0.8521011619248209,1.4556468442808177,-1.4556468442809265,2.911293688561744,0.06238279784973122,500.0,642.8571428571422,273.55060221609574,7.498628716357148e-29,5.877589984206974e-27,0.7260763901536298,CLEAN
-7.105427357601002e-17,0.35975764557403006,0.35975764557403006,0.5087741415385936,-0.5087741415383382,1.0175482830769318,0.49974987493746875,1000.0,1000.0,3.364194573095556e-10,1.7496657295733326e-26,5.985869032050171e-26,0.12942556354896942,CLEAN
-9.325873406851316e-18,0.5395364515529828,0.5395364515529828,0.7630197671808828,-0.7630197671808828,1.5260395343617656,0.04976244061015254,200.0,200.0,4.6414146804294845e-11,1.0,2.3131723870651933e-28,0.2910995825543841,CLEAN
-4.448663659673002e-16,0.5717770278961211,0.5717770278961211,0.9767683269075967,-0.9767683269078431,1.9535366538154397,0.37484371092773194,1500.0,1880.9523809523848,688.4205854667149,1.0193752785538535e-27,0.23809523809524027,0.3269289696297216,CLEAN
-4.902744876744692e-16,0.882496447187668,0.882496447187668,1.5075711967531606,-1.5075711967532732,3.0151423935064336,0.2496248124062031,500.0,642.8571428571425,273.55060221609614,5.85151308020753e-28,5.17166597082591e-31,0.7787999792988565,CLEAN
-1.436835029892207e-15,0.6387183255794526,0.6387183255794526,1.0940293863314696,-1.0940293863316843,2.1880587726631537,0.18133164005805516,2000.0,2571.4285714285907,1094.202408864405,3.368611362407335e-27,1.0,0.40796109943101966,CLEAN
-4.138911435802584e-16,0.6601728319523643,0.6601728319523644,0.9336253724572876,-0.9336253724572876,1.8672507449145752,0.24981245311327832,1000.0,1000.0,1.916344790055968e-10,6.530740450612526e-28,8.743906291283332e-27,0.43582816804800484,CLEAN
-7.458478279431802e-16,1.4118458767148785,1.4118458767148785,2.411860336404988,-2.411860336405596,4.823720672810584,0.1873984248031004,1500.0,1928.5714285714303,820.6518066482917,5.996481427818938e-28,0.2380952380952389,1.9933087795968036,CLEAN
-1.1546319456101627e-17,0.4060127274946485,0.4060127274946485,0.5741887057190236,-0.5741887057190236,1.1483774114380472,0.024756189047261814,100.0,99.99999999999999,2.5622896695879855e-11,1.0,6.115560576109979e-29,0.16484633488764372,CLEAN
-5.133671265866723e-16,0.7976052280812593,0.7976052280812593,1.1279841309722025,-1.1279841309722025,2.255968261944405,0.24981245311327832,1000.0,1000.0,1.9163517792155447e-10,6.528497262134193e-28,8.74383006447134e-27,0.6361740998625578,CLEAN
-2.531308496145357e-15,1.0870102643305506,1.0870102643305506,1.856942733653226,-1.856942733653694,3.71388546730692,0.7498749374687343,1500.0,1357.1428571428555,273.55060221609875,4.789787115946879e-27,4.036437020464735e-30,1.1815913147599735,CLEAN
-2.6645352591003756e-17,0.7875107929327162,0.7875107929327162,1.346270600304755,-1.3462706003047373,2.6925412006094924,0.024756189047261814,100.0,128.57142857142853,54.71012044321927,0.9523809523809526,1.200390497770664e-28,0.6201732489855154,CLEAN
-2.2429280654989724e-16,0.42364097779811405,0.42364097779811405,0.5991188163790923,-0.5991188163790923,1.1982376327581845,0.1873984248031004,1500.0,1499.9999999999998,6.949472707411367e-10,1.8617029342612577e-28,2.5081314237445338e-26,0.17947167806974215,CLEAN
-6.927791673660977e-16,1.1903793284493176,1.1903793284493174,2.0335284005952867,-2.0335284005954386,4.067056801190725,0.2496248124062031,500.0,642.8571428571425,273.55060221609614,5.850022967527475e-28,3.8205976139967237e-31,1.417002945599448,CLEAN
-2.194827841770527e-15,0.976108029027749,0.976108029027749,1.6719277108914101,-1.6719277108917383,3.3438554217831484,0.18133164005805516,2000.0,2571.42857142859,1094.202408864405,3.3690370456659165e-27,1.0,0.9527868843324369,CLEAN
2.1590187435794426e-17,0.5817844163242559,0.5817844163242559,0.8227621926798306,-0.8227621926798313,1.645524385359662,0.04526487663280116,500.0,500.0,3.680133598018906e-10,4.1857877739209355e-29,3.0682131574266005e-27,0.3384731070777552,CLEAN
1.225686219186173e-16,1.2307659831969657,1.2307659831969657,2.102521038044183,-2.1025210380441037,4.2050420760882865,0.04976244061015254,200.0,257.14285714285705,109.42024088643855,0.7619047619047622,4.891661090937157e-28,1.514784905394794,CLEAN
-3.481659405224491e-16,0.8019305440014559,0.8019305440014559,1.1341010514080934,-1.1341010514080934,2.2682021028161867,0.2496248124062031,500.0,500.0,4.2607628409481276e-11,4.770248595439225e-28,4.515788414540959e-32,0.643092597402471,CLEAN
-2.486899575160351e-16,1.2660201238093234,1.2660201238093234,1.7904228293284112,-1.7904228293284112,3.5808456586568225,0.04952476238119059,100.0,100.0,1.334888632354743e-11,1.0,2.65610871831877e-33,1.6028069538901746,CLEAN
-1.2434497875801754e-17,0.7326011168458524,0.7326011168458524,1.0360544352530812,-1.0360544352530812,2.0721088705061623,0.04976244061015254,200.0,200.0,4.640615211072895e-11,1.0,2.3131077470488783e-28,0.5367043964037903,CLEAN
-4.475130268874554e-17,0.571402699004399,0.571402699004399,0.808080320381092,-0.8080803203810931,1.6161606407621851,0.09062046444121916,1000.0,999.9999999999999,6.877820261257018e-10,4.212227432233253e-29,1.2099006024031064e-26,0.3265010444295118,CLEAN
8.426617932030213e-17,0.4674714286599769,0.4674714286599769,0.661066691032263,-0.6610666910322601,1.3221333820645231,0.13597605224963716,1500.0,1500.0,8.732091421840533e-10,3.2017403819183703e-28,2.1371063271056397e-26,0.21852953661339983,CLEAN
-1.589839371263224e-16,0.5532555243309832,0.5532555243309832,0.9451279895619046,-0.9451279895620688,1.8902559791239733,0.24981245311327832,1000.0,1285.7142857142856,547.1012044321928,2.0959807404849772e-27,0.2380952380952381,0.30609167520275116,CLEAN
-2.5779328281545586e-18,1.044282893603514,1.044282893603514,1.7887011026480009,-1.7887011026479864,3.5774022052959875,0.008980406386066763,100.0,128.57142857142856,54.710120443219296,0.9523809523809524,1.9710312665108446e-28,1.090526761872928,CLEAN
-2.3092638912203255e-17,0.7791591564361404,0.7791591564361404,1.10189744627917,-1.10189744627917,2.20379489255834,0.024756189047261814,100.0,100.0,2.563001396982032e-11,1.0,6.113508138007858e-29,0.607088991058278,CLEAN
0.0,1.3846802812341839,1.3846802812341839,2.3717511423670747,-2.371751142367055,4.74350228473413,0.008980406386066763,100.0,128.57142857142856,54.710120443219296,0.9523809523809524,1.9703213268787825e-28,1.9173394812387783,CLEAN
-2.2586316792673524e-15,0.8824404980393196,0.8824404980393197,1.2479514038266304,-1.2479514038266337,2.4959028076532643,0.18133164005805516,2000.0,2000.0,1.1459778765600884e-09,2.562118599738566e-27,1.0,0.7787012325798826,CLEAN
-1.9831956686592137e-15,0.7751923514245512,0.7751923514245512,1.0962805824816417,-1.0962805824816446,2.192561164963286,0.18133164005805516,2000.0,2000.0,1.1460098789654164e-09,2.5616843257016774e-27,1.0,0.6009231817071249,CLEAN
-2.1316282072803006e-17,0.7952099224181954,0.7952099224181954,1.3594324664877442,-1.3594324664877262,2.71886493297547,0.024756189047261814,100.0,128.57142857142856,54.710120443219274,0.9523809523809527,1.1990250537348736e-28,0.6323588207123524,CLEAN
-1.3855583347321954e-16,0.7339751148699348,0.7339751148699348,1.0379975618942021,-1.0379975618936812,2.0759951237878833,0.49974987493746875,1000.0,1000.0,3.365301427605417e-10,1.749695576670383e-26,5.993111359854737e-26,0.538719469248334,CLEAN
2.2204460492503132e-17,0.8112484111705603,0.8112484111705603,1.147278505531032,-1.147278505531032,2.294557011062064,0.06238279784973122,500.0,500.0,2.5723189406169224e-10,6.169896879686878e-29,3.0416111134051596e-27,0.6581239846267586,CLEAN
4.026287995372581e-15,0.8807634195588593,0.8807634195588593,1.508092199991797,-1.5080921999920098,3.016184399983807,0.13597605224963716,1500.0,1928.57142857143,820.6518066482917,3.954436057637113e-28,0.23809523809523864,0.7757442012330152,CLEAN
2.5757174171303633e-17,0.955938608999199,0.955938608999199,1.351901345642739,-1.351901345642739,2.703802691285478,0.12478119529882471,500.0,500.0,1.248208856218896e-10,9.081258231004725e-29,2.020306719272089e-27,0.9138186241753236,CLEAN
-5.1292303737682235e-17,0.7947602241640708,0.7947602241640708,1.3576911568234844,-1.3576911568235857,2.71538231364707,0.06238279784973122,500.0,642.8571428571421,273.5506022160958,7.501268069281868e-29,5.877504254133814e-27,0.631643813913324,CLEAN
-4.065636716177323e-16,0.5200467557345602,0.5200467557345602,0.8742203343398284,-0.8742203343398104,1.7484406686796388,0.09954977488744372,200.0,257.14285714285666,109.42024088643825,0.7619047619047635,6.832322225025898e-32,0.2704486281500413,CLEAN
-4.3431924723336123e-16,0.5811063340823821,0.581106334082382,0.8218084588402155,-0.8218084588402155,1.643616917680431,0.24990623827978498,2000.0,2000.0000000000002,7.791633392384294e-10,1.288135321090748e-27,1.0,0.337684571510665,CLEAN
3.2829168962539503e-15,0.717850214962731,0.717850214962731,1.2291431341346513,-1.229143134134825,2.458286268269476,0.13597605224963716,1500.0,1928.57142857143,820.6518066482917,3.952707915945319e-28,0.23809523809523864,0.5153089311220391,CLEAN
-1.2567422537253474e-16,1.2179106034126275,1.2179106034126275,2.086099516323246,-2.0860995163231615,4.172199032646407,0.018051523947750364,200.0,257.1428571428571,109.4202408864386,0.761904761904762,8.170957809090301e-28,1.4833062379049105,CLEAN
-5.60440582830779e-16,0.8819697544357314,0.8819697544357314,1.5066714460236834,-1.5066714460242414,3.013342892047925,0.24990623827978498,2000.0,2571.428571428572,1094.2024088643877,6.659674663828724e-27,1.0,0.7778706477394245,CLEAN
-2.9309887850104134e-16,0.39443335421640685,0.39443335421640685,0.5578129989851536,-0.5578129989851536,1.1156259979703071,0.24990623827978498,2000.0,2000.0,7.791698297545356e-10,1.2880988184643137e-27,1.0,0.15557767091840546,CLEAN
-3.010944982883645e-17,0.381695289998007,0.381695289998007,0.5397952315712964,-0.5397952315712972,1.0795904631425937,0.09062046444121916,1000.0,1000.0,6.878026461670347e-10,4.210306915779411e-29,1.2099500134048243e-26,0.14569129440666267,CLEAN
9.667248105579594e-18,0.8475637572903296,0.8475637572903296,1.1986285569317916,-1.1986285569317916,2.397257113863583,0.018051523947750364,200.0,200.0,1.527369663383358e-10,1.0,4.323257698148569e-28,0.7183643226721008,CLEAN
-4.2782444253930406e-16,0.8069122449090268,0.8069122449090268,1.3784504885079718,-1.3784504885083193,2.756900977016291,0.1873984248031004,1500.0,1928.5714285714305,820.6518066482917,5.99713752364869e-28,0.2380952380952389,0.6511073709841253,CLEAN
4.4009240696141205e-16,0.4802206185780268,0.4802206185780268,0.6791345117253433,-0.6791345117246016,1.358269023449945,0.49987496874218557,2000.0,2000.0,1.380564798029635e-09,6.923235407071083e-26,1.0,0.23061184250746267,CLEAN
2.176037128265307e-17,0.880267133190594,0.880267133190594,1.2448857182694224,-1.2448857182694224,2.489771436538845,0.37484371092773194,1500.0,1500.0,2.0277981729473408e-10,4.834478560497673e-28,1.2520347990042627e-26,0.7748702257755871,CLEAN
1.0311731312618234e-17,1.4447703039108954,1.4447703039108954,2.474676403786501,-2.4746764037864812,4.949352807572982,0.008980406386066763,100.0,128.57142857142856,54.7101204432193,0.9523809523809524,1.970881379328545e-28,2.087361231062781,CLEAN
-1.0231170911738404e-16,1.2849693888764275,1.2849693888764275,1.8172096093567203,-1.817209609356723,3.634419218713443,0.09062046444121916,1000.0,1000.0,6.878249719924619e-10,4.212598476177461e-29,1.2099643751557076e-26,1.6511463303494596,CLEAN
-7.736034035588091e-16,0.9904559163359281,0.9904559163359281,1.6649977964096998,-1.6649977964096656,3.3299955928193654,0.09954977488744372,200.0,257.14285714285666,109.42024088643826,0.7619047619047635,6.148191811121295e-32,0.981002922204843,CLEAN
-7.212008767965017e-16,1.1428925118020015,1.1428925118020015,1.952406536330764,-1.952406536331487,3.904813072662251,0.24990623827978498,2000.0,2571.4285714285725,1094.2024088643877,6.660067292083302e-27,1.0,1.306203293533088,CLEAN
-2.042810365310288e-17,0.4791345824961339,0.4791345824961339,0.6775986247680031,-0.6775986247680031,1.3551972495360063,0.024756189047261814,100.0,100.0,2.558476205087435e-11,1.0,6.100251397728487e-29,0.22956994814374454,CLEAN
-1.7248424910576432e-15,0.7506283095018277,0.7506283095018277,1.2823004811847467,-1.28230048118507,2.5646009623698167,0.7498749374687343,1500.0,1357.1428571428555,273.55060221609875,4.789571534436394e-27,4.292049373846674e-30,0.5634428590255717,CLEAN
-3.866899242231838e-18,0.9055818723035081,0.9055818723035081,1.2806780415587367,-1.2806780415587367,2.5613560831174733,0.008980406386066763,100.0,100.0,7.728898916106567e-11,1.0,1.0734925404484118e-28,0.8200785274447272,CLEAN
1.3711254354120683e-17,0.526856459341191,0.526856459341191,0.7450875502241817,-0.7450875502241817,1.4901751004483634,0.37484371092773194,1500.0,1500.0,2.027821302096646e-10,4.834015431831811e-28,1.2520401805762312e-26,0.27757772874953596,CLEAN
-3.558264793923627e-16,0.4537672990790352,0.4537672990790352,0.7751719707202583,-0.7751719707204539,1.5503439414407123,0.37484371092773194,1500.0,1880.9523809523846,688.4205854667149,1.0194610854743297e-27,0.23809523809524039,0.20590476171348257,CLEAN
-7.656863301623438e-16,0.6654826389740558,0.6654826389740558,1.1398726699606307,-1.1398726699607797,2.2797453399214103,0.09062046444121916,1000.0,1285.7142857142876,547.1012044321961,5.249454518977995e-28,0.23809523809523886,0.4428671427758735,CLEAN
-1.865174681370263e-16,0.45623606018511476,0.4562360601851148,0.6452152239574571,-0.6452152239574571,1.2904304479149142,0.2496248124062031,500.0,500.0,4.260480198360572e-11,4.769190316275868e-28,4.202896139828052e-32,0.2081513426132357,CLEAN
-5.186961971048731e-16,1.2115952281527358,1.2115952281527358,1.7134544037601236,-1.7134544037601236,3.426908807520247,0.2496248124062031,500.0,500.0,4.260575207336833e-11,4.7686276197599985e-28,3.939610534607968e-32,1.4679629968824797,CLEAN
-8.029132914089132e-16,1.4639293561641569,1.4639293561641569,2.500834692839455,-2.5008346928396414,5.001669385679096,0.2496248124062031,500.0,642.8571428571425,273.5506022160961,5.852421234412654e-28,4.607693927315639e-31,2.1430891598392026,CLEAN
2.2426505097428164e-17,0.8107789141357489,0.8107789141357489,1.1466145364569074,-1.1466145364569074,2.2932290729138147,0.12478119529882471,500.0,500.00000000000006,1.2482329603024408e-10,9.080207796218171e-29,2.0206278588081776e-27,0.6573624476071441,CLEAN
-1.0258460747536447e-16,1.5700090839197829,1.5700090839197829,2.682050994200714,-2.6820509942009148,5.364101988401629,0.06238279784973122,500.0,642.8571428571421,273.5506022160957,7.506520366964036e-29,5.877407946047034e-27,2.464928523590636,CLEAN
-1.9539925233402755e-16,0.6736233659411552,0.6736233659411553,0.9526473000453962,-0.9526473000453962,1.9052946000907924,0.49974987493746875,1000.0,1000.0,5.565223318549673e-11,1.0379656448856711e-27,8.457503490500983e-32,0.4537684391418917,CLEAN
-1.1119993814645568e-15,1.4226956317807733,1.4226956317807733,2.391610825688969,-2.3916108256889204,4.78322165137789,0.09954977488744372,200.0,257.1428571428567,109.42024088643826,0.7619047619047636,5.859286681534346e-32,2.024062860688094,CLEAN
-4.4408920985006264e-17,1.4193320308023423,1.4193320308023423,2.426385774376673,-2.426385774376641,4.852771548753314,0.024756189047261814,100.0,128.57142857142853,54.710120443219274,0.9523809523809526,1.2000241469070674e-28,2.014503413661501,CLEAN
1.5987211554602253e-17,1.0945745593468408,1.0945745593468408,1.8748252462997652,-1.874825246299735,3.7496504925995002,0.012376547068383549,100.0,128.57142857142853,54.71012044321928,0.9523809523809526,2.1437479116935323e-28,1.1980934659693305,CLEAN
-0.008939953752430754,0.8874608007827545,0.8875058285437134,3.256048170115727,-3.9302912302123985,7.186339400328126,0.42407474600870826,500.0,4382.249369067676,3491.9372781230554,0.02023294338417896,0.6377484252838795,0.7876665956990633,GAUSSIAN_NOISE
0.002185643803088471,1.6266004015464104,1.6266018699576668,3.5846666266766727,-3.83135215638283,7.416018783059503,0.2525631407851963,1000.0,1310.7118817309733,597.3723090697601,0.00249242606502601,0.24597688287393854,2.645833643349778,GAUSSIAN_NOISE
0.020533349009505677,1.3480009040649754,1.3481572815445302,3.344256356735598,-3.480819657103673,6.825076013839271,0.17117198838896952,1000.0,1868.7665914474787,1946.8894610474813,0.003311136030973669,0.3183093534126751,1.8175280557815374,GAUSSIAN_NOISE
-0.003448606099424656,1.2630681732653248,1.2630728811908811,3.3202059836731035,-3.429514006988634,6.749719990661737,0.2757844730591324,2000.0,2744.1668090393123,1387.2252186964324,0.003393768544205671,0.9690201032832543,1.5953531031998336,GAUSSIAN_NOISE
0.0032669240204867725,1.5545585774956234,1.5545620102323905,3.183954545971035,-3.2358649783740114,6.419819524345046,0.06253126563281641,100.0,152.74006449216807,182.1471755647053,0.9293109478645216,3.3823460448841973e-06,2.416663043657771,GAUSSIAN_NOISE
-0.006392178689894339,0.9016424025940589,0.901665060931159,2.7867149293572213,-2.7004228330813467,5.487137762438568,0.17377172146518316,200.0,1177.9965407053214,2038.6039258471017,0.7524268199544436,0.19294612986985019,0.8129998821039905,GAUSSIAN_NOISE
-0.010459602599636405,1.2512068202773197,1.251250538619274,3.2582210886573684,-3.378918214902689,6.637139303560057,0.09941944847605225,100.0,755.7865025533082,2085.5601284383774,0.8813859585385017,0.09927947560422055,1.5656279103950235,GAUSSIAN_NOISE
0.0015000724111682224,1.3590299223485491,1.3590307502245644,2.2914726956818696,-2.2126095306655484,4.504082226347418,0.49974987493746875,1000.0,1000.0717618415698,45.905045690860256,0.0007842621786844651,6.234532208803934e-06,1.8469645800559422,GAUSSIAN_NOISE
0.0024454981468710617,0.9297720523008574,0.9297752683852881,2.7306969945248873,-2.566799047791382,5.297496042316269,0.18359941944847605,100.0,1653.2288451419477,2993.594506742234,0.7222845983801957,0.2333764997086217,0.8644820497009346,GAUSSIAN_NOISE
-0.002616388040212177,1.2295280040941239,1.2295307878772521,4.528411357637101,-3.7088368638695965,8.237248221506697,0.25753219152394047,500.0,1968.3611000304245,2276.852569193826,0.010727879013009702,0.31744943364962036,1.5117459583380564,GAUSSIAN_NOISE
-0.002931540937811981,1.3364498062211585,1.3364530214268073,2.4816448489801033,-2.375606827736632,4.857251676716736,0.04588073509188648,200.0,277.9457779147655,631.1110129210198,0.9799960023773764,0.015322954140504566,1.7861066784808424,GAUSSIAN_NOISE
-0.012102526974184432,1.1783112331571475,1.1783733845193036,4.7358249900776626,-3.6023232070792774,8.33814819715694,0.3276659582447806,2000.0,2847.3582446245046,1797.000472710419,0.014508254169311062,0.8937913034420348,1.3885638333434787,GAUSSIAN_NOISE
-0.0021432731300931093,0.4841342131176889,0.48413895725379713,1.0744317126430174,-1.1181676706166097,2.192599383259627,0.07088386048256032,100.0,397.24128064834093,1212.0297806799115,0.9254146741501122,0.05750798978714746,0.234390529930794,GAUSSIAN_NOISE
-0.00100592139634123,1.2032741932828794,1.203274613751333,3.64641711428556,-3.441612228797778,7.088029343083338,0.24818577648766327,2000.0,3089.433664283561,2034.768186190326,0.004124666904180042,0.9667564147146526,1.44786979609842,GAUSSIAN_NOISE
0.0005373336905641715,0.8805335829598169,0.8805337469101042,1.8017530063092577,-1.8541450481666568,3.6558980544759145,0.49974987493746875,1000.0,1000.1246900720565,135.6275066188589,0.006333028083732849,9.785541687931058e-06,0.7753396794475476,GAUSSIAN_NOISE
0.004863745857483112,1.184823583813802,1.1848335667025762,3.3179859788485837,-2.96825951499663,6.286245493845214,0.18609304652326164,100.0,307.24585749676606,441.3558452251947,0.777201189587428,0.00023073824350338166,1.4038305807851479,GAUSSIAN_NOISE
-0.003278271181519914,1.17348354636765,1.1734881254863794,3.2028972974876866,-2.9007133991017984,6.1036106965894845,0.14376797099637453,500.0,1127.1706230579716,1666.3458833381528,0.005649564210003612,0.13418845910381177,1.3770743806575363,GAUSSIAN_NOISE
0.006655922506468814,0.9928597451390919,0.9928820548393825,2.0132727239603665,-1.9972030054557792,4.010475729416146,0.06653326663331666,100.0,147.597611686609,241.55041520405214,0.9535678882825603,9.698753641682251e-05,0.9858147748220747,GAUSSIAN_NOISE
-0.006203360554425201,1.4992203762609295,1.4992332101037955,4.7481264956302205,-4.456552289669931,9.204678785300151,0.1935483870967742,200.0,605.7290096448876,876.5865404372652,0.627418884968892,0.09897979747233429,2.2477002182781316,GAUSSIAN_NOISE
0.0007907092796398648,1.101758305420743,1.1017585891586015,2.595036247233031,-2.8937127856016316,5.488749032834662,0.10363795474434304,500.0,866.1309431928365,1060.614772341549,0.001953859804045199,0.04963210919467161,1.2138719887847518,GAUSSIAN_NOISE
-0.0008955647310644806,1.0801460393525895,1.0801464106153726,1.8948620813127752,-1.8701545284315935,3.765016609744369,0.18142235123367198,2000.0,2043.4277784073697,526.2597589462567,0.0002619101733162029,0.9979337212666097,1.1667162683652734,GAUSSIAN_NOISE
-0.0029152393791929718,1.0845470507386894,1.0845509687823007,2.7734070778115636,-3.230864685704743,6.004271763516307,0.3001500750375188,500.0,648.9076360477094,391.5935888604223,0.04000755341579767,1.763422974893393e-07,1.1762508038866273,GAUSSIAN_NOISE
0.00568142351044192,1.3785620725964394,1.3785737798806763,3.6323539387467543,-3.902063373144223,7.534417311890977,0.15478869717429358,100.0,408.75563058451627,800.4373210934469,0.8157330072904228,0.072882498816951,1.9004656665744957,GAUSSIAN_NOISE
0.0025244619317185846,0.9915810645101442,0.9915842780132789,2.8022997250741413,-2.664190440116603,5.466490165190745,0.21865233154144267,1000.0,1792.1140756584214,1542.0732635665897,0.006370357148008881,0.33110930791417315,0.9832393804031154,GAUSSIAN_NOISE
0.0062668908570630765,0.9888589550345712,0.988878813036804,2.542672337640653,-2.2854400314633505,4.828112369104003,0.19177397174646832,1500.0,1750.2651503109364,1051.3347979053924,0.003062847416613917,0.07439450031863269,0.9778813068730785,GAUSSIAN_NOISE
0.00986647044606941,0.6582495402260967,0.6583234800969283,2.011709450967441,-2.0771933925476564,4.088902843515097,0.3061632704088011,1000.0,2385.973026566955,2031.5186899756657,0.014297989101283047,0.4445038549195071,0.4333898044469308,GAUSSIAN_NOISE
0.005774487889158343,1.3993282136211864,1.3993401281127626,2.8726858776565205,-2.826198861954906,5.698884739611426,0.11055527763881941,200.0,248.81344104945592,238.71151364689158,0.9472729696563558,1.221253260731483e-06,1.958152794146643,GAUSSIAN_NOISE
-0.005031543544369489,0.6076748511045804,0.607695681320357,2.6655319203306473,-2.067502902445236,4.733034822775883,0.3269230769230769,100.0,3216.5964319176214,3590.190276011429,0.4334465418049182,0.47234964392658163,0.3692940410954129,GAUSSIAN_NOISE
0.0004252552700888293,1.1472014068341316,1.1472014856529151,3.8555960125282267,-3.980264941483525,7.835860954011752,0.2558055152394775,2000.0,3196.4607967132224,2491.9795994991173,0.006897221546133017,0.9384196014921846,1.3160712486842558,GAUSSIAN_NOISE
0.003996324351222231,0.8236849378020675,0.8236946323549257,3.104902844746463,-3.2183830240766516,6.323285868823115,0.37699564586357037,500.0,3786.61796004525,3485.3836276301004,0.016080074015252636,0.5258657126928118,0.6784728473703162,GAUSSIAN_NOISE
-0.016588725761253507,1.4566873739731387,1.4567818269442891,3.7345451368566405,-3.7910380746012193,7.52558321145786,0.20580145036259065,500.0,879.5150515371481,740.4499394414293,0.010523494946391774,0.08364877957918947,2.122213291315141,GAUSSIAN_NOISE
0.019501754933615688,1.4496072625626961,1.449738436449832,3.749952810223239,-3.38226967605594,7.132222486279179,0.7373686843421711,1500.0,1324.1946469441727,327.1851054591402,0.010101915703368061,1.724527547305598e-05,2.101741534120004,GAUSSIAN_NOISE
-0.001129478513664889,1.265546785144154,1.2655472891640265,2.439850650440386,-2.2740357773920117,4.7138864278323975,0.04688086010751344,200.0,289.7764457681506,676.5006252939207,0.9771259890498124,0.017689438819707613,1.601609941110416,GAUSSIAN_NOISE
0.007394785789651364,0.8323097088800152,0.8323425582972497,2.2734392098685463,-2.571908832757705,4.845348042626251,0.21460730365182593,100.0,391.8783477162835,506.44671644843856,0.691539071921478,2.116637615300562e-07,0.6927941343528105,GAUSSIAN_NOISE
0.008590638456289107,1.1657847979274851,1.1658164495956962,3.142641416091916,-2.759706024214821,5.902347440306737,0.27163581790895447,500.0,675.8008552965014,331.5807051269701,0.012715980807057313,9.310962332824604e-05,1.3591279941479142,GAUSSIAN_NOISE
-0.0029430129594210357,0.6774343323556659,0.6774407250671058,1.86781877993171,-1.821223438186713,3.689042218118423,0.13978494623655913,100.0,469.2973260099784,902.4979955384481,0.8149774791239369,0.09695745276743023,0.4589259359794461,GAUSSIAN_NOISE
0.01144023734558909,0.5826780220258942,0.5827903193967209,1.8245505438288494,-1.7318211187772714,3.5563716626061206,0.25731432858214554,200.0,996.2039785538918,1179.5069157820237,0.5866738011008243,0.21946348546368272,0.3396445563825319,GAUSSIAN_NOISE
0.00046648784178105986,1.2780576739943121,1.2780577591277547,3.1094013560093114,-3.1175020654196843,6.226903421428996,0.10876359544943118,100.0,511.18884498845864,1370.1290164919578,0.8603397273193484,0.07308977725731863,1.6334316356666578,GAUSSIAN_NOISE
0.0035859678910324356,1.2704720704362664,1.270477131208716,3.5346587641552563,-3.385463108338657,6.9201218724939135,0.2810351293911739,2000.0,2768.6534626514954,1409.4755288770457,0.0037933496729714716,0.9684214511361418,1.6141121409243289,GAUSSIAN_NOISE
-0.0025324204440516063,0.7929706240900973,0.79297466783192,1.8694777804024962,-1.710740702959251,3.5802184833617474,0.1000544267053701,1000.0,1249.5944021967853,1275.1132485840997,0.0011992195853187506,0.04511577556781771,0.628808823823144,GAUSSIAN_NOISE
0.0017810419085973106,0.6418381055334857,0.6418405766427471,1.2203525956398416,-1.2182554060231372,2.4386080016629785,0.18142235123367198,2000.0,2091.528872086246,758.0629952222553,0.0005601086852478312,0.9955296450811573,0.41195932582509404,GAUSSIAN_NOISE
-0.0032380293789778386,1.6694895748059573,1.6694927149346999,4.796681187167369,-4.581114056576843,9.377795243744213,0.14976872109013628,100.0,713.6930543732065,1651.7739267606244,0.8149096860414556,0.11337538212504326,2.787205925220035,GAUSSIAN_NOISE
-0.0033659616422533557,0.8701466841016735,0.8701531943002419,2.3321678232640783,-2.441168247503393,4.7733360707674715,0.27715964495561946,2000.0,2524.0742106259313,1475.0393164716995,0.008152647589723986,0.9329776822091456,0.7571665815509145,GAUSSIAN_NOISE
-4.960919768880245e-06,1.422328181801701,1.4223281818103526,2.8859359089446506,-3.0297746335963334,5.9157105425409835,0.18827353419177398,1500.0,1648.784006667061,815.7278428539222,0.0015868494430770874,0.0447190161989871,2.0230174567719432,GAUSSIAN_NOISE
-4.284620475694267e-05,0.5769288842572527,0.5769288858482611,1.5416546325050953,-1.7546021746876765,3.296256807192772,0.1867966991747937,200.0,575.3065623085629,840.362392964357,0.6405054240417544,0.09207371170425113,0.3328469393261158,GAUSSIAN_NOISE
0.00016165898973319215,0.4960072966832454,0.49600732302724115,1.5031165597282525,-1.527025299027891,3.0301418587561435,0.40035008752188045,1500.0,1695.5580916190652,748.0188336129867,0.024044241472624416,0.19161875973075304,0.24602326449664996,GAUSSIAN_NOISE
-0.007805335099664169,1.1750516519501344,1.1750775753143952,3.2409645677990397,-3.407416537734906,6.648381105533946,0.1727715964495562,500.0,1374.3045007175076,1906.6699137169815,0.007544168201923098,0.18679945450678975,1.380807308006758,GAUSSIAN_NOISE
-0.0028962640438100424,0.7017924482638742,0.7017984246103819,2.157427873857559,-2.313800262121414,4.471228135978973,0.26503312914114263,200.0,1886.6668062723743,2432.6259128192582,0.5673153133296276,0.3341547779606316,0.49252102878561393,GAUSSIAN_NOISE
-0.001016177103271695,1.5574034789672444,1.557403810485637,4.21711075140202,-3.9784933748466313,8.19560412624865,0.166270783847981,500.0,1323.4894819188378,1853.9186856590027,0.007778736471395056,0.17680216139300461,2.4255066289151817,GAUSSIAN_NOISE
0.005010460589960957,0.7271119260265136,0.7271291891303154,1.7540677072897384,-1.830869422698987,3.5849371299887256,0.7293646823411706,1500.0,1318.6809337660686,333.05462118210517,0.01204248792344285,1.3391107619993388e-05,0.52871685768531,GAUSSIAN_NOISE
0.020032785075360847,1.4744968076500724,1.4746328859238593,3.871067260055319,-3.6826230089750602,7.55369026903038,0.2756378189094547,500.0,688.562182926421,348.4220535009585,0.014377906639522193,2.1820899661524777e-05,2.17454214824813,GAUSSIAN_NOISE
0.011379236058867512,0.8060614675779543,0.8061417843823807,2.9309106467770625,-2.6588841509494783,5.58979479772654,0.3103275818954739,200.0,1165.8568794514917,1238.9753801543613,0.49868875488684383,0.26318764766479763,0.6498645765272089,GAUSSIAN_NOISE
-0.0009910375013435794,0.7140832020754063,0.7140838897787813,2.1266490166069807,-2.0152010231403454,4.141850039747326,0.18239779972496561,200.0,1002.0670293360284,1819.9991689049527,0.6192359018391416,0.1497989212178094,0.5099158016415947,GAUSSIAN_NOISE
-0.002160798416371831,0.6288206955447784,0.6288244080784516,1.4342176763019236,-1.4141508486624863,2.84836852496441,0.13514189273659208,1000.0,1401.210265269263,891.4269139573529,0.0015127777167672017,0.2632005410260992,0.3954201361952151,GAUSSIAN_NOISE
0.016344909507541597,1.2102061839276912,1.2103165551555652,3.5932362051681483,-3.658162984735679,7.251399189903827,0.29814907453726863,200.0,546.8899294944164,520.9369316521755,0.5208683078990225,0.00021738061126653656,1.4648661636836344,GAUSSIAN_NOISE
-0.00278586595740586,0.8884767167165236,0.8884810843211612,3.213215935210884,-3.1857539678227518,6.3989699030336356,0.35295718432510886,100.0,3345.651022725139,3623.776982037945,0.39699630578073963,0.4863846302034842,0.7893986371965065,GAUSSIAN_NOISE
0.0005505838193678884,0.6181754753726465,0.6181757205639345,1.4933766117983205,-1.4976550151522088,2.9910316269505293,0.19552444055506937,1500.0,1842.352480998654,1206.0668927536863,0.004180606751192976,0.10320893659126688,0.38214122149473967,GAUSSIAN_NOISE
-0.0018961518764797685,1.1256283028636989,1.1256298999225942,2.1184682967606463,-2.138167324126261,4.256635620886907,0.0466308288536067,100.0,224.8783486118733,795.988926607725,0.9683874405334142,0.02423987423952982,1.2670426715997494,GAUSSIAN_NOISE
0.007646602734540727,1.175695337366281,1.175720203466026,3.9680055550085997,-3.963776703606727,7.931782258615327,0.2727685050798258,100.0,2528.7503731588417,3439.564079225087,0.5580300450066704,0.36398464655787427,1.3823179968381933,GAUSSIAN_NOISE
0.010945935411520257,1.0847725718656935,1.0848277956312442,3.314162435764784,-3.1152992162197424,6.429461651984527,0.29382345586396597,500.0,1141.4832470486672,973.8642860614867,0.020878398251494273,0.18311421732097896,1.1768513461741446,GAUSSIAN_NOISE
-0.02151171095414282,0.9364289285053097,0.9366759801819288,2.993043019653462,-2.880992417919823,5.874035437573285,0.3796898449224612,100.0,698.2299471266588,623.6250578073527,0.3933213465824262,3.3403652130920413e-06,0.877361891849777,GAUSSIAN_NOISE
-0.0013842930845782,1.2984895285303277,1.298490266413367,2.197045548733735,-2.1236041334344926,4.320649682168227,0.13606676342525398,1500.0,1525.6779782084739,408.06480786571126,0.00013055598040071742,0.005245109422215349,1.6860769719702569,GAUSSIAN_NOISE
0.013294809835691684,0.8381767291349306,0.8382821608694163,2.2888462796536313,-2.7658565887668867,5.054702868420518,0.2681340670335168,200.0,505.62321642310314,493.4116339186045,0.5532100453927381,3.730388631263041e-05,0.702716981231898,GAUSSIAN_NOISE
-0.0028398584315633356,0.673680994400451,0.6736869799931507,1.570167953087174,-1.7518965580247632,3.322064511111937,0.12256128064032017,200.0,297.0776577646354,236.2396889980922,0.720546145078967,4.832565121197856e-05,0.4538541470122919,GAUSSIAN_NOISE
-0.0077036607379239305,0.9498991467767415,0.9499303845208588,2.655613720536769,-2.750746674898581,5.40636039543535,0.2121734397677794,1500.0,2509.3973041516947,1998.34641329728,0.0033504402057385916,0.32940496121982527,0.9023677354359465,GAUSSIAN_NOISE
-0.007298465799839846,0.6993038007091662,0.6993418858393344,2.1124566629917108,-1.937331171857739,4.04978783484945,0.183295823955989,200.0,680.8324928521915,1001.9517421324068,0.7540247084523964,0.13462855727152637,0.4890790732893167,GAUSSIAN_NOISE
0.0005134370436118969,1.0724132907509325,1.0724134136595092,2.369986939771196,-2.3267524528858416,4.6967393926570375,0.18789848731091385,1500.0,1644.6313653025259,807.700986358105,0.0018342216481052845,0.04303309229360316,1.1500705297968417,GAUSSIAN_NOISE
8.081250780038296e-05,1.050581620606962,1.0505816237150791,3.564524751820688,-3.5232155132249185,7.087740265045607,0.46461615403850964,1500.0,1972.616955446659,953.4423122684333,0.030098970845316958,0.37193403233764943,1.1037217480878123,GAUSSIAN_NOISE
0.0029505934801512526,1.1508003086002765,1.1508040911798918,3.3606661668767956,-3.379447128149759,6.740113295026555,0.49987496874218557,2000.0,2002.0090755766064,650.0570612590157,0.0192344563642687,0.8440151665438005,1.3243500562763766,GAUSSIAN_NOISE
0.014524978515346013,1.2269895007779925,1.2270754703848898,4.18154988538698,-3.4935776036447823,7.6751274890317625,0.21770682148040638,200.0,1755.882696718151,2920.0074913887725,0.5508780595111962,0.23352680082054625,1.5057142100202985,GAUSSIAN_NOISE
-0.004444040850236881,1.3952781460679897,1.3952852233124253,3.2346560193666747,-2.8664357362361557,6.10109175560283,0.09404702351175588,100.0,197.58630558769553,339.3403761222985,0.9050593040785674,9.558929226066246e-05,1.9468208543940049,GAUSSIAN_NOISE
-0.00328955427034083,0.8884319019788063,0.888437991995489,2.8255512759927646,-2.872917857699346,5.698469133692111,0.24965620702587824,200.0,1597.9776727056706,2241.133077335365,0.49708795275910267,0.2735045770857701,0.7893220656209766,GAUSSIAN_NOISE
7.881439140776436e-06,1.2038303927123395,1.2038303927381393,2.3485732532884773,-2.481944751358747,4.8305180046472245,0.25006251562890724,1000.0,1038.4800137103418,295.3740963198152,0.0023032666051475484,0.019075548975374387,1.4492076144800625,GAUSSIAN_NOISE
0.005688089242107867,0.6024880908518501,0.6025149408749407,1.6776065412175836,-1.9411815985060699,3.6187881397236534,0.2008002000500125,100.0,559.3394325910792,960.8264364817999,0.7434479186087218,0.11368790885349656,0.3630242539775333,GAUSSIAN_NOISE
0.005263954315247183,0.8815128555895311,0.8815285723019092,2.4781716250538226,-2.527834380391247,5.0060060054450695,0.30815407703851927,500.0,692.6011417960364,430.436168348498,0.04049295235930583,4.507874378923253e-05,0.7770926237846424,GAUSSIAN_NOISE
-0.005448954169173043,0.8226104971173643,0.8226285437967825,2.333638576122012,-2.3495023884890536,4.6831409646110655,0.17177147143392923,200.0,940.0926573986089,1750.6902042135555,0.6252055563429836,0.13690341915404183,0.676717721069215,GAUSSIAN_NOISE
0.005460013223040439,1.0059897626023715,1.0060045796144128,2.885637539832245,-2.7896574773607012,5.675295017192946,0.221055263815954,100.0,649.1454048958398,1032.2598949251153,0.7014460964375836,0.13934555190994394,1.0120452142051715,GAUSSIAN_NOISE
-0.009138857767699427,1.3475090642414402,1.3475400539257227,3.3829343374250485,-3.6864198671013972,7.069354204526446,0.3061530765382691,500.0,659.3403234149289,401.966685641099,0.04161054466780884,2.5601781139821857e-06,1.8158641969341398,GAUSSIAN_NOISE
-0.00636617072627158,0.7367082205456813,0.7367357262609846,2.0788150061500756,-2.2211165925838023,4.2999315987338775,0.6928464232116058,1500.0,1281.9617212262833,383.9010690087206,0.02677951608857817,0.00018376114819181971,0.5427795303493004,GAUSSIAN_NOISE
0.0007392614676890489,0.7105596424819673,0.71056002704319,2.003338196935621,-2.006321887563924,4.009660084499545,0.16300798258345428,100.0,1488.1313479454468,2851.376392466404,0.7482394799641663,0.2113568481265999,0.5048955520316188,GAUSSIAN_NOISE
-0.0019869029476712375,1.370438187319422,1.3704396276548145,3.88071412311314,-3.9359178432995887,7.816631966412729,0.166270783847981,500.0,1175.0791249448284,1556.4630842338352,0.0050292462777423545,0.1191754460589466,1.8781047730466667,GAUSSIAN_NOISE
-0.00304900192853114,1.3182613735183424,1.3182648995263537,3.8636199438589562,-4.399809948084465,8.26342989194342,0.2477322206095791,1500.0,2775.856932318105,2296.363418926723,0.005293758251418027,0.3745009426776759,1.7378223453232273,GAUSSIAN_NOISE
0.012026909429068986,1.1396345127236511,1.1396979727722993,2.7494666994505437,-2.6093362743818247,5.358802973832368,0.15307653826913456,200.0,352.1854377122027,400.152629301713,0.8326325543890263,0.00012987770033928554,1.2989114691412889,GAUSSIAN_NOISE
0.004244044987529149,0.7831835551759486,0.7831950542590871,2.3957955566291194,-2.1900386415969813,4.585834198226101,0.2423105776444111,100.0,784.3720159828292,1123.1858112539458,0.640974130015379,0.17907089047469857,0.6133944930158943,GAUSSIAN_NOISE
0.006240053349374329,0.6647965350585997,0.6648258202655211,1.9933049007674706,-2.1379196167351187,4.13122451750259,0.42771385692846425,500.0,853.9653520441033,545.8267126632304,0.09251692431763966,0.0001756675033735761,0.44199337129172295,GAUSSIAN_NOISE
-0.0014878632692521111,1.3302319009130796,1.3302327329997308,2.70756138712082,-2.8105141806821727,5.518075567802993,0.0632579072384048,100.0,305.0151188764657,1022.3468711503261,0.9499144497843771,0.038994999065476564,1.7695191239439332,GAUSSIAN_NOISE
0.0013760681608847205,0.7103049837971486,0.7103063167188159,1.6663721001452771,-1.7646409837440555,3.431013083889333,0.37534383595898974,1500.0,1560.0947877817991,441.7627727954013,0.007111898963486063,0.06166712372983134,0.5045350635706509,GAUSSIAN_NOISE
-0.0013372094950996978,1.3298045075057527,1.3298051798334414,3.8634914699413176,-3.815871736482625,7.679363206423943,0.30057514378594646,1000.0,1425.9113429527802,755.3708906022114,0.009942446158023503,0.2916234312430708,1.7683818163118512,GAUSSIAN_NOISE
-0.004310374415028754,0.8767524090163128,0.8767630044906692,2.7523059260010654,-2.6414885877372374,5.393794513738303,0.2535633908477119,500.0,1018.2546319434895,882.2488653450612,0.017677871438358864,0.13762573655176993,0.7687133660435054,GAUSSIAN_NOISE
-0.0021557409067797456,0.652501520496642,0.6525050815658732,2.08271949106921,-1.777179597381172,3.859899088450382,0.19285195936139332,1000.0,2066.376881040955,2199.6451423926887,0.003862617068101566,0.34331892538719916,0.42576288146928676,GAUSSIAN_NOISE
-0.0075089501048885374,1.0899154486492741,1.0899413147211305,2.5826273631792835,-2.431783108193385,5.014410471372669,0.13006503251625812,200.0,294.3090566019656,323.90178837102536,0.8979131643743244,1.7810455933155454e-05,1.1879720695360263,GAUSSIAN_NOISE
-0.0049304035624351756,1.155605346084264,1.155615863848286,1.914313489275119,-2.113115335652245,4.027428824927364,0.05152576288144072,100.0,110.78130059032995,116.84200211108796,0.9894616242206749,1.212521013183885e-05,1.3354480247778202,GAUSSIAN_NOISE
-0.02480919102608763,1.0058737766010328,1.0061796809780017,2.893115001639103,-2.770464230378063,5.663579232017166,0.2226113056528264,100.0,401.67883889250993,539.1367196660815,0.7009259739217453,1.9898503038660093e-07,1.0123975504129932,GAUSSIAN_NOISE
-0.018445650158308034,0.6900791241009795,0.6903256039940411,2.349972447305523,-2.3647387876664476,4.71471123497197,0.5078769692423106,2000.0,2025.7420301306042,985.3096091490316,0.04146755521077329,0.6456428380664144,0.4765494395297376,GAUSSIAN_NOISE
0.007283610124082191,1.0404171119987717,1.0404426067382593,3.011077567146595,-2.904143771848506,5.915221338995101,0.19204801200300076,100.0,540.9849227097826,942.2496559667245,0.754311709560295,0.10937168626230376,1.0825208179163042,GAUSSIAN_NOISE
-0.0022888789968848943,0.9396213965630228,0.9396241843663391,3.1961264228768798,-3.417517685300595,6.613644108177475,0.3193033381712627,200.0,2976.71045750538,3493.8974505878514,0.3860270147379256,0.42388809102648173,0.8828936078461079,GAUSSIAN_NOISE
-0.003976616963509038,1.3326962896786678,1.3327022225560226,3.1076301835634177,-3.0828091355753777,6.190439319138795,0.49987496874218557,2000.0,1996.8569261858975,362.6473459364065,0.005460852932948821,0.9475683110217963,1.776095214005762,GAUSSIAN_NOISE
0.0033028519916793717,1.2255721487189843,1.2255765992164454,3.4600899147300055,-3.115568417121182,6.575658331851187,0.1775887943971986,100.0,346.954745202993,512.4407374709051,0.7655813915130038,0.0012783830286541157,1.5020380005469474,GAUSSIAN_NOISE
0.001421542940047058,0.9354620595459069,0.93546313964485,2.593795357508264,-2.3964441637571356,4.9902395212654,0.1282656023222061,100.0,1089.8965668741153,2500.4971119982165,0.8217319962775934,0.1491691901070655,0.8750912856342001,GAUSSIAN_NOISE
-0.001630408654307534,1.5821933781771522,1.5821942182235433,3.6550485949423077,-3.810326780559107,7.465375375501415,0.052884615384615384,200.0,433.5347023047684,1114.7786765011726,0.7381806992165358,0.02760492723111434,2.5033385441800093,GAUSSIAN_NOISE
-0.015432874233640767,0.9305877341794492,0.9307156948350837,3.1167940714340188,-3.285393738293645,6.402187809727664,0.49287321830457614,2000.0,2009.4557433448254,845.0217655161324,0.03473026703563672,0.7406361901074748,0.8662317046123527,GAUSSIAN_NOISE
0.005164667377825165,0.9506925751951674,0.9507066037008172,2.9292200298510633,-2.8325027445160407,5.7617227743671044,0.5043760940235059,2000.0,2029.2894965141459,775.5399237409842,0.026300665975186623,0.7906043250435022,0.9038430463203426,GAUSSIAN_NOISE
0.003465755060025426,1.1506493306583734,1.1506545500725658,3.2926721606235883,-3.9053575712736404,7.198029731897229,0.33783445861465367,1000.0,1486.2787523709837,833.8559879274221,0.017971655507070666,0.3112746599527499,1.3240058936026986,GAUSSIAN_NOISE
-0.010321314227162495,0.5924176541542157,0.5925075581635728,1.9945564716169395,-2.380866570195292,4.3754230418122315,0.29041130141267657,200.0,1857.031180043808,2398.841598912198,0.44700965469350984,0.3179375463679955,0.3510652064809597,GAUSSIAN_NOISE
-0.006956762247342759,0.8728223981590311,0.8728501218817858,3.160604031887349,-2.913699062705529,6.074303094592878,0.3365841460365091,100.0,1164.1677691510495,1261.702553323706,0.4599151154655772,0.27876365199854114,0.7618673352690483,GAUSSIAN_NOISE
0.017592094656824472,1.4305683438364591,1.430676507174632,3.802286554696691,-3.6917259043506068,7.494012459047298,0.1592898224556139,100.0,557.7058322209159,985.8577837562237,0.7710549569448978,0.11785919301163095,2.0468352681814044,GAUSSIAN_NOISE
4.2159153471855505e-05,1.1638792586760545,1.1638792594396192,3.246206379283368,-3.3491980585758085,6.595404437859177,0.23502937867233403,1000.0,1887.4275157997984,1642.0488564788868,0.007636005677650447,0.3509381951870264,1.3546149305537167,GAUSSIAN_NOISE
0.007037658043257803,1.195099002926933,1.1951197243070184,3.6547499814395747,-4.673550613016576,8.32830059445615,0.2380297537192149,100.0,1600.333928360275,2357.8005024505474,0.6223481448530302,0.29305637299616555,1.4283111554276835,GAUSSIAN_NOISE
0.005858146916849826,1.1008940527863627,1.1009096390465851,2.6751507631087517,-2.6875756263359842,5.362726389444736,0.2656328164082041,500.0,673.8144125765789,330.9521083939698,0.013091941770823306,0.00018980918842954528,1.2120020333456822,GAUSSIAN_NOISE
-0.01004612733787995,1.0261174757830962,1.026166652538447,2.6350017387828455,-2.6993514257394757,5.334353164522321,0.7238619309654828,1500.0,1374.7267254028222,358.36999655556264,0.026956559333462842,0.0002329944691436924,1.053017998781962,GAUSSIAN_NOISE
0.0045357801897236445,1.2642706386530895,1.2642787750580249,4.111078941729734,-3.381671815007218,7.492750756736952,0.2915364420552569,2000.0,2606.6525907446285,1571.1109241555191,0.008514080331872238,0.9217713048871644,1.59840082106222,GAUSSIAN_NOISE
-0.0024229158758855103,1.357603155839724,1.3576053179283438,4.003259840739261,-4.2609318309439965,8.264191671683257,0.2147133526850508,500.0,2178.1042750621887,2996.1893059889044,0.007306486681990925,0.27478370381965667,1.8430921992673197,GAUSSIAN_NOISE
0.009612018819618604,1.3346529869275054,1.3346875988111604,3.2858826163238417,-3.383080585882428,6.668963202206269,0.15807903951975988,200.0,338.4349787269972,322.2795589454022,0.7022606067375683,2.901080533984864e-05,1.781390986420301,GAUSSIAN_NOISE
-0.0103478052656715,1.2270069205660064,1.227050553233521,3.054382625559078,-3.2143964956100577,6.2687791211691355,0.2001000500250125,100.0,374.7122344026333,523.8028280130903,0.7326733879104931,8.846452352199347e-06,1.5056530601906901,GAUSSIAN_NOISE
0.017385162715731216,1.44600098382879,1.4461054903140644,3.954695451261537,-3.7120533613549345,7.666748812616472,0.7338669334667334,1500.0,1375.3873043879146,359.3973523666813,0.02943262905433119,3.7323729648273253e-06,2.091221089116481,GAUSSIAN_NOISE
-0.00391674852417552,0.929707811904037,0.9297160622654606,1.6651888242404889,-1.5878695508071305,3.2530583750476194,0.05652826413206603,100.0,117.97772957308045,148.6883407838939,0.9820128911867209,1.7392991528689758e-07,0.8643719564343937,GAUSSIAN_NOISE
0.0014244832050353832,0.7626165666739042,0.7626178970611003,1.8736323392513787,-1.9596353931359185,3.8332677323872972,0.2392799099887486,1500.0,2201.8679294380995,1325.664328073648,0.004152800770886557,0.3077949491861747,0.5815860569178949,GAUSSIAN_NOISE
-0.002228431715004931,1.5808707284274308,1.5808722990509336,4.540242702477524,-4.411160916711678,8.951403619189202,0.1711463932991624,500.0,1215.2795826523823,1606.1120326080868,0.005030874443768845,0.12717904285494355,2.4991572259065844,GAUSSIAN_NOISE
0.007815829709872884,0.9311430263578724,0.9311758280415956,2.8772920745290707,-2.9834856708785313,5.860777745407602,0.3330416302037755,2000.0,2882.9406840241586,1835.8813422498363,0.014823386267708178,0.8928717846995192,0.8670884227289511,GAUSSIAN_NOISE
-0.005002536223194687,1.3367909183753584,1.336800278582967,2.9611280092897,-3.1641848602756957,6.125312869565396,0.1385346336584146,500.0,644.0533596475098,566.4841004496833,0.004893324248278177,0.047865690942307006,1.7870349848194982,GAUSSIAN_NOISE
0.005455826459201078,1.6385414848921722,1.6385505679578516,4.190671985870523,-4.4670525155183025,8.657724501388826,0.10794629898403484,500.0,1067.4096218882894,1686.2432782725623,0.0018024275382347913,0.07130281141095987,2.684847963754998,GAUSSIAN_NOISE
0.0005043663197408268,1.3174073846081478,1.317407481155874,2.8238724014271335,-2.7898411139357817,5.613713515362916,0.24981245311327832,1000.0,1298.426416264706,575.6913791181078,0.0014635456264407913,0.24144711461735988,1.7355624714054647,GAUSSIAN_NOISE
0.0025819502606694604,1.148196923944465,1.1481998269563882,4.207160310352189,-4.072277554250908,8.279437864603096,0.3460432554069259,2000.0,3049.292816188889,1731.7138366676716,0.010338782095541042,0.9215961624051776,1.3183628426226797,GAUSSIAN_NOISE
0.009164212594808657,1.2424030015400087,1.2424367996111938,3.466127162291139,-3.2688661395000267,6.734993301791166,0.37934483620905224,1500.0,1612.0265219915786,568.2469548620959,0.011569039294906651,0.10648140049200513,1.5436492010281058,GAUSSIAN_NOISE
-0.006650262794786828,1.217176942575145,1.2171951098865859,3.588199154317502,-3.9771898150079252,7.5653889693254275,0.5043760940235059,2000.0,2001.9323589559024,693.854999565637,0.021356218800144572,0.8269313460946563,1.4815639355318178,GAUSSIAN_NOISE
0.0007277351234611941,0.48440109314243845,0.4844016397949116,1.658717045939012,-1.3923936309464862,3.0511106768854983,0.2376632801161103,1500.0,2853.620004966462,2646.703978846849,0.007415947780108355,0.27655987337680493,0.23464494863599925,GAUSSIAN_NOISE
0.007700057319418466,0.7425379181798999,0.7425778415881139,2.4477675969703814,-2.325751656627076,4.773519253597458,0.3524190523815477,2000.0,3077.215776363829,1762.9428352748002,0.010570910100199414,0.9142707462917357,0.5514218508176619,GAUSSIAN_NOISE
0.00239706022186705,1.4638470998682258,1.4638490624686422,3.788257927350876,-4.125989001166047,7.914246928516923,0.16104026006501626,200.0,531.6007199773068,785.3918916191406,0.6549691960823659,0.07891936295299488,2.142854077690323,GAUSSIAN_NOISE
0.00046927053502578,0.622133250322748,0.6221334273063795,1.3044079511635918,-1.4327680767334385,2.7371760278970303,0.06259071117561683,100.0,389.5319298050446,1417.115971730984,0.9468738693825595,0.04400529177731409,0.38705000137198226,GAUSSIAN_NOISE
0.0009815982501220812,1.110809112172267,1.11080954588087,2.3192150648749084,-2.7256847594727036,5.0448998243476115,0.25056264066016504,1000.0,1093.2719613234271,458.5896324692592,0.005414359390000633,0.046493227561893176,1.2338978472200648,GAUSSIAN_NOISE
0.0034138890196305097,0.8554789972170344,0.8554858089516746,1.6717453226796797,-1.7108303147343058,3.3825756374139857,0.07053526763381691,100.0,157.7224251982051,264.4669885112526,0.9440163739721021,5.880321793269952e-07,0.731855969317701,GAUSSIAN_NOISE
-0.002922129556846879,1.316931171894516,1.3169344138371548,2.553470662467855,-2.5086552308980647,5.06212589336592,0.07025878234779348,500.0,604.6073978654863,714.433018214218,0.0010412274744984466,0.022748779630912853,1.7343162503486105,GAUSSIAN_NOISE
-0.0028396882362160323,0.9824005873545498,0.982404691491161,3.101895391288517,-3.9932103613060876,7.095105752594605,0.4311077769442361,1000.0,1726.4326890973716,1025.9811091212096,0.04311817816712929,0.4157608309423886,0.9651189778638434,GAUSSIAN_NOISE
-0.004939860288729842,0.6130440826086172,0.6130639847855306,1.9140000922712628,-1.856895674627812,3.770895766899075,0.4047023511755878,500.0,841.3187488867549,494.19591081361074,0.05946228403412982,0.0002794899233491436,0.37584744944111326,GAUSSIAN_NOISE
-0.006415952480564837,1.330049594139906,1.330065068828575,3.661667422349669,-4.311836731733007,7.973504154082676,0.19829957489372343,500.0,898.8367171115111,884.6949777030251,0.015875163688897,0.1318351010080975,1.7690730873179614,GAUSSIAN_NOISE
0.005408032712684791,1.3586306283586322,1.3586413916600633,3.3547489791036305,-3.2764147219048754,6.631163701008505,0.10652663165791448,200.0,388.4204564009069,568.1646918645591,0.7091839723409518,0.03738239311581071,1.8459064311319935,GAUSSIAN_NOISE
0.014836546947799952,1.1009527174170342,1.101052682260611,2.8704512281693635,-2.90854238699343,5.778993615162793,0.2896448224112056,500.0,688.7853410590428,350.80319583258296,0.01598627501567118,1.1878739404573571e-05,1.212317009113286,GAUSSIAN_NOISE
-0.0039002265825458958,1.2076030796870159,1.2076093780014132,3.1813100433269157,-3.5923302018310435,6.773640245157959,0.12128032008002,100.0,344.23704971173186,716.7504789104929,0.8484318556013323,0.05704854146901665,1.4583204098369602,GAUSSIAN_NOISE
-0.004302687746079861,0.9932040618092728,0.9932133816639193,2.1018952649379674,-2.462049928299293,4.56394519323726,0.5001250312578145,2000.0,2001.7080384767276,299.96569804932994,0.0038892910800307355,0.9690145911605103,0.9864728215162781,GAUSSIAN_NOISE
0.00098630496733868,1.0066955199925132,1.0066960031561092,2.115892382199716,-2.166355476352242,4.282247858551958,0.10455227613806903,100.0,182.913219172101,317.58730049464924,0.9219728557320223,0.0002382509222194535,1.0134368427704852,GAUSSIAN_NOISE
-0.003971094867359351,0.7833999891342011,0.7834100539116867,2.0636462622466967,-2.08553426822549,4.1491805304721865,0.13064133016627077,100.0,596.3005639779466,1496.960943316568,0.838542495032922,0.09039827753812825,0.613731312569912,GAUSSIAN_NOISE
-0.0031810978267985336,0.8985195618140969,0.8985251929389516,1.9308196955114916,-1.7697510763302067,3.700570771841698,0.12726590823852982,1000.0,1141.7677839098817,807.1373596119863,0.0014550712507943905,0.03552294512391082,0.8073475223459802,GAUSSIAN_NOISE
-0.007466606024294722,0.8265516400083437,0.8265853638953479,2.1510572345336927,-2.2807682300148553,4.431825464548548,0.49962490622655664,2000.0,1991.982393617921,587.4970402954178,0.018192133943753328,0.871214188181265,0.6832433638060046,GAUSSIAN_NOISE
0.004663866424805827,1.6590444977674734,1.659051053229694,4.807292387064853,-4.610751751309223,9.418044138374077,0.14377721335268506,500.0,1306.2170823730291,2053.32638047783,0.0026300769345735755,0.11238342148433156,2.752450397222557,GAUSSIAN_NOISE
0.02262392552503343,1.2753303472368747,1.2755310018143384,3.7910253955448594,-3.7782317528883103,7.56925714843317,0.25681420355088774,500.0,1072.9487022793721,1035.9307940715921,0.021149585478214553,0.18908632735790937,1.6269793365894896,GAUSSIAN_NOISE
-0.00516102932887703,1.5027143514808712,1.502723214158319,3.935667904389052,-4.359177781203581,8.294845685592634,0.19504876219054765,500.0,874.1814556000994,863.7644083091388,0.01539584116452372,0.12403540585612678,2.2581770583703094,GAUSSIAN_NOISE
0.002810234175701261,0.8604098194731146,0.8604144087949015,1.8984346281681121,-1.8213341215983005,3.7197687497664127,0.061015253813453366,100.0,197.1870210041496,421.3881442432755,0.919603276692609,0.018728049609502265,0.7403129548618799,GAUSSIAN_NOISE
-0.020067349449073086,0.9650642460211416,0.9652728616625796,3.1313284162676407,-3.201990513669294,6.333318929936935,0.3495873968492123,1000.0,1520.6443230184473,947.707602577612,0.026903791369037745,0.25813270169949054,0.9317516974622656,GAUSSIAN_NOISE
0.004003321832913523,1.3963710928255577,1.3963768314694067,2.7972698275400463,-3.019121772288477,5.816391599828523,0.7503751875937968,1500.0,1476.6730070096135,162.48738554431694,0.005844401021444991,6.92740356968233e-05,1.9498682554645401,GAUSSIAN_NOISE
-0.006349812862362551,1.2875143899821007,1.2875300480122271,4.80876808355485,-4.087758742495807,8.896526826050657,0.22813860667634253,200.0,1842.3943989786042,2988.2325190073566,0.5456817566997466,0.24626366994001847,1.6577336245343681,GAUSSIAN_NOISE
0.00040166374657197944,0.6999384530070225,0.6999385682555499,2.226652789172801,-2.5849006706216398,4.811553459794441,0.38509627406851715,1000.0,1613.7917874984341,951.4338791233847,0.027260503678438037,0.357379467879028,0.48991399933162905,GAUSSIAN_NOISE
0.004891472758715638,1.1610379776484943,1.1610482815317609,3.3052696592927147,-3.206736896655383,6.512006555948098,0.2628809869375907,2000.0,3160.0328949808013,2102.8131932550154,0.004444785304205397,0.9604116121441688,1.348033112047855,GAUSSIAN_NOISE
0.0002186933563460398,0.9130696788068783,0.9130697049969843,2.8115450345490114,-2.922900933186951,5.7344459677359625,0.31766470808851105,1500.0,2667.685270677579,1824.39123216464,0.011647913068002076,0.4190819692155638,0.83369628618328,GAUSSIAN_NOISE
0.013113528951254698,1.2965028191391352,1.296569136096213,3.84414048472682,-3.91977181064825,7.76391229537507,0.221055263815954,100.0,774.3761362189058,1147.8754657919771,0.6716488179313745,0.17661057630356639,1.6810915246772802,GAUSSIAN_NOISE
0.0024554049578925925,0.43335733458552317,0.4333642906984565,1.083877937933109,-1.1202383866203776,2.2041163245534863,0.1325290275761974,1000.0,1683.5247238465556,2031.8730848761409,0.00403572544683704,0.12409048114591054,0.18780460845257632,GAUSSIAN_NOISE
-0.001232557711526524,1.0306608762728786,1.0306616132747404,3.342936420669972,-3.372802208116278,6.71573862878625,0.36342042755344417,2000.0,2990.8913890218223,1907.2844987641126,0.016387840340338987,0.8743899195509485,1.0622633610780903,GAUSSIAN_NOISE
-0.00030181602467450294,0.91757942856021,0.9175794781978258,2.871227077853979,-3.2028060946360792,6.074033172490058,0.33479184898112263,1500.0,2785.737560296256,2080.1131484104344,0.012931227507970813,0.38163104407100645,0.8419520988097944,GAUSSIAN_NOISE
0.015673466732527747,0.8809114093290881,0.8810508320440857,3.3149637849828997,-3.181320988049722,6.496284773032622,0.3742967870983873,500.0,2750.079700304528,2448.6986157223046,0.01862684823745436,0.47477007475773036,0.7762505686455757,GAUSSIAN_NOISE
0.004074281416837537,0.8329470726910392,0.8329570371115397,2.2298646452771362,-2.1767471459951095,4.406611791272246,0.14931059506531205,500.0,1329.6129154910864,2090.8648648022277,0.0029633829961133156,0.11534996803512222,0.6938174256736348,GAUSSIAN_NOISE
0.02919297405160507,1.4453488939464962,1.4456436818823433,3.79634892946079,-4.030610883126159,7.826959812586949,0.19759879939969985,200.0,419.6735530997239,468.49385334344106,0.7627043671681472,0.00036959875821109635,2.0898856549663374,GAUSSIAN_NOISE
-0.0016423347842506853,1.2504433904230519,1.250444468945439,3.0568475486618105,-3.5980373573636757,6.654884906025487,0.1240021770682148,500.0,1148.8337257274056,1828.8330297188163,0.0019376813296965588,0.08525622472313191,1.5636113699162408,GAUSSIAN_NOISE
0.02217475181369997,1.2674128638165372,1.2676068345451736,3.133137304788238,-3.132915861518726,6.266053166306964,0.13906953476738368,200.0,317.8715966548356,362.4707509359974,0.8733390901806576,7.721198206466236e-05,1.6068270869856354,GAUSSIAN_NOISE
0.0008771811662278555,1.6466815884792472,1.6466818221148054,3.7761586478742526,-3.8850401361580102,7.661198784032263,0.05370101596516691,200.0,436.7359328602761,1127.5140042589178,0.7380834732241995,0.028198807032371213,2.711561023283336,GAUSSIAN_NOISE
0.0005279691274633832,0.547443282676127,0.5474435372699301,1.652101500789319,-1.8226232896562395,3.4747247904455585,0.24691582002902757,1500.0,2788.714908052736,2286.8635467668214,0.005197637701716959,0.377952715248356,0.29969442649861333,GAUSSIAN_NOISE
-0.001012596914951759,0.8070818404990624,0.8070824757209552,2.364459197102933,-2.44832832784024,4.8127875249431735,0.48574287143571787,1000.0,1006.3512799205092,521.7745253764791,0.10195794747110384,0.0013877105889635924,0.6513821226158661,GAUSSIAN_NOISE
0.0035231404426944958,0.8517629948428159,0.8517702811804259,2.723439915471162,-2.485573521988337,5.2090134374594985,0.5072536268134067,1000.0,991.8433789990082,475.84729756753893,0.0849658695267855,0.0009342502933395863,0.7255126119021817,GAUSSIAN_NOISE
-0.001009337617874071,0.8614467500407397,0.8614473413495334,2.17286468759104,-1.9330485511000677,4.105913238691107,0.08951118889861233,200.0,538.2584343525024,1284.8962155320942,0.9140034706033384,0.06642426735389535,0.7420915219181795,GAUSSIAN_NOISE
-4.006756712507364e-05,0.851665868276725,0.8516658692192366,2.556719004969489,-2.2552125150546,4.811931520024089,0.32833208302075517,1000.0,1453.9980573403388,807.7997319005532,0.01568326139995468,0.2945614331758205,0.7253347527929578,GAUSSIAN_NOISE
-0.004763606464008415,0.8143538822487324,0.8143678146145796,1.6822414236242196,-1.8066713867372899,3.4889128103615095,0.24981245311327832,1000.0,1063.793252532209,381.6320050580902,0.004273524114367949,0.031502781745712936,0.6631949374801263,GAUSSIAN_NOISE
0.003840076882191778,1.2674314139839389,1.26743723132303,2.863924102033484,-2.78133795726493,5.645262059298414,0.13278319579894973,500.0,693.914058212491,432.3864955059183,0.0021850500213432132,0.018148402178064807,1.6063971353437876,GAUSSIAN_NOISE
0.005126905389818415,1.3384247868888486,1.3384346062909969,3.706664406215931,-3.896561893843685,7.603226300059616,0.19759879939969985,200.0,391.3334927330985,392.62588388812605,0.6556724689891655,8.144996098734828e-07,1.791407195317336,GAUSSIAN_NOISE
-0.008227479867003618,1.514134614181526,1.5141569671892015,3.817992926474267,-4.092907242428632,7.910900168902899,0.19859929964982492,100.0,328.04506232859336,459.64414448892825,0.757228525365046,6.164958312939042e-05,2.2926713212876004,GAUSSIAN_NOISE
0.0007443525068661874,0.9585591618516383,0.9585594508586152,2.0517914636072008,-2.207319115675839,4.25911057928304,0.09554777388694347,100.0,173.42541793001075,235.3788454794951,0.907061808556405,8.740548523095505e-09,0.9188362208303699,GAUSSIAN_NOISE
0.00022182901111737508,0.5276778359332269,0.5276778825602639,1.2221794102299657,-1.2209033292340288,2.4430827394639945,0.07201800450112528,100.0,246.6146825267188,597.8842135690774,0.9263656497998232,0.037971502750249644,0.27844394774328374,GAUSSIAN_NOISE
-0.003296917575137834,1.078751833112683,1.0787568711760178,3.042633464228758,-3.289638611348529,6.332272075577287,0.24862431215607803,200.0,493.3975077281876,514.9384273907998,0.6730100594379642,2.1381173065660372e-05,1.1637163871094713,GAUSSIAN_NOISE
0.006210625858896455,1.1283275610364383,1.1283446534051538,3.3221424766585157,-3.4935980700507825,6.815740546709298,0.18514150943396226,200.0,1281.1858546300023,2516.7231737804777,0.6162261063374587,0.15925613429964605,1.2731616568679966,GAUSSIAN_NOISE
0.0006658892006232827,1.1857994739241655,1.1857996608901755,2.5268661591228017,-2.4842139837066135,5.011080142829416,0.08776097012126516,500.0,715.1417668554435,1012.69544844062,0.0019429867318502948,0.046625544908300495,1.4061208357672554,GAUSSIAN_NOISE
0.002605551612807855,0.858565359608525,0.8585693132292365,2.455808649388409,-2.4372635859246694,4.8930722353130784,0.22690336292036506,1000.0,1945.3216347591706,1909.8072946169784,0.009917772517760512,0.23552461599330463,0.7371412656189227,GAUSSIAN_NOISE
-0.0027966397193498332,1.4250436408264597,1.4250463850182744,3.349455428560484,-3.3346262206428565,6.684081649203341,0.14076759594949367,1000.0,1316.7645207015798,1193.1985638084052,0.003580534724093109,0.07836303263698988,2.0307571994536517,GAUSSIAN_NOISE
-0.005887115398658237,0.7464949291426202,0.7465181426886842,2.09563386381835,-1.7029346251112867,3.7985684889296367,0.1455727863931966,100.0,253.76260998184605,379.56671367138,0.832356292701783,3.927805415107588e-05,0.5572893373633626,GAUSSIAN_NOISE
0.013186176638319703,1.0909484799888944,1.0910281670261386,2.5835905533314745,-2.412765648491522,4.996356201822996,0.25012506253126565,500.0,546.9643203715409,231.35902041291254,0.011013807095301404,0.00010543415291794696,1.1903424612444158,GAUSSIAN_NOISE
0.0022237245019922254,1.287113918563222,1.2871158395070095,3.6974805120157024,-3.6254808733383026,7.322961385354005,0.17879172714078376,500.0,1525.321577390324,2328.6590169623173,0.00428125479850208,0.14884536581033528,1.6566671843098337,GAUSSIAN_NOISE
0.008009366443524747,1.1921689034977931,1.1921958079182955,3.6557596421081424,-3.718299880030848,7.374059522138991,0.21852731591448932,1000.0,1932.0776324434826,1890.9089813194112,0.010354476487902166,0.23458774938089177,1.4213308444179575,GAUSSIAN_NOISE
-0.002145904275964762,1.0880011114184447,1.0880032276390235,3.4865894345886237,-4.088573876985034,7.575163311573657,0.24103012876609575,100.0,1441.0263014251243,2254.4377887910414,0.6351866765364754,0.25679071426617994,1.1837510233529325,GAUSSIAN_NOISE
-0.007631357648062235,0.7465860988629952,0.7466251004587368,3.027040494422954,-2.632783253005418,5.659823747428372,0.3533383345836459,200.0,1331.309174351094,1272.1692467068287,0.421815938390403,0.31565023598743513,0.5574490406350188,GAUSSIAN_NOISE
0.011833185252894056,1.0434778785133034,1.0435449713451999,4.358228329215756,-3.7299093318591106,8.088137661074867,0.34461175616835993,1500.0,3795.3686025365696,3106.130629367419,0.011866682338187917,0.46905400617810716,1.088986107219854,GAUSSIAN_NOISE
-0.005047576307694859,0.9515903915640515,0.951603778546306,4.281244575749015,-3.570409702990983,7.851654278739998,0.3595791001451379,100.0,3425.831401269419,3617.1324585496013,0.3796774920734753,0.5024748136246785,0.9055497513436068,GAUSSIAN_NOISE
0.006790107538576581,0.9015035467066475,0.901529117824294,2.89747546373755,-2.6082956443202843,5.505771108057834,0.22365295661957746,200.0,1353.4478808328204,2109.0820688269487,0.5379182592762045,0.22077946454958952,0.8127547502850498,GAUSSIAN_NOISE
0.016769559091264513,0.7002152663272149,0.7004160458683166,2.217072694678698,-2.6725045459208236,4.889577240599522,0.496248124062031,1000.0,982.5544828797506,493.9491829143834,0.09974880460899818,0.00013396529124456237,0.4905826373098079,GAUSSIAN_NOISE
-0.0008286858446273944,0.9885481673604153,0.9885485146981228,2.91682353749757,-3.0368005234725954,5.953624060970165,0.2664083010376297,1000.0,2144.785205354616,1877.0992368032214,0.010419177437584096,0.40154083173884864,0.9772281659118647,GAUSSIAN_NOISE
-0.0008667128928805247,0.6547454020946124,0.6547459757457653,1.2233874873913417,-1.3026908355322593,2.526078322923601,0.18133164005805516,2000.0,2107.7663676918355,821.1246653404236,0.000534459157676007,0.9945157792517224,0.4286922927552744,GAUSSIAN_NOISE
-0.00407700877215263,1.2865764010177305,1.2865828607813272,3.638400317460242,-3.821522183199531,7.459922500659773,0.21440180022502814,1000.0,1781.891809542821,1511.7061379992617,0.006085285055273773,0.3356838193913637,1.6552954576562642,GAUSSIAN_NOISE
-0.0022277644450301743,1.1237546517304209,1.1237568599213008,2.9172774733526774,-3.346854150427722,6.264131623780399,0.2096512064008001,1500.0,1990.1189833293188,1427.9350645794864,0.006761977652603262,0.14780613988822955,1.2628294802201823,GAUSSIAN_NOISE
0.006982029337207074,1.1851907752920876,1.1852113408886726,3.677981454313277,-3.651435380809035,7.329416835122313,0.23503265602322207,1000.0,2407.821447352143,2530.5333974359237,0.00662024496222008,0.39407767009940764,1.4047259225711253,GAUSSIAN_NOISE
0.0029971795776102717,1.1122500876812562,1.1122541259228407,2.0831123064594634,-2.161965494307507,4.24507780076697,0.10005002501250625,200.0,264.1908840887672,144.04714377735166,0.7572959284776025,5.2662592221826867e-08,1.2371092406323823,GAUSSIAN_NOISE
-0.0018245179986870748,0.6651972765710893,0.6651997787308124,1.6374166566476673,-1.781546457501966,3.4189631141496335,0.13078269567391848,200.0,462.007617216513,697.0812831666905,0.6893921939184297,0.059923938384250044,0.44249074562352175,GAUSSIAN_NOISE
-0.0027952568611886554,1.040259502865954,1.0402632583936828,2.661637343730859,-2.5906712300261177,5.252308573756977,0.10451306413301663,200.0,575.2617718199859,1252.1897136338373,0.7047120169367306,0.06345827369849381,1.0821476467638422,GAUSSIAN_NOISE
0.0018447023125381977,1.3090157759399321,1.309017075742805,3.322392483142861,-2.8108865581138103,6.133279041256671,0.09804902451225612,100.0,192.4062058478384,330.63124628958786,0.9112701830675726,1.0544072199812928e-06,1.7135257045862444,GAUSSIAN_NOISE
0.003032651080746569,0.8262499176126862,0.8262554830847104,2.680132487220169,-2.62595776110294,5.306090248323109,0.4293573393348337,1500.0,1748.4878214936437,873.582136814171,0.0348365096796318,0.26810996823065986,0.6826981233275482,GAUSSIAN_NOISE
0.005200458312810616,0.7998304941699547,0.7998474005526411,2.2320828956630656,-2.359207488738353,4.591290384401418,0.31332833208302074,1000.0,1450.937008316909,784.764158795635,0.01305853381017517,0.30131630174967766,0.6397558641708171,GAUSSIAN_NOISE
0.006995046094421559,1.4635019683754322,1.463518685261185,3.6890640580244467,-3.6875082141059483,7.376572272130395,0.12514064258032254,500.0,1054.42496188088,1585.1370468539462,0.00423071527137907,0.11741204632981939,2.1418869421086275,GAUSSIAN_NOISE
-0.024544178970540897,1.1511027164274898,1.1513643560958815,2.6601008031137554,-3.0057014013403074,5.665802204454063,0.16208104052026012,200.0,337.97519798872867,316.88252468244957,0.6938600802399625,3.4229910273894135e-06,1.3256398804880838,GAUSSIAN_NOISE
0.003403303911442601,0.5346872395875465,0.5346980705550227,1.2278723195515129,-1.3303700237219367,2.5582423432734496,0.19289911238904864,1500.0,1755.740237665851,1055.2744635928987,0.0028868081428477625,0.07588424747548078,0.28590202665526404,GAUSSIAN_NOISE
-0.00034355665297370794,1.069871525695574,1.0698715808569499,2.569954242309629,-2.462462714657704,5.032416956967333,0.0916364545568196,200.0,612.6957582733969,1403.2226000733822,0.8950062057923135,0.08154695656116029,1.144625199525349,GAUSSIAN_NOISE
0.001241563925385524,1.2918408490585285,1.2918414456802512,3.5988303472854373,-3.454253300388695,7.053083647674132,0.12264033004125516,100.0,812.6788335997961,1813.3633183076627,0.8242584757837731,0.13531396995002665,1.668854320777241,GAUSSIAN_NOISE
0.010323716160979874,1.35486946793355,1.3549087992384998,3.977397810499254,-4.386539288679614,8.363937099178868,0.2061030515257629,200.0,460.96601567466956,501.89010468050293,0.7210625738137074,7.521532619789365e-05,1.8357778542539132,GAUSSIAN_NOISE
0.01042721012501319,0.4927566552305519,0.49286696783715594,1.4250835364537922,-1.391881710642373,2.8169652470961655,0.2779390420899855,2000.0,3344.705901384326,2615.141751250042,0.009574701596197914,0.9266821357652087,0.24291784798499214,GAUSSIAN_NOISE
0.003272505717978983,0.9948281859762439,0.9948335684457267,2.6346097501299437,-2.664758967648845,5.299368717778789,0.16418722786647316,1000.0,1837.8393455572889,1898.0210891212932,0.0032903425428887803,0.3139278855470827,0.9896938289064584,GAUSSIAN_NOISE
-0.0013062079294585188,1.3917862159465046,1.3917868288922142,2.4770641031651053,-2.5724549657272893,5.049519068892394,0.06713339167395925,500.0,572.2447981515642,597.1638063597297,0.0007284404446713328,0.015634208056830627,1.9370705770778454,GAUSSIAN_NOISE
0.0008380398685889077,1.2888707692904313,1.2888710417423963,2.981842842602354,-3.184498649469157,6.166341492071512,0.26163081540770383,500.0,667.6379004090571,321.60743272013906,0.0098201518874182,1.2747923744182815e-05,1.6611885622421296,GAUSSIAN_NOISE
-0.001397338095692147,0.5826122744814223,0.5826139501678362,1.1520955412594833,-1.135384178283443,2.2874797195429264,0.058132266533316664,100.0,274.0572275218686,940.4646002311113,0.9568517380096517,0.03366043048667752,0.3394390149301699,GAUSSIAN_NOISE
0.0007114412178941545,1.1909069352169181,1.1909071477224242,2.640492446208005,-2.630227645443925,5.2707200916519295,0.11255627813906953,200.0,300.1908987448174,249.84392304646653,0.73441147467631,3.503887118469802e-05,1.41825983449636,GAUSSIAN_NOISE
0.0023450767350491585,0.7490077954392076,0.749011466543467,2.140251930043948,-2.4135073483385012,4.553759278382449,0.1943033381712627,1500.0,2466.9451797725687,2321.936600322233,0.0057902681702016985,0.1981735764096615,0.5610181770135951,GAUSSIAN_NOISE
-0.0013219510246298505,1.5208521017278644,1.5208526762591352,3.850985095997218,-4.900257329682154,8.751242425679372,0.15401925240655082,500.0,1086.0497782010086,1438.566340635665,0.004096088311028144,0.09919320656906558,2.312992862884574,GAUSSIAN_NOISE
0.021089762468984547,1.0040081710983801,1.0042296478959942,2.9649945083076155,-2.800275767427576,5.765270275735191,0.6268134067033517,1500.0,1223.1100035575546,492.35284410744936,0.06964710499601627,2.697810387427171e-05,1.0084771857133126,GAUSSIAN_NOISE
0.004155313793372109,1.3999282265433806,1.3999343935005013,4.266510802616641,-4.007837026084856,8.274347828701497,0.19194484760522496,500.0,1704.6407830959683,2511.192453387855,0.005233260159040396,0.17820996650524853,1.9598163061056164,GAUSSIAN_NOISE
0.001939796653174744,0.7310395967359544,0.7310421703341897,1.6283367236237605,-1.6312353410875067,3.259572064711267,0.08145863570391872,200.0,605.3635459426721,1671.868343250721,0.9265280927250009,0.06185882747450931,0.5344226548069224,GAUSSIAN_NOISE
-0.00023284887801257082,0.7782511610546989,0.7782511958883115,1.9825297545173683,-1.9553174865572291,3.9378472410745973,0.180545136284071,500.0,791.0334471774887,618.8405951707424,0.006589769271842711,0.05317616227557923,0.605674923901587,GAUSSIAN_NOISE
0.0037191463254801554,1.071730704002115,1.0717371571193466,2.9324046931482934,-2.7589410780872763,5.69134577123557,0.21398766328011612,2000.0,2861.4945207344826,1675.082325364027,0.002084484825273841,0.9830116683049944,1.148620533950259,GAUSSIAN_NOISE
-0.0020607522203121426,1.3112100361975279,1.3112116555784712,2.6996233453761316,-2.6545389149252894,5.354162260301421,0.24981245311327832,1000.0,1054.344763594179,349.9433515408436,0.003392806131121992,0.027162662391874134,1.7192760057248355,GAUSSIAN_NOISE
-0.0021620533278448226,1.2055164271440688,1.2055183659276176,2.585227217297191,-2.587764614995285,5.172991832292476,0.10705352676338169,200.0,280.30476414112763,195.4902375001984,0.7411255959180032,2.444870066557816e-05,1.4532745305887933,GAUSSIAN_NOISE
-0.0025128588417726175,1.2951859177081935,1.2951883553712076,2.117164635756695,-2.1090243660717674,4.2261890018284625,0.030507626906726683,100.0,112.23295899161123,177.60952567006402,0.993925968370254,0.003192322389079217,1.6775128758891737,GAUSSIAN_NOISE
0.004789175454474402,0.9137036397683188,0.9137161909079905,3.140896112764832,-2.5722946809908347,5.7131907937556665,0.22311155577788894,100.0,390.21619567652886,519.3092611626724,0.7100898303962861,0.0002733731659634486,0.8348772775274074,GAUSSIAN_NOISE
0.004637524035791751,0.556219838534448,0.556239171048273,1.6600207104625864,-2.019505171674163,3.6795258821367494,0.31015507753876936,100.0,574.9573860089586,622.7465984577827,0.5421084526224026,4.0164832382573747e-05,0.30940201540846995,GAUSSIAN_NOISE
-0.0025356806189654026,0.9919775534950763,0.9919807943273289,3.1964501070375073,-3.0975359301876106,6.2939860372251175,0.3770942735683921,1000.0,1576.9765325967237,897.4485505250022,0.019328444555081363,0.34795904658898796,0.9840258963142784,GAUSSIAN_NOISE
-0.003042529481545487,0.9908767039739059,0.9908813750716267,1.8532105116460063,-1.798676604720648,3.6518871163666544,0.12653163290822705,500.0,542.0935728279723,315.0341759284218,0.0016849620445014478,0.014290576133456858,0.9818458994638377,GAUSSIAN_NOISE
-0.0011040918704636376,1.3272338191521522,1.3272342783849678,2.327690696162364,-2.228848412241287,4.556539108403651,0.025003125390673835,100.0,133.83273100951587,422.8079567154432,0.9916804779514509,0.006374869647394765,1.7615508297200664,GAUSSIAN_NOISE
-0.0012696959550860187,0.641224951487941,0.6412262085555538,1.4624286611806205,-1.4612239742248558,2.9236526354054764,0.5002501250625313,1000.0,999.8974222441207,158.40752182267448,0.009272646008481522,4.0270235560221725e-05,0.4111710505385306,GAUSSIAN_NOISE
0.006211252686122557,1.2349077186024697,1.234923338966386,3.36840560951402,-3.1434489882880756,6.511854597802095,0.1805902951475738,100.0,306.5278010881245,441.01723633533413,0.7841226107807932,4.507698393737347e-05,1.5250356531238876,GAUSSIAN_NOISE
-0.001682587923611778,1.270468003895476,1.2704691180915326,2.924809771338664,-2.8881639809474846,5.812973752286148,0.37609402350587645,1500.0,1578.5663475565177,468.90434993563105,0.008275976219720663,0.07153705193857031,1.6140917800242764,GAUSSIAN_NOISE
0.007780753356750169,0.8815645523323558,0.8815988884134016,2.749972098773209,-3.0708499695409763,5.820822068314185,0.28338171262699563,1000.0,2931.430511873415,2874.5324923748963,0.008434796528510825,0.47090969883655054,0.7772166000517454,GAUSSIAN_NOISE
-0.007762715614673035,0.5017179669360917,0.5017780167566127,1.579312665325256,-1.74025323010421,3.319565895429466,0.2921806966618287,2000.0,3493.84289541352,2713.638169382266,0.009987304409181977,0.9272985229938536,0.2517811781001995,GAUSSIAN_NOISE
-0.01274001677753931,0.8021843185461363,0.8022854784606418,2.399177577820143,-2.4278647075388706,4.827042285359013,0.48924462231115556,1000.0,989.0915744626054,455.78641386804367,0.07962654934513827,8.581214957726306e-05,0.643661988948821,GAUSSIAN_NOISE
-0.0010213182549257739,1.5496963306821767,1.5496966672290355,4.076989091292394,-4.751014932212218,8.828004023504612,0.29828728591073883,2000.0,2800.8021528599866,1464.4090015562504,0.005994039521715812,0.9568888515551529,2.4015597604207803,GAUSSIAN_NOISE
0.003813429625290784,0.7312439798616616,0.7312539232916492,2.327417955754723,-2.058552201982854,4.385970157737577,0.4966241560390098,2000.0,1988.8916704176631,620.5918013216852,0.01966904372883274,0.8498254837263491,0.5347323003294291,GAUSSIAN_NOISE
-0.008511503375965986,1.1291933375561138,1.1292254156149846,3.049505123920425,-2.992653198058697,6.042158321979121,0.17280478955007256,1500.0,2241.0469210708698,2071.2149814689783,0.004689717095335412,0.15284101548458484,1.2751500392708348,GAUSSIAN_NOISE
0.0003376110751046415,1.3648101354710342,1.364810177228211,3.377045438234983,-3.613264810457073,6.990310248692056,0.20890111263907987,1500.0,1924.297221550792,1347.1744355084415,0.0060915438467653085,0.12731311578079565,1.8627068198657009,GAUSSIAN_NOISE
-0.0008920713177178285,1.066571242423907,1.0665716154843579,3.0648292402451527,-2.917831186374694,5.982660426619846,0.16077009626203276,100.0,796.692720471956,1754.6372272159933,0.7923268446336719,0.12981624014392273,1.1375750109569127,GAUSSIAN_NOISE
-0.0001331600459464275,0.4918312174790228,0.491831235505123,1.3203201944024712,-1.2775472259622342,2.5978674203647056,0.12164020502562821,200.0,878.4108718361406,1755.6158716638847,0.8267344973096425,0.13390380872879593,0.24189796421849571,GAUSSIAN_NOISE
0.0012506302538207459,0.7805026725261474,0.7805036744926254,1.9329209914945582,-2.074049671153731,4.006970662648289,0.17958979489744872,100.0,340.343394181172,500.4268104965281,0.7711777681045432,0.00013101288297132693,0.6091859858964901,GAUSSIAN_NOISE
-0.0007225604729264095,0.9704919744563518,0.9704922434403199,2.167460362309502,-2.188732309681085,4.356192671990588,0.07356676342525399,100.0,529.6149923700368,1718.2484913221178,0.9225410596118531,0.06471330665753128,0.9418551945778253,GAUSSIAN_NOISE
0.0012786597429648072,1.0763544067003687,1.0763551661947097,2.234575453853064,-2.2104414107306067,4.445016864583671,0.7503751875937968,1500.0,1350.588607970454,285.9323722478651,0.001806890693611665,8.696644223588593e-06,1.158540443794041,GAUSSIAN_NOISE
0.006439789905356739,0.8403401494689604,0.8403648241707525,2.249550034914357,-2.5298389053283543,4.779388940242711,0.678839419709855,1500.0,1266.654252113883,410.34051033409605,0.03207834187556308,6.332665627068054e-05,0.7062130377035398,GAUSSIAN_NOISE
0.003149391639852757,1.2295662410812074,1.2295702744757093,3.5554896544109713,-3.4851117823485867,7.040601436759558,0.22477809726215778,200.0,1267.3639280842972,2039.0920039481537,0.5587863741125737,0.20452318090042482,1.5118430598742711,GAUSSIAN_NOISE
-0.0067274901742791025,0.8618596192724693,0.8618858755406836,1.8438562617468364,-1.8249403964789637,3.6687966582258,0.08002000500125031,200.0,341.65450694190633,583.2256279839643,0.9260815225392706,0.039410250129069346,0.7428472624565308,GAUSSIAN_NOISE
-0.0033325203736040126,1.0733501114024062,1.0733552847680952,2.8008738356195697,-2.8577183875086796,5.658592223128249,0.1378809869375907,200.0,944.3720946442803,2118.042666257659,0.6638431050185137,0.10674532314737885,1.1520915673395986,GAUSSIAN_NOISE
0.005587869612723113,0.7591369876689,0.7591575530374577,2.909600818510373,-2.719823021145534,5.629423839655907,0.43514150943396224,2000.0,4704.94457007779,3043.7922220535884,0.014144376665592975,0.8741579574930698,0.5763201903338204,GAUSSIAN_NOISE
0.014087973683597252,1.077863974309775,1.0779560371913937,3.9124285077561085,-3.638895776381939,7.5513242841380475,0.38304788098512316,1500.0,3052.1260092161638,2059.7868216129145,0.017647955090741078,0.5225844382293267,1.1619892181173732,GAUSSIAN_NOISE
-0.00390005197090915,1.4988982143869976,1.4989032882404074,2.926327196608441,-2.995680547584434,5.922007744192875,0.03075768942235559,100.0,145.7014036241515,217.75363025836538,0.9443389275494423,0.004549921011861557,2.246711067497906,GAUSSIAN_NOISE
0.0058407603014099035,1.2721795027336207,1.272192910551093,4.202372299227036,-3.978307989976324,8.180680289203359,0.25798258345428154,1500.0,2855.3056641438548,2345.707744007198,0.006676049770364707,0.39554652733739637,1.618474801656461,GAUSSIAN_NOISE
-0.005645513516504623,0.7652985557093217,0.7653193785561939,2.4375050920966674,-2.2374138251247553,4.674918917221422,0.2348087021755439,500.0,950.9955995759018,820.1416867136578,0.012644655363717052,0.11119531609899251,0.5857137511936389,GAUSSIAN_NOISE
0.000744822472236532,0.44135483063981634,0.44135545911387136,1.0735359752992961,-1.0217654410719998,2.0953014163712957,0.12980769230769232,1000.0,1645.489397998029,1991.2344208063462,0.002880791206782181,0.11615600763343456,0.19479464128961615,GAUSSIAN_NOISE
0.0034436201850417195,0.48446773290739464,0.484479971462608,1.287466676542706,-1.3299153865068403,2.617382063049546,0.4988747186796699,2000.0,1995.6496225773562,530.1077532413135,0.013343807598653711,0.8939627831156514,0.2347208427484095,GAUSSIAN_NOISE
-0.012027332424904544,0.8301519957076697,0.8302391177863676,2.970888527162078,-2.95277610242984,5.923664629591918,0.41617702212776597,1000.0,3204.1050925161594,2382.199457163823,0.02576979868857193,0.5530266632545796,0.6892969927026861,GAUSSIAN_NOISE
-0.002526565848161246,0.5909883347270946,0.590993735430833,1.6880265575632791,-1.9223937173917067,3.610420274954986,0.17252156519564946,1000.0,1623.0111797040838,1605.8735792002196,0.006574292355980887,0.15547437042502546,0.34927359531848945,GAUSSIAN_NOISE
0.0012527630622180316,1.4650135106410191,1.4650140462725993,3.2092309585174887,-3.132937280056276,6.342168238573764,0.10655327663831916,200.0,281.665787788832,200.17063203228957,0.740300149972223,1.1499134532021832e-05,2.146266155776014,GAUSSIAN_NOISE
0.0068527735465382,0.8113337250217,0.8113626648194183,2.741911179442674,-2.485261021895277,5.227172201337951,0.2611576447055882,100.0,1631.905019517582,2350.807578774567,0.585477593811832,0.29385150791316267,0.6583093738628677,GAUSSIAN_NOISE
0.0006978276697792521,1.430507458151746,1.4305076283582785,3.02512896239073,-2.951171010426381,5.976299972817111,0.1873984248031004,1500.0,1960.6417286516246,897.0291374941139,0.000468253156782407,0.24709984876045957,2.0463520747912267,GAUSSIAN_NOISE
-0.0050164233394883306,0.9148535798535786,0.9148673330456331,2.195367861876906,-2.200027164997418,4.395395026874324,0.2591295647823912,500.0,663.3583982750775,308.64967305114334,0.007007023426625159,2.135990080762797e-05,0.8369822370740292,GAUSSIAN_NOISE
-0.003048377188249873,0.8934336235288145,0.8934388240138825,2.9626941922853742,-2.9429491817108593,5.9056433739962335,0.46211552888222057,1500.0,1929.7419958207222,950.3680293414237,0.029213125789838323,0.3571722824683417,0.7982329322553094,GAUSSIAN_NOISE
0.009028077015824329,0.820736271544572,0.8207859243453735,2.7458622906603614,-3.0846077262675884,5.83047001692795,0.5722861430715358,1500.0,1109.5651138160383,546.8893517355363,0.10326548996822059,0.0004553050690646935,0.673689533603489,GAUSSIAN_NOISE
0.003828484564698461,0.8024940602091694,0.8025031924952449,2.9401324618876283,-3.025737239858229,5.9658697017458575,0.3807975996999625,500.0,2961.5165197955903,2547.5396063393673,0.019689670282974935,0.5197315295639875,0.6440113739650601,GAUSSIAN_NOISE
0.006208597958048701,1.1399721293772107,1.1399890361075482,3.5356709843784113,-3.236016320473338,6.771687304851749,0.26040755094386797,1500.0,2367.1095821180656,1813.2378786149086,0.010324379763613542,0.2556658810561591,1.2995750024454167,GAUSSIAN_NOISE
0.00646363249070029,0.7771685173988903,0.7771953956251696,2.58244551296173,-2.6238543889971213,5.206299901958851,0.2626578322290286,200.0,1861.3192134336718,2430.013199167896,0.5742217855411622,0.3257078873302404,0.6040326829809639,GAUSSIAN_NOISE
0.0024437846967419507,1.3053962715666363,1.3053985590246833,3.253038889359332,-3.3320290149017744,6.585067904261106,0.17226052249637155,1500.0,2223.2699940568764,1563.1335741401397,0.0017575326234767796,0.28451170035660445,1.7040653979037192,GAUSSIAN_NOISE
-0.00389240053897831,1.4097506205651387,1.4097559941230073,3.229883128372058,-3.324279318146172,6.55416244651823,0.2501562695336917,2000.0,2176.4797183104097,892.3462397054152,0.003014918374844524,0.9775175431666187,1.987411962965749,GAUSSIAN_NOISE
-0.004739078149257999,0.8114624466678092,0.8114762850594044,2.975869673930052,-2.441529168532128,5.41739884246218,0.49874937468734365,1000.0,1009.495232655843,463.1428151368709,0.07928214469509605,0.0008201700240871506,0.6584937612138118,GAUSSIAN_NOISE
0.004058299787860497,1.1974602355599981,1.197467112510642,2.7141356302330166,-2.7863376575605803,5.5004732877935965,0.49874937468734365,1000.0,1000.1449631492989,196.89259338045827,0.014686871576998379,2.976607382579943e-06,1.4339274855445743,GAUSSIAN_NOISE
0.005921227043770313,1.3829841889015138,1.3829968646679145,3.3039306781465574,-3.3405960609126897,6.644526739059247,0.08888611076384548,100.0,518.2349246596134,1428.898957063266,0.8964707483992522,0.07950565657150983,1.9126803276812816,GAUSSIAN_NOISE
-0.012972046578306997,0.9603427537992755,0.9604303612273019,2.70574269486192,-2.8953954184165855,5.601138113278505,0.2503125781445361,500.0,1067.7653093925635,1019.7122903572837,0.027078107982742353,0.18969812132040426,0.9224264787672056,GAUSSIAN_NOISE
-0.0013946837171767324,0.50359623377637,0.503598165024869,1.269717882896514,-1.266744384165389,2.536462267061903,0.1763970496312039,1000.0,1558.8577938282049,1216.2706655515985,0.0031354142778604673,0.2890504307691862,0.2536111118164152,GAUSSIAN_NOISE
0.0022573717661590986,1.0844523826661885,1.0844547321108724,3.0143900343021848,-2.9307829112459864,5.945172945548171,0.21081277213352684,2000.0,2746.276814485282,2064.795981657572,0.005236451920505003,0.9607527526642712,1.176042065997664,GAUSSIAN_NOISE
0.003201250012105856,0.9545426774398748,0.9545480454412575,2.5601754280102123,-2.620551182905685,5.180726610915897,0.2785348168521065,2000.0,2747.896376604533,1398.2475478147524,0.004183032816885712,0.9674655002651684,0.9111619710557249,GAUSSIAN_NOISE
-0.0055518815423542065,0.7280555335509759,0.7280767015382764,2.581464349410585,-2.3049802389063947,4.88644458831698,0.3083270817704426,100.0,1029.4689187634601,1248.1149889739434,0.5315290945634668,0.23958498258041908,0.5300956833228565,GAUSSIAN_NOISE
0.002480199681365337,0.5783151316359008,0.5783204499838378,1.5098205311491113,-1.3504069438528299,2.860227475001941,0.49987496874218557,2000.0,1999.4378959067956,397.138146485377,0.007464627116665988,0.9381483634001325,0.3344545428695086,GAUSSIAN_NOISE
-0.0007485622128329875,0.6252627770346285,0.6252632251223816,1.6741862207669398,-1.457563419483485,3.131749640250425,0.1590166908563135,1500.0,2042.2610170398996,1801.0805282844467,0.0033860418906168817,0.1112682524716167,0.3909541006904421,GAUSSIAN_NOISE
0.0016577982288942402,1.0459163741671085,1.0459176879878447,3.1539631349412787,-3.0726641743969907,6.226627309338269,0.2666333166583292,200.0,526.387680310241,498.65609165522164,0.5225070224891127,3.795126771784898e-05,1.0939438100458383,GAUSSIAN_NOISE
0.0012552993397756905,1.5342537305069133,1.5342542440387164,3.229233884583385,-3.247711601374837,6.476945485958222,0.0589622641509434,500.0,748.3026441030546,889.4695112294031,0.000529210377204748,0.017757104277756234,2.353936085350813,GAUSSIAN_NOISE
0.001428576128468544,0.8749511590456854,0.8749523252984378,2.0452918975193843,-1.9521603412817923,3.9974522388011766,0.05397314949201742,100.0,325.4823678817272,1186.1391842673936,0.9193822756774376,0.029662960408327218,0.7655415715451432,GAUSSIAN_NOISE
-0.009263822212606559,0.64246463708267,0.6425314220361161,2.0056843313352157,-1.805789982333323,3.8114743136685387,0.32366183091545775,500.0,741.3541468510524,413.94654644887663,0.034595440636223274,0.000653407579284709,0.4128466283037536,GAUSSIAN_NOISE
0.0025026384978113743,1.1301464631831093,1.1301492341477484,3.738755509932523,-4.407878424304359,8.146633934236881,0.30191273909238653,1000.0,2459.576224462696,2195.1433151100564,0.013746160281451427,0.3650955296738942,1.277237291444742,GAUSSIAN_NOISE
0.00308027755063708,1.400373425010255,1.400376812713186,3.203859359045092,-3.274482502007632,6.478341861052724,0.10726340792599075,500.0,869.9902984360867,1069.632870835964,0.001936372125873296,0.050875678781462826,1.9610552175847416,GAUSSIAN_NOISE
-0.001521527808602661,0.8759069083591418,0.8759082298723665,2.2903925772670366,-2.399109105034844,4.689501682301881,0.17607039187227866,1500.0,2232.5999460614603,2059.6557026398937,0.004226637325747348,0.1507473085012408,0.7672152271581424,GAUSSIAN_NOISE
-0.0011908854345193676,0.5506745581337213,0.5506758458329976,1.5202049969419404,-1.5878562541053276,3.108061251047268,0.2550798258345428,2000.0,3115.2247876012234,2029.2649007570074,0.0033481722894792535,0.9690506796865397,0.30324388718388734,GAUSSIAN_NOISE
0.0007525703059001163,1.565309786408315,1.5653099673188404,3.587755153522876,-3.8372103521547087,7.424965505677585,0.2519064883110389,2000.0,2627.3120412075336,1202.127250630675,0.0012416036823597026,0.9892778019056176,2.4501952937877096,GAUSSIAN_NOISE
-0.005273455024333984,0.3873050543671701,0.38734095376844707,1.0279141580212574,-1.0584124213092472,2.0863265793305046,0.49374687343671836,1000.0,990.3212147993188,335.08278347140345,0.04660552130310938,1.4645373867177539e-05,0.15003301446625025,GAUSSIAN_NOISE
2.9667843282809693e-05,0.8957173933977308,0.8957173938890582,1.6245373668091674,-1.5998291852835054,3.2243665520926728,0.0560280140070035,100.0,123.74669180075227,168.99538482976942,0.9756743853525554,3.344243287574515e-06,0.8023096497154064,GAUSSIAN_NOISE
-0.0049494757226985564,1.106333851026782,1.1063449223626776,2.587623114377566,-2.7284194961703907,5.316042610547957,0.16104026006501626,500.0,743.7914953930691,541.8412578539075,0.004773659667973514,0.037009950626926934,1.2239990872376791,GAUSSIAN_NOISE
-0.015916951770804273,0.893463584632405,0.8936053527244903,3.228576285478098,-3.0662875769680347,6.294863862446133,0.5043760940235059,2000.0,2006.7812602500148,973.1614345313953,0.04037907685116679,0.6484006095924737,0.7985305264178607,GAUSSIAN_NOISE
-0.011374924453767268,1.1137643724903965,1.1138224572773059,2.744484601135116,-2.6464719540693977,5.390956555204514,0.1322830707676919,200.0,451.2176704545023,675.3444528370809,0.6850149163008948,0.05478040589484722,1.2406004663352557,GAUSSIAN_NOISE
0.0027979939750570676,0.584256368138256,0.5842630678730171,1.8335508747608762,-1.8611139178823395,3.6946647926432155,0.3059132391548944,1000.0,2351.9437718259696,2011.3723719868206,0.012372096560488533,0.4406209628064025,0.34136333248038975,GAUSSIAN_NOISE
0.0054743378648034096,0.8078917533391188,0.8079103003975215,1.70104020967002,-1.6481391353286785,3.3491793449986984,0.12703175793948487,500.0,676.1663962344702,384.73279601056635,0.0014715059649014835,0.011805926957386402,0.6527190534884135,GAUSSIAN_NOISE
6.791265891754883e-05,1.3571512444730673,1.3571512461722626,3.547482181558828,-3.5005772768302847,7.048059458389113,0.1169267053701016,500.0,1302.8249348930428,2225.0891639111223,0.0033250522504473163,0.13217221135745955,1.841859504986925,GAUSSIAN_NOISE
0.002581746009332557,0.5534631487547713,0.5534691702723854,1.5387584886249888,-1.5597273317644553,3.098485820389444,0.13703425856464116,100.0,486.48922463683016,922.8107022920037,0.8077960211964359,0.10202965047334196,0.3063281224420028,GAUSSIAN_NOISE
-0.015879126450947453,1.0042353123571912,1.004360846131504,3.26632565741588,-3.345297675698763,6.611623333114643,0.361090272568142,1000.0,1501.8033389373186,955.9756142973,0.030761903686835755,0.2530238221502288,1.0087407092419904,GAUSSIAN_NOISE
0.0003364382919435646,1.513581105164194,1.513581142555888,3.0777748313369213,-3.0245403728006806,6.102315204137602,0.09243468795355587,1000.0,1344.3396560475092,830.7219244767334,0.00032042002147132214,0.2448021484006905,2.2909278751007873,GAUSSIAN_NOISE
0.0060566727714256394,0.6828008992615023,0.6828277610916067,1.999413274934458,-2.4762322626985425,4.475645537633,0.224112056028014,100.0,365.17886118771963,496.11979603483144,0.7370725629905862,5.2904200011629357e-05,0.4662537513173763,GAUSSIAN_NOISE
0.0023445463436551107,1.1902695480509975,1.1902718571465443,2.0547857319914087,-2.038899579645192,4.093685311636601,0.18142235123367198,2000.0,2037.374456232571,486.0401155130917,0.0002322533586236145,0.9980226922184412,1.4167470939150832,GAUSSIAN_NOISE
0.0037454387159804987,1.2018350429815348,1.2018408791722817,2.6650609506072467,-2.5376765295574373,5.202737480164684,0.08577144286071518,200.0,349.85127751742016,598.137703121583,0.9203033565834282,0.0415448272058718,1.444421498849603,GAUSSIAN_NOISE
-0.0028850617938890686,1.3719939336339335,1.3719969670191945,4.235302199459386,-4.012822328448536,8.248124527907922,0.2256128064032016,100.0,366.10550397748665,492.1114994445049,0.7205761048721765,0.00019028250902080487,1.8823756775098688,GAUSSIAN_NOISE
-0.00347552208762085,1.4736686172800213,1.4736727156359348,3.291548631332325,-3.429007955826854,6.720556587159178,0.37534383595898974,1500.0,1887.47822054179,720.2166973024002,0.0028933342111509544,0.2515451739612788,2.171711272809791,GAUSSIAN_NOISE
0.001773063526282919,0.7782317755062259,0.7782337953095079,1.7091822207377094,-1.7769310441298272,3.4861132648675364,0.5002501250625313,1000.0,1000.6861284193965,205.7338854646772,0.015827453872647054,2.552503711187361e-05,0.605647840161841,GAUSSIAN_NOISE
-0.005642023473382188,0.9862876001324875,0.986303737498736,3.166164630210152,-3.314015404555392,6.480180034765544,0.3324165520690086,1000.0,2605.2846465507773,2272.486375317246,0.02122059013525885,0.39851349319797247,0.9727950626039755,GAUSSIAN_NOISE
-0.005585079055567551,1.1413880610515448,1.1414017255195743,2.588006607187901,-2.854473913732698,5.442480520920599,0.14628657164291073,500.0,730.3256803004595,514.7928445878913,0.003849674316539523,0.03140534257080453,1.3027978990190618,GAUSSIAN_NOISE
-0.013334741605794726,0.9515777688608182,0.9516711961196609,3.1194668582434852,-2.9026856527401765,6.022152510983662,0.3325831457864466,1000.0,1427.2403877307527,905.6866282061411,0.02730783704174311,0.21436018729229325,0.905678065523826,GAUSSIAN_NOISE
0.018626825219651144,1.7862530853090874,1.7863502017784747,5.078691816727127,-5.304457425753153,10.383149242480279,0.3027878484810601,2000.0,2839.5959594935,1504.7931766991012,0.005185746497773884,0.9539883790423178,3.191047043393997,GAUSSIAN_NOISE
-0.000891047675928153,0.6784516377536548,0.6784522228842479,1.6721025600838235,-1.6682806864869264,3.3403832465707497,0.0887155297532656,500.0,947.2989826116128,1444.342191754266,0.0013615985111524404,0.0510834495735207,0.46029741873657715,GAUSSIAN_NOISE
-0.005116680975274523,1.4553012405014152,1.4553102353206893,3.5816801660531623,-3.894035174985489,7.475715341038651,0.25490686335791973,2000.0,2305.031311173541,1157.903985459309,0.004974120439211038,0.9621117573733627,2.11792788102916,GAUSSIAN_NOISE
-3.0294064109135377e-06,1.0137371535282482,1.0137371535327746,2.1789989963616883,-2.212992067982488,4.391991064344176,0.24981245311327832,1000.0,1063.923042502622,383.6639713331197,0.0035163846129011044,0.031867078402357536,1.0276630164527323,GAUSSIAN_NOISE
0.008774575605816659,1.3577253057585228,1.3577536592011588,3.7425033737254134,-3.957017353685857,7.6995207274112705,0.5008752188047012,2000.0,2002.6459508776795,543.3739471527177,0.01343394990571717,0.8916684496387753,1.8434949990741365,GAUSSIAN_NOISE
-0.006817744322131337,1.0466956970264771,1.0467179007790899,3.5005022793463194,-3.7165983826878817,7.217100662034201,0.31921262699564584,1500.0,3547.909267937876,3023.3632964569338,0.012519839127222399,0.4215152951126088,1.0956183638113846,GAUSSIAN_NOISE
0.00960764826774143,0.7906948375405833,0.7907532061386574,2.552600403214916,-2.6808896860504823,5.233490089265398,0.38319159579789897,100.0,687.4598196381984,642.5895523373398,0.4474745669293322,0.0010220188442485432,0.625290633018566,GAUSSIAN_NOISE
0.001346676542311294,0.6681198551917296,0.6681212123852432,1.4828988144719115,-1.402276030366568,2.8851748448384793,0.13478369592398098,500.0,626.4119215053221,534.5740081909626,0.005713450652403971,0.04138318223003928,0.4463859544391273,GAUSSIAN_NOISE
-0.008620888254394948,1.3544454649044022,1.3544729001033566,3.8587955673912218,-3.879411965215862,7.738207532607084,0.16089511188898611,500.0,1304.3902913190839,1834.1037358476021,0.008155747519997337,0.17342794483889215,1.8345968371143972,GAUSSIAN_NOISE
0.0016079432716247105,0.7589704854748601,0.7589721887549697,1.9266389190579272,-1.891792412982289,3.818431332040216,0.12053013253313329,100.0,311.72648192477106,666.0050957822305,0.865510806050043,0.04908648267490225,0.5760387833035094,GAUSSIAN_NOISE
-0.0026225423987080738,1.5211372789741733,1.5211395396917355,4.390660144175039,-4.385587759204752,8.77624790337979,0.2550318789848731,1500.0,2295.85715133643,1461.822219846251,0.0056469714616005995,0.32968837986395516,2.3138654992135854,GAUSSIAN_NOISE
0.0008192539032163424,1.1287273317695803,1.1287276290853496,2.558394393200032,-2.5724343655686805,5.130828758768713,0.09338667333416677,500.0,809.4244462666977,932.7138072183643,0.0014237623831419106,0.038244735267637636,1.2740260606606344,GAUSSIAN_NOISE
0.0060314155992566825,1.0566031232952713,1.056620337742679,3.699155131745157,-3.4081113396720712,7.107266471417228,0.2670667666916729,100.0,854.6600082998289,1146.5718250476705,0.601440216243835,0.19110611290564009,1.1164465381314532,GAUSSIAN_NOISE
-0.002079176529009664,1.1976898047298012,1.197691609442409,3.3935006845270026,-3.174866616060085,6.568367300587088,0.1593949243655457,200.0,876.4332479480013,1674.2612748001648,0.6391673517378597,0.12498427421314721,1.4344651913287483,GAUSSIAN_NOISE
0.006443463725564698,0.8136814830274565,0.8137069952056106,2.4061622341245226,-2.041916832264781,4.448079066389304,0.2591295647823912,500.0,595.7406833475826,322.72414016860716,0.027962033704584617,4.21165956601148e-06,0.6621190740465436,GAUSSIAN_NOISE
-0.0014624047432453932,1.1689298805865858,1.1689307953663481,3.771187062674615,-3.7750217641747428,7.546208826849358,0.21852322206095792,1500.0,2695.9312276990095,2531.7394990172074,0.006113610357643691,0.24141995938820365,1.366399204355803,GAUSSIAN_NOISE
-0.0023783936531582496,1.5518382619224669,1.5518400845199585,3.650783383330145,-3.554602301005808,7.205385684335953,0.19164895611951493,1500.0,2012.773195719704,1014.0610955476386,0.0011430035442453806,0.25909619289469743,2.4082076479229118,GAUSSIAN_NOISE
0.0075417729219346774,0.5401374891775974,0.540190138334536,1.691695580785929,-1.7302658455017492,3.4219614262876785,0.2481240620310155,100.0,435.7515567310628,545.883455701419,0.6642861153446062,0.00011136148481699001,0.2918053855538851,GAUSSIAN_NOISE
-0.0018561380804342253,0.9660659289630638,0.9660677120946756,1.9915824906974944,-2.1373247501077786,4.1289072408052725,0.1892736592074009,1500.0,1694.2634593119433,927.5125143195338,0.00229692902484667,0.058174776742183014,0.933286824351841,GAUSSIAN_NOISE
-0.00039640954589255297,0.8724421204890872,0.8724422105469352,1.5886785843457483,-1.613530076962745,3.202208661308493,0.18142235123367198,2000.0,2063.8063198357677,631.0788275678092,0.00043610230295091496,0.9966610176759394,0.7611554107440228,GAUSSIAN_NOISE
-0.002686397242506237,1.046055065789358,1.0460585152818758,2.0426637433158485,-2.0932659071317685,4.135929650447617,0.0746343292911614,500.0,624.9197783050215,782.534773558709,0.001211798813637723,0.026661834935192086,1.0942384173937225,GAUSSIAN_NOISE
0.0010544862012647981,0.5897419938929579,0.5897429366274684,1.8742346835125403,-1.7346967723628994,3.6089314558754397,0.23230807701925482,100.0,663.8015418586526,1047.3330471225543,0.69941493776426,0.14257987836350783,0.3477967313019902,GAUSSIAN_NOISE
0.0003250830381986516,0.9678025092849987,0.967802563882387,2.275157901104027,-2.2857178654379493,4.560875766541976,0.07050881360170021,100.0,331.2552225831168,1016.7407619178151,0.9035350808242529,0.03920990544917263,0.9366418026573217,GAUSSIAN_NOISE
0.006413913922357342,1.1783781255463406,1.178395580888655,3.299985706361362,-2.9736934304904867,6.2736791368518485,0.107855587808418,200.0,961.1439265866854,2214.38752462399,0.8585119777163053,0.11835175534399854,1.3886161450579109,GAUSSIAN_NOISE
-0.004581855520999433,1.478083427015097,1.4780905285592996,4.198626851724978,-4.0619922386103955,8.260619090335373,0.6908454227113556,1500.0,1281.0635417886767,398.7781969693106,0.027721785199754587,0.00013985321335167127,2.1847516106167095,GAUSSIAN_NOISE
-0.006802589139847304,1.1767826310353138,1.1768022926241268,2.890876110808343,-3.216056450890369,6.106932561698712,0.17039629953744218,1000.0,1539.0059446325724,1188.80205199295,0.003283997448610692,0.2845515173619447,1.384863635925401,GAUSSIAN_NOISE
0.004342538119370909,1.1805269869461448,1.180534973876446,2.555962967704491,-2.7493313264067165,5.305294294111207,0.49987496874218557,2000.0,1997.388455190477,319.4657255058631,0.004670896633130998,0.9602028238585011,1.3936628245454608,GAUSSIAN_NOISE
0.005617607834643116,1.3617139025180451,1.3617254898946072,2.9642650485072686,-3.043102808349697,6.007367856856966,0.07753876938469234,100.0,172.29072213969272,235.8521201149683,0.9108798798397639,3.1973691567382184e-05,1.8542963098287082,GAUSSIAN_NOISE
0.0018930355270068459,0.4410856564153184,0.4410897186274452,1.067460397010381,-0.9977188543280271,2.0651792513384084,0.18486937590711175,2000.0,2280.5654538719937,1315.3101101989712,0.002049837103399274,0.9848145197346103,0.1945601398788388,GAUSSIAN_NOISE
-0.02528950364571301,0.9833079989258857,0.9836331530333228,2.9610454722114947,-3.4071487314409694,6.368194203652465,0.48724362181090547,1000.0,988.1455451323397,451.97325129814584,0.0802147150891806,0.00018776350189713114,0.9675341797462761,GAUSSIAN_NOISE
-0.02482131710113301,0.9204263317458647,0.9207609515796071,2.5407196953804814,-2.938357585789877,5.479077281170358,0.5057528764382191,1000.0,1007.271643564016,438.05514677433393,0.07077942170095584,0.00034291549542216386,0.8478007299537836,GAUSSIAN_NOISE
0.0037009863622080312,0.7979539303582972,0.7979625130758384,1.8076994083757116,-1.7969643317696264,3.6046637401453383,0.2518129532383096,1000.0,1121.6968743945783,524.0380931174928,0.00929224012082638,0.0616563582010176,0.6367441722743077,GAUSSIAN_NOISE
-0.0006904564112298557,1.270743460773967,1.270743648353142,2.5396276508853544,-2.6311056297107913,5.170733280596146,0.37509377344336087,1500.0,1519.174147188398,246.34270685204518,0.0024099064830628066,0.019264788981527493,1.614789419829854,GAUSSIAN_NOISE
0.0005813546581331481,0.9650470069314718,0.9650471820385939,1.830570173424522,-1.8939969344666474,3.7245671078911693,0.49987496874218557,2000.0,2000.7029340562246,175.63789302736237,0.0013672946666995946,0.9886290529539421,0.9313160635606309,GAUSSIAN_NOISE
0.007009894642497715,0.9134508739310913,0.9134777707795484,3.17003110571676,-3.251578863952428,6.421609969669188,0.3225689404934688,500.0,3260.910663418907,3447.950320866272,0.012603415402617685,0.44748667568127987,0.8344416377083732,GAUSSIAN_NOISE
-0.007067067925019503,0.6265117309942198,0.6265515880774946,2.3373711463155793,-2.200456354858749,4.537827501174329,0.3384433962264151,500.0,3441.871615613791,3479.002969641216,0.01432296555098976,0.4816631773929566,0.3925668925224304,GAUSSIAN_NOISE
1.981108860215919e-05,0.9890340716749338,0.9890340718733494,1.8255096195017457,-1.9606349969725465,3.7861446164742922,0.044630578822352794,100.0,199.35355938326043,716.7971621952439,0.9752106755186674,0.01906558932135452,0.9781883953263775,GAUSSIAN_NOISE
-0.0020316412223333204,0.4583507365837883,0.4583552391900387,1.073098082102578,-0.9838389845534932,2.0569370666560713,0.08477119279819954,100.0,296.28608055661834,684.056855593713,0.9021460876096857,0.051200549117241534,0.21008952529295757,GAUSSIAN_NOISE
0.003443999205241491,1.273274109424265,1.2732787671443677,4.131216796205779,-3.9600948444832156,8.091311640688994,0.2840710177544386,500.0,1111.8910922024236,959.326486228477,0.02483048870380691,0.17516796417605743,1.621238818860681,GAUSSIAN_NOISE
0.0011325792358905479,1.1006316245308232,1.1006322072577583,3.177281563371163,-3.0627820046567904,6.240063568027953,0.17754438609652412,100.0,493.45756856571694,899.2408188114568,0.7778617424548264,0.09596104282955499,1.211391255653085,GAUSSIAN_NOISE
-0.0037599015085819846,1.62716947989133,1.6271738238888847,3.700498216380096,-3.745505423578116,7.446003639958212,0.07113389173646706,100.0,349.14925779850586,1055.9829697765729,0.8989942846918003,0.04213839201760045,2.647694653149175,GAUSSIAN_NOISE
-0.006611574204004638,0.9199841530052767,0.9200079101259355,2.497602260467099,-2.5719509881119196,5.069553248579019,0.10526315789473684,200.0,615.4352382341057,1319.6764935024069,0.694662839517873,0.0716446696851795,0.8464145546942914,GAUSSIAN_NOISE
0.007034702626975293,0.8577925916590683,0.8578214367490655,3.0134644807772375,-2.788745237044865,5.802209717822103,0.34404300537567195,1500.0,2834.833864227985,1941.9497995887489,0.013389166559850231,0.4634179281168281,0.735857617346231,GAUSSIAN_NOISE
0.00014788931418653384,0.785179062522176,0.785179076449731,1.645388980161502,-1.6521982217469777,3.2975872019084798,0.07350918864858107,500.0,720.6082663252588,676.2655047970759,0.0006887750871789091,0.017534462913734724,0.6165061820944525,GAUSSIAN_NOISE
0.010054013788095293,1.4806134653854033,1.4806476005700426,3.6787768920513395,-3.4023591053716524,7.081135997422992,0.10505252626313157,100.0,214.55505700979703,364.1918826072246,0.8890443680743917,6.500236435654378e-06,2.1923173170738246,GAUSSIAN_NOISE
0.0005623306690328196,1.268936886283975,1.268937010882672,2.1791329492356617,-2.0888379180947303,4.267970867330392,0.09954977488744372,200.0,210.2260582268736,110.015428889341,0.9884867015339673,2.991658643105592e-06,1.6102011375878509,GAUSSIAN_NOISE
-0.007328510198584459,0.9148863234402617,0.9149156747371692,3.0164077514659677,-3.2874343661716727,6.3038421176376405,0.3966983491745873,500.0,829.579004682773,524.987733243741,0.07232518431716982,0.0009122744726760575,0.8370706918797696,GAUSSIAN_NOISE
0.008021094118683254,1.6499102110826507,1.6499297083771955,4.685403558932318,-4.582918589437353,9.268322148369672,0.21165145643205402,1000.0,1750.6634675890837,1484.8669838858477,0.005092757745235391,0.32737388119739347,2.7222680425856574,GAUSSIAN_NOISE
0.0014565714722396233,0.8721244569397935,0.8721256732793636,3.1131168270452383,-2.651252245361517,5.764369072406755,0.36809202300575145,200.0,1365.9245259651289,1254.4017369549267,0.32546706160608463,0.32267840489227284,0.7606031899929834,GAUSSIAN_NOISE
0.0057997876779892436,0.5152831683236072,0.5153158071461855,1.4997458668967139,-1.5824535197633285,3.0821993866600423,0.18277284660582574,100.0,1248.4296945644403,2172.771949308043,0.716162619383361,0.22081771692056454,0.2655503810947247,GAUSSIAN_NOISE
0.009656700160411313,0.632590663999762,0.6326643660248678,2.2951053683428255,-1.995917429564669,4.291022797907495,0.35096153846153844,1000.0,3677.7775577291072,3198.690112923128,0.012756548735826807,0.566865699909655,0.4002642000376479,GAUSSIAN_NOISE
-0.009820008232645745,1.1785336162889561,1.1785745276751969,2.4345447733498427,-2.3327463253654077,4.76729109871525,0.1040520260130065,200.0,273.5283985957719,174.8450204388659,0.7471944004001491,2.3308948810560363e-06,1.3890379172848135,GAUSSIAN_NOISE
0.0020506390819423157,0.5394099016555576,0.5394137995312158,2.0854049285788046,-1.9880701461724846,4.073475074751289,0.33463352685050796,1500.0,3692.7726071277652,3106.727289347041,0.012278630946198061,0.44401400633577554,0.29096724712470273,GAUSSIAN_NOISE
0.005098115950786839,1.6629241267727177,1.6629319415385144,5.186539802850557,-4.493789794775572,9.68032959762613,0.16536647314949202,1000.0,1805.5631826445483,1861.8896281397492,0.0029542284338633464,0.30636203766063635,2.765342642189053,GAUSSIAN_NOISE
0.0201318583049125,0.9906343507477141,0.9908388913441751,3.042581636485896,-3.574551410864669,6.617133047350565,0.49637409352338085,2000.0,2000.7196155994181,763.9978778316907,0.027757370606844835,0.7754102912898425,0.9817617086001541,GAUSSIAN_NOISE
-0.00919764201284441,0.3992199954517329,0.3993259337772568,1.2611252126419044,-1.285702563465923,2.5468277761078273,0.49874937468734365,1000.0,1005.6105070949569,425.85990244652965,0.06491096696307029,1.9165487970257576e-10,0.1594612013870781,GAUSSIAN_NOISE
-0.00019012133082675655,0.9094844515692287,0.9094844714409923,3.0443259106658616,-3.5205344227289355,6.5648603333947975,0.32846516690856314,1500.0,3604.5627732998323,2886.7556104152895,0.01106857846718007,0.506994931599185,0.8271620037923012,GAUSSIAN_NOISE
-0.003956289338887018,1.09088754693823,1.0908947209929298,2.6882365725530315,-2.501033741859878,5.1892703144129095,0.2586293146573287,500.0,666.8002307669642,314.0311613803002,0.007965744475056909,1.4358836522564075e-05,1.1900512922902422,GAUSSIAN_NOISE
0.003159523655117524,1.4536771734855642,1.4536806070463713,3.9398926450779905,-3.7519294744618508,7.691822119539841,0.12789098637329666,200.0,875.1566538677525,1752.1703861156675,0.8294530998835858,0.13339508796904323,2.1131873073027063,GAUSSIAN_NOISE
0.004610623677682612,1.434761519212736,1.4347689273413804,3.9991930416490833,-3.7037524945431404,7.702945536192224,0.2629078634829354,2000.0,2677.929905691875,1282.1167867700156,0.0022887502587940435,0.9816477257627398,2.0585618748643353,GAUSSIAN_NOISE
0.00012264309631899374,0.8698569773089482,0.8698569859548115,2.1054069124636436,-2.4201798893598307,4.525586801823474,0.7443721860930466,1500.0,1423.48445210718,288.07342524721395,0.018342777906327174,8.051342025769694e-06,0.7566511760143892,GAUSSIAN_NOISE
0.0026018871211393384,1.1790085666377532,1.1790114376127996,2.7618374536078356,-2.7751076711167633,5.536945124724599,0.5002501250625313,1000.0,996.3481083092357,221.86033176357887,0.019648651647817594,0.00010182563821808119,1.3900679700218006,GAUSSIAN_NOISE
-0.010221364984835495,1.3338547377474146,1.3338939004708648,4.1952003374589255,-4.130348176184946,8.325548513643872,0.2966255442670537,2000.0,3472.027628751019,2410.42128046826,0.006507269867366666,0.9488465855196929,1.7792729377133771,GAUSSIAN_NOISE
0.0026016189661698633,1.4584247845869636,1.4584271050411728,4.005963119392388,-3.9563942708722415,7.962357390264629,0.3778444611152788,1500.0,1615.9047566784973,596.777868683705,0.014664317588297596,0.11744179601245426,2.127009620718776,GAUSSIAN_NOISE
-0.013350328617939984,1.033125146347302,1.0332114010643423,3.2141126380563025,-3.5693657748098375,6.78347841286614,0.42060515128782194,1500.0,1739.2252520638335,844.9020229379836,0.028095099865912878,0.24232386919251941,1.0675257992893412,GAUSSIAN_NOISE
-0.003595786470740868,1.0583522500593818,1.0583583584429705,3.654688407634393,-3.135259615570493,6.789948023204886,0.1683599419448476,200.0,1564.7256298605714,2821.4437364552623,0.7467912370722253,0.21081695128782646,1.1201224148860995,GAUSSIAN_NOISE
0.0011027471562914239,1.280450687483707,1.280451162336459,3.2124520024179617,-3.0615622592286784,6.27401426164664,0.1169267053701016,1000.0,1492.3925935319187,1762.2571472608622,0.0021435607339928054,0.08814855263837354,1.6395551791287888,GAUSSIAN_NOISE
0.004932158244800267,0.7791258321629677,0.7791414432107875,2.2424146702039573,-2.6254474792624425,4.8678621494664,0.3703425856464116,1000.0,1549.4269219250148,987.5803043843723,0.034531636063832916,0.2706167419215457,0.6070613885285888,GAUSSIAN_NOISE
0.004793064186856963,0.9934413565675552,0.9934529190671713,2.7264646553174097,-2.8198066830560844,5.546271338373494,0.1588352685050798,1000.0,1952.5065926073812,2342.9660951103547,0.004939644513235712,0.17332669929276703,0.9869487024030835,GAUSSIAN_NOISE
0.0041937556351989225,0.8152554569326841,0.8152662434106096,2.735820594116369,-2.8952650774965374,5.631085671612906,0.23852981622702837,500.0,1669.8444299933583,2020.882852691085,0.00863483522704737,0.22634903321921346,0.6646590476448473,GAUSSIAN_NOISE
-0.004363748117511713,1.1416212364477207,1.141629576441525,2.1029977843317025,-2.0872288331702515,4.1902266175019545,0.7503751875937968,1500.0,1483.6328848437424,135.32937046095114,0.003856525978835309,8.357199677317229e-06,1.3033180898060557,GAUSSIAN_NOISE
0.012852525292629603,1.2867997125543706,1.2868638963139842,4.216525105287162,-3.881372795984569,8.09789790127173,0.23830957739434858,200.0,736.572277084856,982.6430427209974,0.5563941481307482,0.13351322028930293,1.6560186876364087,GAUSSIAN_NOISE
0.008460544867586378,0.6752561557030614,0.6753091563382905,2.1475019909894733,-1.683776612529295,3.8312786035187685,0.7143571785892946,1500.0,1342.9607767252298,395.9850157072236,0.04085801104197196,1.0738752533854116e-05,0.45604245663433357,GAUSSIAN_NOISE
-0.0009464415443161273,1.4056657011679294,1.405666019789738,2.461094686983158,-2.465762548519728,4.926857235502887,0.49987496874218557,2000.0,2000.3578972584214,119.93902639313126,0.0005334052526883227,0.9945870476938186,1.975896959191524,GAUSSIAN_NOISE
-0.00538145756748818,0.8197989710747016,0.8198166338033707,1.9259816547532553,-1.7682511094493152,3.6942327642025705,0.09038629828728591,500.0,779.6572833090138,1152.5472999962378,0.0028920404995689984,0.059447730140262826,0.67209931306069,GAUSSIAN_NOISE
-0.001376391228286373,1.3727755370781827,1.3727762270862307,2.978987433031211,-3.198764658968331,6.177752091999542,0.5001250312578145,2000.0,2001.742972024817,283.8459746030713,0.003386306430352056,0.9701623920111305,1.8845145696531063,GAUSSIAN_NOISE
-0.01447617269840703,1.6755618004731123,1.6756243334293912,4.492542768614998,-5.102441348799107,9.594984117414104,0.18989873734216778,500.0,1297.0434601300253,1703.080697803123,0.006826017855428219,0.14653549374488278,2.807716906780692,GAUSSIAN_NOISE
0.0013493435694767757,0.43431786364312525,0.4343199597158722,1.1180083873982887,-1.1250852847559103,2.243093672154199,0.13376672084010502,100.0,609.5003630643878,1516.4688142122725,0.8393620600402736,0.09364717097803421,0.18863382740759682,GAUSSIAN_NOISE
-0.002946629381943598,0.6113772405953478,0.611384341427466,2.0866526741019484,-2.1388598346569925,4.225512508758941,0.2932692307692308,100.0,2801.030499255464,3515.7125344506876,0.5102018892990831,0.41070715878104885,0.3737908129426963,GAUSSIAN_NOISE
-0.003273463776394114,1.1662198040214247,1.1662243981570894,2.5221225255494635,-2.6244113422488384,5.146533867798302,0.24990623827978498,2000.0,2612.183793568793,1167.6159745006464,0.00076807830823275,0.9930389064048039,1.3600793468568655,GAUSSIAN_NOISE
-0.0017980654639470108,1.098893479648959,1.0988949506911065,3.3195973720148224,-3.497906090090008,6.81750346210483,0.28091011376422054,1500.0,2430.2515903474696,1626.4676466859783,0.008008262577875104,0.35638870742418943,1.2075701126544096,GAUSSIAN_NOISE
-0.0072109876256530045,0.9451305907423881,0.9451580988911816,3.657219550249104,-3.4721258245683617,7.129345374817466,0.41037735849056606,1500.0,4373.665120579863,3131.754243088133,0.015752229084845606,0.6429352471720796,0.8933238318995927,GAUSSIAN_NOISE
-0.006324459635998645,1.2406662559394834,1.2406823757177272,4.234156979786776,-3.703190095837872,7.937347075624648,0.29214607303651824,200.0,551.0014623965069,524.4436879086545,0.5115613072774584,2.5884655889500154e-05,1.5392927574165838,GAUSSIAN_NOISE
0.005733103936456954,1.117931345108158,1.1179460455925776,3.2626857500994926,-3.408885598435883,6.671571348535375,0.23365420677584697,500.0,1819.6754184544773,2214.4448755869976,0.01046127827208812,0.2795566042377343,1.2498033608560817,GAUSSIAN_NOISE
0.008618361047847278,1.1037455224292785,1.1037791692317047,2.8471339469257613,-2.4365439240674696,5.28367787099323,0.2525631407851963,1000.0,1098.7897871712294,466.4712000571086,0.006334503795120511,0.04990186454486504,1.218328454429832,GAUSSIAN_NOISE
-0.0016669438476421125,0.5036500067021096,0.5036527652587904,1.0918379922913801,-1.1183473770183452,2.210185369309725,0.13151643955494438,1000.0,1215.4673048182947,991.7204771491856,0.002388113283674869,0.0537540208372465,0.25366610795282624,GAUSSIAN_NOISE
-0.0033164135000838717,1.4492598907727379,1.4492636853247622,3.569199096770004,-3.585358843196337,7.154557939966341,0.49974987493746875,1000.0,1001.0187099793217,214.2990246102538,0.015892075199197223,0.00017715855335478204,2.1003652296011115,GAUSSIAN_NOISE
0.0003963683444085806,1.3311507113020669,1.3311507703141154,3.1573696777742244,-3.1215187211124844,6.278888398886709,0.10827706926731683,100.0,366.74333386938525,788.1965748458211,0.8679264058021231,0.06977239784063659,1.7719623733078629,GAUSSIAN_NOISE
0.00962504236514231,1.1205804399882426,1.1206217755892371,2.538873398721845,-2.5398241195083884,5.078697518230234,0.09477369342335584,200.0,368.92308841312996,632.5558668212623,0.9125209224782747,0.04741981721219602,1.2557931639247748,GAUSSIAN_NOISE
0.00575158797499882,0.9213652058111735,0.9213831576731258,2.6368454528245264,-2.8476572853543756,5.484502738178902,0.30865432716358177,200.0,566.3590201721513,525.9541184438975,0.4902084653250693,2.8070385316982684e-05,0.8489469232437002,GAUSSIAN_NOISE
0.0006785733967946825,1.5476772493623692,1.547677398121367,3.832506391907941,-3.591830136176625,7.424336528084567,0.12103025756439109,100.0,327.1838792825632,691.9395538786488,0.8589043022655249,0.05249275085060946,2.395305328655724,GAUSSIAN_NOISE
0.002037435541945179,1.3332999540147141,1.3333015107316222,2.510320890213152,-2.7230358119826823,5.2333567021958345,0.05425678209776222,200.0,333.0098960609732,820.5353471429279,0.9660487788708703,0.026391083119511407,1.777692918519226,GAUSSIAN_NOISE
0.0026314651121612056,1.2753292033892654,1.2753319182182083,3.315736109532942,-3.3726070017721224,6.688343111305064,0.14359579100145137,500.0,1489.6978878446403,2446.962306625738,0.004824455612875992,0.16115175600333784,1.6264715016261346,GAUSSIAN_NOISE
-0.0061602240286927745,1.3265259414334027,1.3265402450192978,3.8573488007625882,-4.247261608825072,8.10461040958766,0.23840480060007502,1000.0,2051.6504506864844,1977.9661185284128,0.011753508618921034,0.26352147436251244,1.7597090216558586,GAUSSIAN_NOISE
-0.004433330626637,0.8180916756336464,0.8181036879036252,2.5191660866584678,-2.4820474471159133,5.001213533774381,0.27206801700425104,200.0,994.663199939874,1173.5107726620665,0.5842606481566566,0.22097113699324325,0.6692936441615123,GAUSSIAN_NOISE
0.005736520946763079,0.8168029626211712,0.8168231065654884,1.5727948667304217,-1.5727943350032025,3.145589201733624,0.49987496874218557,2000.0,1530.2667396289858,841.004272592385,0.23765907552393822,0.7621699332389021,0.6671999874192952,LOW_FREQUENCY_NOISE
0.022922420543756608,0.7816876493695593,0.7820236687853453,1.7078567818153068,-1.707859812958061,3.415716594773368,0.24990623827978498,2000.0,1935.533139719436,1456.4188799463188,0.24868242024601553,0.751299578957802,0.6115610185404916,LOW_FREQUENCY_NOISE
0.015733071999584826,0.9062717821229136,0.9064083365827931,1.789238511060279,-1.7892608097493432,3.5784993208096223,0.12478119529882471,500.0,340.7674546741909,222.93019101520233,0.3380336900751258,3.5439841498170173e-06,0.8215760726267859,LOW_FREQUENCY_NOISE
0.0037937581795695324,1.1767872335903766,1.176793348784066,1.9065741508713097,-1.906607869660744,3.8131820205320537,0.04526487663280116,500.0,487.59466873730327,77.11945922405818,0.02545578537614966,1.9186388784492967e-06,1.3848425857424167,LOW_FREQUENCY_NOISE
0.006165309583691657,0.647481140243523,0.6475104925893598,1.227147554497883,-1.2271288197013563,2.4542763741992393,0.49974987493746875,1000.0,807.3589670262567,387.85663021438165,0.1978270493958748,2.394671362679539e-08,0.4192698380133154,LOW_FREQUENCY_NOISE
0.0016395012597862685,1.2865614702192003,1.2865625148499282,2.526554084824982,-2.529281027993663,5.055835112818645,0.18133164005805516,2000.0,2463.7998397721685,1187.019591976581,0.04227338121199193,0.9577090728924079,1.6552431046169716,LOW_FREQUENCY_NOISE
0.0008925430752039407,1.5345831635541876,1.534583423114273,3.0532370358541425,-3.053204708067253,6.106441743921396,0.04976244061015254,200.0,244.22377019322494,119.27924349137814,0.7748750557793069,8.685343276223935e-07,2.35494628249712,LOW_FREQUENCY_NOISE
0.023545880862780658,1.2548845014325265,1.2551053822054803,2.376949497363838,-2.376921177657522,4.75387067502136,0.04976244061015254,200.0,164.2678928769132,73.86488639170305,0.9998732871304291,1.2367890121669418e-05,1.5752895204411648,LOW_FREQUENCY_NOISE
0.014122360695746988,1.1397697580379877,1.139857246504839,2.3349761780389033,-2.3364683269716187,4.6714445050105216,0.2496248124062031,500.0,588.8182538244839,314.8306989870367,0.08663569538113032,3.922529801912831e-09,1.2992745424095937,LOW_FREQUENCY_NOISE
0.0029271591637436635,0.9481793229144297,0.9481838411738708,1.8706641559439636,-1.8707016875000655,3.7413658434440293,0.2496248124062031,500.0,337.1616336074646,223.70613491988792,0.34662306755861433,2.3270185100735423e-08,0.8990525966632362,LOW_FREQUENCY_NOISE
0.011433399125427159,0.7377895256189932,0.7378781110242127,1.3913074164085335,-1.3907932873142848,2.7821007037228185,0.09954977488744372,200.0,250.81868650646047,114.89005359176818,0.7679680652714407,2.861830343282214e-10,0.5444641067286604,LOW_FREQUENCY_NOISE
0.0006739661873830834,0.6907778935915577,0.6907782223732963,1.5285257672545092,-1.5285058399743252,3.0570316072288346,0.06238279784973122,500.0,440.3944312036431,367.04349652177643,0.3272110421507316,5.63162023348305e-06,0.4771745525052113,LOW_FREQUENCY_NOISE
0.010676341748310066,0.7661623830238865,0.7662367659111428,1.5332108378271476,-1.5323375392418526,3.065548377069,0.025006251562890724,100.0,67.43337013943622,42.939017817093166,0.9996454327892933,3.443873010682688e-05,0.5871187814339673,LOW_FREQUENCY_NOISE
0.0006082483940703369,0.7609431060379543,0.760943349135005,1.502642771231445,-1.503177128882955,3.0058199001143997,0.025006251562890724,100.0,74.24612262757782,36.66577203635656,0.9999586046820882,4.0383437392396835e-06,0.5790347805927981,LOW_FREQUENCY_NOISE
0.04333677037888948,1.2364654665963302,1.2372246868504333,2.318939729014552,-2.31875127544517,4.637691004459722,0.2496248124062031,500.0,413.4537411411021,187.74729955236975,0.17549580200878873,2.082585525899154e-08,1.530724925752153,LOW_FREQUENCY_NOISE
0.03407138178009265,0.9963322446805932,0.9969146407023393,1.9229461441523252,-1.9228001621203452,3.8457463062726704,0.04952476238119059,100.0,78.4155675169751,37.811012468048794,0.9999916744855837,1.1869241351169213e-09,0.9938388008466742,LOW_FREQUENCY_NOISE
0.03049437758683817,0.8115899892124281,0.8121626793039912,1.4334060206841064,-1.4334994093159006,2.866905430000007,0.024878109763720464,200.0,184.05811497714845,54.475444285786075,0.9999503237358026,5.8668207996359795e-06,0.6596082176542377,LOW_FREQUENCY_NOISE
0.006253405740591621,0.9293198114873743,0.9293408508756544,1.487576998840145,-1.4877589859254927,2.9753359847656378,0.024756189047261814,100.0,98.35331046729033,11.48532616538777,0.9999997195054868,1.5191353830727712e-08,0.8636744171062855,LOW_FREQUENCY_NOISE
0.0007798739728368798,0.4762360130094119,0.4762366515615049,0.8809116330491497,-0.8807718971301408,1.7616835301792904,0.025006251562890724,100.0,87.05024400675273,32.01261231143691,0.9999777937180727,2.17761349247311e-06,0.22680134829051424,LOW_FREQUENCY_NOISE
0.002497546216308666,0.6884864643910168,0.688490994412233,1.3942669469134643,-1.3911034222569423,2.7853703691704066,0.09062046444121916,1000.0,1198.484497017195,618.0129362975632,0.06870942950016444,0.22172880403107856,0.47401984938674546,LOW_FREQUENCY_NOISE
0.011615759715898172,1.339821875265718,1.339872226488154,2.648504032586532,-2.6466119402120056,5.295115972798538,0.37484371092773194,1500.0,1790.715670296228,781.4953820246235,0.04850502720834239,0.2265568554027029,1.7952575833143227,LOW_FREQUENCY_NOISE
0.01869126274924603,1.2410009154845447,1.2411416661834538,2.1409002335975886,-2.1408591809730093,4.2817594145705975,0.49974987493746875,1000.0,937.5998900540691,239.9840124662928,0.06332814835844586,4.487234799784595e-11,1.5404326355366396,LOW_FREQUENCY_NOISE
0.009774893415709862,0.7739826471514204,0.7740443699380601,1.5927718829353306,-1.5918132420851527,3.184585125020483,0.04526487663280116,500.0,586.9944974524013,316.38685448843546,0.0893821435279253,5.502978240768355e-06,0.5991446866328085,LOW_FREQUENCY_NOISE
0.04243797853350601,0.859064199005174,0.860111783452832,1.8284558928658365,-1.8284176293826648,3.6568735222485014,0.37484371092773194,1500.0,1597.9339796344266,923.3977971610482,0.15099708964981298,0.20213604438923682,0.7397922800344113,LOW_FREQUENCY_NOISE
0.012015447605432664,1.4752541677843067,1.4753030978568864,3.1112068466051985,-3.111210645552963,6.222417492158161,0.1873984248031004,1500.0,1669.825415296958,1003.2542792812865,0.1361290673973328,0.2056759442350878,2.176519230546126,LOW_FREQUENCY_NOISE
0.03169172757040304,1.068247590522325,1.0687175867614183,1.8808970142139718,-1.8800716747180923,3.7609686889320644,0.05001250312578145,200.0,183.8172566097258,54.085549617955024,0.9999521330209266,4.6933579535064385e-06,1.1421572802531497,LOW_FREQUENCY_NOISE
0.011263973521114476,1.6431359229626874,1.6431745307270091,3.4358799450008517,-3.435889987283897,6.8717699322847485,0.12478119529882471,500.0,569.6618863447746,326.2845355579721,0.11725263864205056,9.20205323764487e-06,2.7000225384299266,LOW_FREQUENCY_NOISE
0.00220420560342399,0.6369378036551718,0.6369416176129618,1.2734441711466764,-1.2734447211074575,2.5468888922541337,0.12501562695336918,1000.0,584.661817740799,487.80143790809956,0.4204448217275943,1.09939107974094e-05,0.4056946242474164,LOW_FREQUENCY_NOISE
0.0070064925484349325,0.7669007372183143,0.7669327426077369,1.4389362552842733,-1.4388420236660389,2.877778278950312,0.024878109763720464,200.0,252.98903479628535,113.28429462180827,0.7658428280529507,1.5597272355901618e-06,0.5881858316838252,LOW_FREQUENCY_NOISE
0.050172782922613776,0.8192962337511582,0.8208310586137882,1.8029212448466816,-1.8020291147795389,3.6049503596262205,0.04526487663280116,500.0,484.95531685297834,363.8960366297148,0.24807075744717336,2.0141098439602443e-05,0.6737636267850323,LOW_FREQUENCY_NOISE
0.001642776909440073,1.6258420761264063,1.6258429060702628,2.9882080297314944,-2.988140271193708,5.976348300925203,0.09954977488744372,200.0,253.82345264159557,112.17150036895657,0.7652395921460102,1.1399773996271568e-09,2.6433651552189974,LOW_FREQUENCY_NOISE
0.023204149897249237,1.5813656663096294,1.5815359000526519,3.0909242738227416,-3.0900778115989898,6.181002085421731,0.09062046444121916,1000.0,1238.5590318472243,588.3457620016873,0.03699556650059047,0.2292867916804122,2.501255803155352,LOW_FREQUENCY_NOISE
0.019592550767307326,1.2240076154807804,1.2241644133042406,2.516526207218663,-2.5165723451551507,5.033098552373813,0.06238279784973122,500.0,585.6663453114363,317.08644434495096,0.09131883846691856,4.284808392315129e-09,1.4985785108005156,LOW_FREQUENCY_NOISE
0.0019456949147635925,0.7296764765122195,0.7296790706221392,1.4523611509438905,-1.4523358532537092,2.9046970041975997,0.06238279784973122,500.0,302.2083527651548,232.73347129060562,0.421118339628437,1.8632719754881476e-05,0.5324315461039889,LOW_FREQUENCY_NOISE
0.03729396693927675,1.4345987669346607,1.435083433832513,2.6184732635378687,-2.618079665696362,5.2365529292342305,0.12478119529882471,500.0,436.8475724001233,164.70057851392818,0.12858370786876916,8.570764178490676e-06,2.0594644620605167,LOW_FREQUENCY_NOISE
0.029072507321852854,0.8830596042949547,0.8835380441268735,1.9521761322360964,-1.9518041665419585,3.903980298778055,0.05001250312578145,200.0,170.2719246062188,146.04583000967762,0.8471211345401953,9.573373419777047e-06,0.780639475419541,LOW_FREQUENCY_NOISE
0.013299107353803635,1.3448065545084842,1.3448723118963335,2.569990379404232,-2.5705904655328875,5.140580844937119,0.024756189047261814,100.0,125.70565446891601,57.01012251038294,0.9535420767100763,6.268333290869725e-07,1.8086815353053887,LOW_FREQUENCY_NOISE
0.022624665348443505,1.3030944297604836,1.303290822631284,2.413010817883714,-2.4121457495246195,4.825156567408333,0.018142235123367198,200.0,172.60485436890087,65.78337700373763,0.999970375406197,3.479684778998762e-06,1.698566968354929,LOW_FREQUENCY_NOISE
0.014551962984408863,0.8087540079910952,0.808884914600563,1.7768137109567503,-1.7771969341475427,3.554010645104293,0.10005002501250625,200.0,151.56151523543707,142.69573204457933,0.8689253855389163,5.1165475400125974e-08,0.6542948050683601,LOW_FREQUENCY_NOISE
0.012430002327764396,1.6507691744879214,1.6508159716932114,3.32372454302182,-3.3241946347787605,6.64791917780058,0.7498749374687343,1500.0,1268.9039774386217,424.0951689991922,0.0661306741393678,6.6083968755468415e-09,2.725193372397402,LOW_FREQUENCY_NOISE
0.012942232220509062,1.0619202934506473,1.0619991577290246,1.7537921791953948,-1.7536153111093808,3.5074074903047756,0.09954977488744372,200.0,193.56111014188696,34.569473315066965,0.9999764905430517,3.650624688305226e-09,1.127842211017158,LOW_FREQUENCY_NOISE
0.0012182682581477538,0.8297745134061606,0.8297754077315015,1.4718411606143487,-1.4736920397475954,2.945533200361944,0.04526487663280116,500.0,456.30439084734286,137.22239882386302,0.09265029395129554,4.560993177064923e-06,0.6885272272759795,LOW_FREQUENCY_NOISE
0.00037209506982839,1.3458287064728585,1.3458287579113284,2.4882724283235382,-2.488240891714259,4.976513320037798,0.012376547068383549,100.0,89.23991769495356,26.175402217010923,0.9999897702285109,1.198980153821494e-06,1.811255045621149,LOW_FREQUENCY_NOISE
0.05739887431807431,1.3349934015204836,1.3362267819783489,2.4737578907165143,-2.4686365215227277,4.942394412239242,0.09062046444121916,1000.0,856.4683571922282,349.2904105797207,0.14459257889438712,5.467776843578298e-06,1.7855020128762138,LOW_FREQUENCY_NOISE
0.019788900016487174,1.1047276222390767,1.104904846537414,2.1130811694597464,-2.1129949725020527,4.2260761419618,0.09062046444121916,1000.0,1253.6720745143973,576.0171685839941,0.025045408937612822,0.23212990864214467,1.2208147199018666,LOW_FREQUENCY_NOISE
0.014251506349078914,1.0291230007567418,1.0292216749174004,2.1977612300198905,-2.18275255877229,4.380513788792181,0.012501562695336917,100.0,112.03666008619338,63.387529779035376,0.9599545114861102,2.293796933619193e-06,1.0592972561197789,LOW_FREQUENCY_NOISE
-2.226181610449629e-07,0.4830753660585169,0.4830753660585682,0.9404123767042565,-0.9404144922658473,1.8808268689701038,0.2496248124062031,500.0,367.8595974670756,213.78037605840385,0.27644467127191547,3.5157195288764933e-11,0.23336180929261965,LOW_FREQUENCY_NOISE
0.00961017623018098,1.3622506052773955,1.362284502982327,2.8045379880928083,-2.804467200795821,5.609005188888629,0.06238279784973122,500.0,585.2120282256315,316.7117065626004,0.09324583792348379,8.405323000927932e-06,1.8558190670658057,LOW_FREQUENCY_NOISE
0.003477855137354343,0.727137848033768,0.7271461651686926,1.2606682333910855,-1.260660824610242,2.5213290580013275,0.2496248124062031,500.0,467.74022878127283,120.19591753209089,0.06729495618314106,8.487717698626257e-09,0.5287415455195356,LOW_FREQUENCY_NOISE
0.032720722696557035,1.0607922320182404,1.0612967564277322,2.303002075848059,-2.3033434105518538,4.606345486399913,0.06238279784973122,500.0,505.5634852570531,356.764306383509,0.21647303035586957,2.0652932458224795e-05,1.1263508052040254,LOW_FREQUENCY_NOISE
0.001496658087500741,1.0008950465388509,1.0008961655293915,2.0932349794302265,-2.0953282474813957,4.188563226911622,0.06238279784973122,500.0,566.2433604339108,326.84657846056166,0.12466915245035437,5.339584223201477e-06,1.0017931341714392,LOW_FREQUENCY_NOISE
0.009051385772912864,1.090667443481074,1.0907050012968453,2.0390149168258906,-2.039011265368279,4.0780261821941695,0.24981245311327832,1000.0,836.4336054981748,364.080425136682,0.16798983852210525,1.3126443394693816e-05,1.1896373998539516,LOW_FREQUENCY_NOISE
0.004123787078596355,0.48476343258003396,0.4847809723851037,0.9150360794847134,-0.915036614016074,1.8300726935007874,0.04526487663280116,500.0,411.86053065222984,184.71832948118575,0.18765200224364745,1.6967766791428267e-05,0.2350125911866467,LOW_FREQUENCY_NOISE
0.040079628357489426,1.4019940561416961,1.402566829090835,2.807473717909594,-2.807333037191525,5.614806755101119,0.1873984248031004,1500.0,1817.258586399113,914.3023083106041,0.0579246212297676,0.22430078863310018,1.9671937100659198,LOW_FREQUENCY_NOISE
0.035899814237535584,0.6716589941194435,0.6726177228142537,1.495414864982487,-1.4954267837522737,2.9908416487347607,0.2496248124062031,500.0,404.74221043584794,375.3110280156781,0.37583276489851986,1.9163930442107874e-08,0.45241460104383224,LOW_FREQUENCY_NOISE
0.03556741016289907,0.7062063061822289,0.707101398356165,1.5658724716251529,-1.5659991968502305,3.1318716684753833,0.18133164005805516,2000.0,1354.896620044195,1506.5446952059651,0.4741157553247633,0.5255462740565986,0.49999238755724396,LOW_FREQUENCY_NOISE
0.00177841133537472,1.6313257158897376,1.6313266852687853,3.2403469191585996,-3.2408168515769002,6.4811637707355,0.12478119529882471,500.0,609.9389357702563,300.377173661193,0.05304063030435675,1.6619358824543117e-06,2.6612267540700425,LOW_FREQUENCY_NOISE
0.042116183410305784,0.9272650016020909,0.9282209629722743,1.8223820643252564,-1.819955130034311,3.6423371943595675,0.012501562695336917,100.0,71.56865779578303,42.380139212977156,0.9999779417247102,2.530623227706759e-06,0.8615941561011763,LOW_FREQUENCY_NOISE
0.004147640556124957,0.8682993677062677,0.8683092737505959,1.6759252726020313,-1.6605393677384679,3.336464640340499,0.09062046444121916,1000.0,1247.3703892825881,580.957832082467,0.030204145156324164,0.2308992754538383,0.7539609948812872,LOW_FREQUENCY_NOISE
0.014921903163456821,0.5441756732343689,0.5443802223943282,1.0754206105390878,-1.075419539667271,2.150840150206359,0.49987496874218557,2000.0,1301.788316439227,946.5889509283933,0.35233658339549856,0.6476316294612283,0.29634982653409814,LOW_FREQUENCY_NOISE
0.00920158507896279,0.7684597394608802,0.7685148276645346,1.5151225558409285,-1.5152155968897159,3.0303381527306446,0.37484371092773194,1500.0,1005.3261714778833,696.5865636531479,0.33512937979112595,2.675093273680763e-05,0.5906150403402494,LOW_FREQUENCY_NOISE
0.026522477828236437,1.4088687886145168,1.4091184142442699,2.4641312800891177,-2.4633953024342325,4.927526582523351,0.09954977488744372,200.0,185.7136297862205,49.781614324966434,0.9999949459824385,7.530439990051703e-10,1.9856147053622855,LOW_FREQUENCY_NOISE
0.02766829850016548,1.2151923323962557,1.2155072765954742,2.1732809825742945,-2.173282347800984,4.346563330375279,0.18133164005805516,2000.0,1801.4556412336515,597.0480035221318,0.09956981440881633,0.9003590533332386,1.4774579394565464,LOW_FREQUENCY_NOISE
0.009738816663922133,1.4032134281542057,1.4032472232298527,2.5877074432875884,-2.587706891184208,5.175414334471796,0.24981245311327832,1000.0,860.8412812241977,342.0601879048552,0.14204806335827586,1.1225274418111302e-05,1.969102769502292,LOW_FREQUENCY_NOISE
0.0003537975174417518,1.2764815365949993,1.2764815856253524,1.9385520721800185,-1.93867003765154,3.8772221098315587,0.012376547068383549,100.0,99.51327533916718,6.609019266714823,0.9999988223138676,1.387965822104756e-07,1.629405238440614,LOW_FREQUENCY_NOISE
0.003707424175165981,0.7240386234001899,0.7240481152307882,1.5782930789965155,-1.5773966861892657,3.155689765185781,0.09954977488744372,30.0,140.7302272295904,137.2456622014577,0.8839253290312387,4.365490003332163e-08,0.5242456731692567,LOW_FREQUENCY_NOISE
0.00021598767453932498,0.9109947068553046,0.9109947324595559,1.432792312536043,-1.4328144621983614,2.8656067747344043,0.49974987493746875,1000.0,985.8504498528657,117.2627244887259,0.014350768941289664,1.9867897267335824e-10,0.8299114025690577,LOW_FREQUENCY_NOISE
0.023692402479297534,1.129015577413368,1.1292641426952694,2.460951153145751,-2.461181067533092,4.922132220678843,0.025006251562890724,100.0,103.2017769764061,67.28091266532404,0.9633541839825643,5.744927851258813e-06,1.2752375039772819,LOW_FREQUENCY_NOISE
0.005682930664259146,0.6438592405909381,0.643884319886169,1.2909978631439123,-1.2909936204637087,2.581991483607621,0.49974987493746875,1000.0,512.2329955544848,491.8074800686804,0.4957822262720134,4.5168405923281435e-08,0.41458701739527437,LOW_FREQUENCY_NOISE
0.0013933388245381693,0.6312892867679968,0.6312908244075198,1.1247460946624304,-1.1247475842557457,2.249493678918176,0.49987496874218557,2000.0,1805.3514040600326,591.4578382026623,0.09771082558586534,0.9022730143697112,0.398528104981126,LOW_FREQUENCY_NOISE
0.021705882306380816,0.4728065983542214,0.4733045792869413,0.9150808149963003,-0.9146189292566678,1.829699744252968,0.025006251562890724,100.0,76.30089664101044,43.398709914601895,0.9998185950609908,1.7792375401655937e-05,0.2240172247739885,LOW_FREQUENCY_NOISE
0.0006544150021528008,1.2556949797287014,1.2556951502553708,2.0529380357790563,-2.047822481258212,4.100760517037268,0.04952476238119059,100.0,97.7628340188141,13.166662048834059,0.9999930240455904,1.0795331192494508e-09,1.5767703103748585,LOW_FREQUENCY_NOISE
0.0007204700887971587,0.7397868297294228,0.7397871805582055,1.3679686999372636,-1.3680267394018275,2.7359954393390913,0.1873984248031004,1500.0,1283.873430518148,522.6550712065741,0.14603212224613318,3.0834780722497734e-06,0.5472850725182589,LOW_FREQUENCY_NOISE
0.0037496637170995636,1.0283207819969689,1.0283276183516852,1.7452495033562825,-1.7463401305065438,3.4915896338628265,0.05002501250625312,100.0,95.11903211811122,20.37781523973093,0.999964960188669,5.438114781292626e-09,1.057457690664849,LOW_FREQUENCY_NOISE
0.00039035543302315645,1.2006099416462068,1.2006100051045185,2.085720759844076,-2.085721590564326,4.171442350408402,0.49987496874218557,2000.0,1861.7953282128876,503.6936441720301,0.07000971260099348,0.9299836389790901,1.4414643843570722,LOW_FREQUENCY_NOISE
0.004745212561255528,0.8304037118501458,0.8304172696281981,1.589120745705459,-1.589111134222739,3.178231879928198,0.37484371092773194,1500.0,1182.533886424029,610.5768853564266,0.2127830373478222,6.944384938993838e-06,0.6895928416967514,LOW_FREQUENCY_NOISE
0.0023183000727924944,1.0327469892863494,1.0327495913314353,1.7827644178798194,-1.7826436924054017,3.565408110285221,0.12478119529882471,500.0,469.579274118721,117.29470138732088,0.06317268781853931,3.06138942997358e-06,1.0665717183952468,LOW_FREQUENCY_NOISE
0.008150802224682192,0.5509676497562395,0.5510279363651358,0.9279969843047922,-0.9279948025487645,1.8559917868535567,0.49974987493746875,1000.0,954.5737301928128,206.8681150039361,0.04600180727337381,1.543448407749262e-10,0.3036317866548201,LOW_FREQUENCY_NOISE
0.026219876951388235,0.6477159971365023,0.6482464769621809,1.2855926973285192,-1.2855609985196084,2.5711536958481274,0.1867966991747937,16.0,538.1380777429689,709.0861311905554,0.647786494056804,2.659558488233079e-05,0.42022349489387933,LOW_FREQUENCY_NOISE
0.0030081174999547376,0.8921429255727394,0.8921479969267319,1.8013277724048884,-1.8013281874519484,3.602655959856837,0.1248906113264158,1000.0,1199.9376905254062,616.8093292229337,0.06767026570922473,0.2219776642480189,0.79592804842038,LOW_FREQUENCY_NOISE
0.004521109838749834,0.7300715360740133,0.7300855348653632,1.4985906904653037,-1.4990776956546563,2.99766838611996,0.04976244061015254,200.0,235.61198566619362,124.92848053686059,0.7835165423614886,7.051930470948255e-06,0.5330248882196434,LOW_FREQUENCY_NOISE
0.00017210375811701695,1.1236768309010519,1.1236768440808662,2.1883429344626206,-2.1886595414995567,4.377002475962177,0.09062046444121916,1000.0,1241.6746226592568,585.0543965243687,0.03501496653507999,0.22975745627283076,1.2626496499235351,LOW_FREQUENCY_NOISE
9.147450678706903e-05,0.6636534094520121,0.6636534157561953,1.2666943388467238,-1.2666957025218237,2.5333900413685475,0.1873984248031004,1500.0,1881.9133829373072,862.9321939221501,0.024268756846608414,0.23231721028047578,0.44043585624486536,LOW_FREQUENCY_NOISE
0.008857976843291919,1.0792308209014518,1.0792671719909663,2.339255281993449,-2.340076234278202,4.679331516271651,0.1873984248031004,1500.0,1524.9670882970195,1064.7812744317507,0.21249181450289353,0.1874761546169224,1.164817628537378,LOW_FREQUENCY_NOISE
0.008580434273659128,0.8012259538629359,0.8012718970461251,1.7750599594844627,-1.7753795968372637,3.5504395563217264,0.05001250312578145,200.0,178.68520411439113,142.595653316173,0.842155440175322,2.7455993213113944e-05,0.6420366529958961,LOW_FREQUENCY_NOISE
0.006419711673361859,1.3621861953797059,1.3622013227056446,2.4890355286822037,-2.4890620951506133,4.9780976238328165,0.37484371092773194,1500.0,1310.0034734251315,493.5180300178958,0.12904164231260648,9.654299318284802e-06,1.8555924435810076,LOW_FREQUENCY_NOISE
0.017078151277498614,1.4043268777320586,1.404430718395083,2.971726557075049,-2.9688623407676324,5.940588897842682,0.018051523947750364,200.0,224.15314045953542,131.8512702437192,0.7949958613373251,1.1591735659979365e-05,1.9724256427717293,LOW_FREQUENCY_NOISE
0.0020560416141636793,0.4171589860568878,0.41716405280792096,0.7880915394191018,-0.7880898890829322,1.576181428502034,0.24981245311327832,1000.0,811.878773170993,385.5074928629629,0.1923750451484118,1.181597015033197e-05,0.17402584695512985,LOW_FREQUENCY_NOISE
0.014788150739233142,0.7797773109770366,0.77991752391959,1.4044325223254488,-1.4041325944543788,2.8085651167798273,0.09954977488744372,200.0,179.52514022329385,59.27561581261573,0.9999172998456387,1.2845677309538183e-08,0.6082713441168642,LOW_FREQUENCY_NOISE
0.006512656579984063,1.322763002706736,1.3227790352229922,2.799264613355259,-2.798600639207557,5.597865252562816,0.009071117561683599,100.0,113.29393883474934,66.15587421970342,0.958655295019176,7.94295117002781e-06,1.7497443760254698,LOW_FREQUENCY_NOISE
0.004609775816688718,0.4578892187167194,0.45791242246753666,0.8598061735259925,-0.8601264109086708,1.7199325844346633,0.10005002501250625,200.0,168.540711804711,68.80831743576009,0.9998546064790707,2.2462446025564695e-08,0.20968378665008777,LOW_FREQUENCY_NOISE
0.006360324028251303,0.9294306230993576,0.9294523854811523,1.601661651533699,-1.606141642482325,3.207803294016024,0.008980406386066763,100.0,95.16533917998353,21.96760858718366,0.9999593545215928,4.843808717160026e-06,0.8638817368766045,LOW_FREQUENCY_NOISE
0.023704665519973574,0.7105323097545858,0.7109276154241024,1.4156189468279012,-1.4157011261066677,2.831320072934569,0.04976244061015254,200.0,127.3696076540689,91.04799519603745,0.9998778115793983,1.184204740666327e-05,0.5054180743726006,LOW_FREQUENCY_NOISE
0.008938357235194259,0.9321613774129099,0.9322042307189972,1.9947216069854026,-1.9906138306879906,3.985335437673393,0.012501562695336917,100.0,106.99132837001869,66.74003122826166,0.9626227038621177,1.902663597880016e-05,0.8690047277703974,LOW_FREQUENCY_NOISE
5.632924081524493e-07,1.1067458190845967,1.1067458190847397,2.4234914045672307,-2.42443087449045,4.847922279057681,0.024756189047261814,100.0,102.14939966775597,65.07124794059472,0.9646492934648703,1.2880073909017217e-08,1.2248863080615515,LOW_FREQUENCY_NOISE
0.0033868757264304532,1.1505650149298015,1.1505699998294758,1.9568668248663739,-1.9568512104771791,3.9137180353435532,0.12478119529882471,500.0,473.66359128376286,110.56473954863576,0.05378648770959313,1.9923303930083445e-06,1.3238113245076002,LOW_FREQUENCY_NOISE
0.008146068458974252,0.7015570847817629,0.7016043768669235,1.5085642766178915,-1.5087404386090506,3.017304715226942,0.07953976988494248,24.0,116.49666092448865,133.94297673697855,0.9054933715728974,6.91963290656055e-08,0.49224870163882395,LOW_FREQUENCY_NOISE
0.008957115366448741,1.1543643990154429,1.1543991491810675,2.0787019456772673,-2.0822157038541262,4.1609176495313935,0.008980406386066763,100.0,91.32918325266377,30.50627829501443,0.9999091415343199,1.092762767358018e-05,1.3326373956299726,LOW_FREQUENCY_NOISE
0.0022572177795267354,0.7379127755249119,0.7379162278436376,1.3928188808804487,-1.3928185118131107,2.7856373926935594,0.24981245311327832,1000.0,1261.7695777642489,568.4186298936188,0.019052905099225567,0.23355083811945745,0.5445203593149833,LOW_FREQUENCY_NOISE
0.010715339316972123,0.7612328144468271,0.7613082268617063,1.671195411938052,-1.6711937923398104,3.3423892042778625,0.24990623827978498,2000.0,1874.3677786917376,1471.0735814815682,0.2729218256726877,0.7268822892225603,0.5795902162873153,LOW_FREQUENCY_NOISE
0.006536809851640131,1.1393698347059846,1.1393885860938662,1.9107224521689554,-1.9097459962758778,3.8204684484448332,0.18133164005805516,2000.0,1912.6819873739053,407.62220472112955,0.043872573366379654,0.9561016870723975,1.2982063501209793,LOW_FREQUENCY_NOISE
0.005997383811837541,0.8182168904632657,0.8182388700446602,1.6559893457079622,-1.6559544863834312,3.3119438320913934,0.12478119529882471,500.0,599.1338664357869,307.47107270397856,0.07105957285929575,3.120174857141268e-06,0.6695148484519623,LOW_FREQUENCY_NOISE
0.008846896142598334,1.2489725865616943,1.249003918950604,2.507593638447563,-2.506858950631402,5.014452589078965,0.09954977488744372,200.0,239.55263426994242,121.50179951725598,0.7802864602392046,5.260542858836517e-09,1.5600107895539668,LOW_FREQUENCY_NOISE
0.004316579002738653,0.7146090960655658,0.7146221330423037,1.3637551088250837,-1.363735424648302,2.727490533473386,0.1873984248031004,1500.0,1880.1184744019483,864.4550545257389,0.025198992107015452,0.2320920256273596,0.510684793033932,LOW_FREQUENCY_NOISE
0.01838330073563812,0.9404556811708529,0.940635335288054,1.927664793288246,-1.9276900054144708,3.8553547987027166,0.018051523947750364,200.0,236.65237921434013,124.80869263502873,0.7818710126141543,7.09897720001747e-07,0.8847948339924698,LOW_FREQUENCY_NOISE
0.006870188666412979,0.6800406698426048,0.680075372390657,1.3423426135110896,-1.3428937212137468,2.6852363347248365,0.09533744557329463,16.0,733.1635509724653,953.3050551560027,0.6384427128187623,0.3612460512945783,0.4625025121322907,LOW_FREQUENCY_NOISE
0.005968685820593292,1.2583493866285997,1.2583635420811419,1.8982998929688948,-1.898339815989418,3.796639708958313,0.1873984248031004,1500.0,1492.9947850171766,101.88743992120827,0.004705371755478455,2.2294110619953767e-07,1.583478804038998,LOW_FREQUENCY_NOISE
0.020820046953193228,0.8488255719682788,0.8490808712851848,1.648630684552338,-1.648368672434295,3.2969993569866327,0.1873984248031004,1500.0,1091.9787665685942,665.1242907043077,0.27347409265978395,2.4870439574630626e-05,0.7209383259824087,LOW_FREQUENCY_NOISE
0.0003557523165046774,0.7070541900617683,0.7070542795596487,1.56752071019843,-1.567526162258606,3.1350468724570364,0.37484371092773194,1500.0,1216.1474617916856,1050.897019749246,0.3560982084495927,0.15331928590675056,0.4999257542436139,LOW_FREQUENCY_NOISE
0.013257761222835758,1.3471194938445772,1.3471847308104081,2.3013426720010806,-2.3013458458868934,4.602688517887974,0.1248906113264158,1000.0,943.7445113771906,229.54512158486926,0.056731890124750786,4.8956471761431e-06,1.8149066989287117,LOW_FREQUENCY_NOISE
0.022106057683467684,0.9323996457334417,0.9326616627427936,1.7328959884928876,-1.7329949528881006,3.465890941380988,0.025003125390673835,200.0,170.1787658570094,72.06261751082974,0.9998752229098062,1.4738920065895957e-05,0.8698577771501526,LOW_FREQUENCY_NOISE
0.006752965302192592,0.545052388531877,0.5450942200983944,0.9948278608502447,-0.9723179030775397,1.9671457639277845,0.012501562695336917,100.0,90.43980258441232,25.917617014143726,0.9999839365834581,1.73768729960941e-06,0.29712770878467676,LOW_FREQUENCY_NOISE
0.06319765089533791,0.6785609850170791,0.6814975814087953,1.3350199849144069,-1.3348513409750553,2.669871325889462,0.12406203101550775,6.0,171.30285726137126,232.91007442088923,0.6661987180008572,3.914923515653309e-08,0.4644389534660376,LOW_FREQUENCY_NOISE
0.009019596180678878,1.6662029870250772,1.666227399572625,3.4622502465097558,-3.462434122743637,6.924684369253393,0.025006251562890724,100.0,117.84089089552977,61.55181630355708,0.9572886103955262,8.365234217762212e-06,2.7763137470865518,LOW_FREQUENCY_NOISE
0.0016990025954116135,1.5952944355078882,1.5952953402339802,3.3284523336729563,-3.32845890972438,6.656911243397337,0.1873984248031004,1500.0,1703.0115148837733,988.2742318120074,0.11744200720707462,0.21013033164118874,2.544967222572251,LOW_FREQUENCY_NOISE
0.0315759038662638,0.5332883220504964,0.5342223059180564,1.0653984361510986,-1.065406129501938,2.1308045656530368,0.1855927963981991,500.0,234.64821366182994,243.93289268908387,0.5420760500214307,6.5862723301770345e-09,0.2853934721404055,LOW_FREQUENCY_NOISE
0.011380048438186477,1.3821578235557486,1.3822046717902599,2.3011337242113443,-2.3011336595844587,4.6022673837958035,0.24990623827978498,2000.0,1923.6412548400783,381.88601415603216,0.03843448056770638,0.9615395217463417,1.9104897547188198,LOW_FREQUENCY_NOISE
0.010565625563900801,0.6065354597075876,0.606627477391398,1.1383810967718535,-1.1447397510299222,2.2831208478017757,0.009071117561683599,100.0,83.89109445016338,41.18527814700221,0.9998505111471488,1.807260549233853e-05,0.3679968963262511,LOW_FREQUENCY_NOISE
0.005251468468513654,0.7862233701364089,0.7862409081634766,1.3008145951897414,-1.300946730880539,2.6017613260702803,0.2496248124062031,500.0,483.2521996400677,87.97658194212748,0.03500036697605062,2.2658139999492666e-09,0.6181747656697284,LOW_FREQUENCY_NOISE
0.004371603234160975,0.7337037860400716,0.7337168095146601,1.6219788716355525,-1.6225966086780572,3.2445754803136095,0.05002501250625312,100.0,94.61646404398213,70.59262390984294,0.9662561014267758,1.9309034069203715e-08,0.5383403565643721,LOW_FREQUENCY_NOISE
0.029488960250312692,0.8840089754204543,0.8845006881854678,1.7988541490311314,-1.7988823010762416,3.597736450107373,0.37484371092773194,1500.0,1740.111915124825,826.0389239385268,0.07514007836179619,0.2201919284309959,0.7823414674005661,LOW_FREQUENCY_NOISE
0.01436326143104051,0.80939502034049,0.8095224531975124,1.7625563835301479,-1.7625656107777399,3.525121994307888,0.13597605224963716,1500.0,1502.7477586044904,1076.0188534523118,0.22235130805860887,0.1851331328268756,0.6553266022309185,LOW_FREQUENCY_NOISE
0.008349195274376562,0.9729758247538007,0.9730116467016562,1.9001508049051272,-1.898627010961415,3.798777815866542,0.024756189047261814,100.0,79.13128592966288,36.40586074701338,0.9997579359708111,2.342772965378434e-05,0.9467516646170686,LOW_FREQUENCY_NOISE
0.020357267622879302,0.6576961603173324,0.6580111379309865,1.3107703735224114,-1.312383446844808,2.6231538203672193,0.009071117561683599,100.0,65.2715577049917,40.39846041341151,0.9999963260203498,1.2239986487554934e-07,0.4329786576412317,LOW_FREQUENCY_NOISE
0.007386314984703633,1.005630924424625,1.0056580501384054,1.957462657788886,-1.9574594486126304,3.9149221064015167,0.49974987493746875,1000.0,729.8988650376647,435.3757168995986,0.2778462688938409,3.250675399977925e-08,1.0113481138081792,LOW_FREQUENCY_NOISE
0.00011859596500034307,1.3862557956922752,1.3862558007652936,2.1813862489190083,-2.1813961715327275,4.362782420451736,0.018051523947750364,200.0,197.441275286321,21.13626278446908,0.9999991428461764,1.0327391955921605e-07,1.9217051451554257,LOW_FREQUENCY_NOISE
0.01226921809499432,0.8767048951790591,0.8767907429618469,1.7141143615930237,-1.7146167465191324,3.428731108112156,0.04526487663280116,500.0,361.00973765132045,217.29313840059555,0.29328902527400424,2.2991480543540026e-05,0.7687620069435875,LOW_FREQUENCY_NOISE
0.002566361192488605,1.1854247522893897,1.185427530281852,2.377344093991556,-2.377389606450363,4.7547337004419195,0.06238279784973122,500.0,605.2929986385687,303.7405207268158,0.06054250312610759,4.029818681549302e-06,1.405238429550131,LOW_FREQUENCY_NOISE
0.009143818420774509,0.8519325651493523,0.8519816341783828,1.6831999545195724,-1.6833298114653366,3.366529765984909,0.25012506253126565,500.0,336.92599594440486,225.94132471817363,0.3430409796413304,4.461305324976591e-08,0.7258727049772676,LOW_FREQUENCY_NOISE
0.0003822456586147649,1.0516738397814709,1.0516739092477507,1.7200137696662094,-1.7198820523828817,3.439895822049091,0.18133164005805516,2000.0,1940.9729157954134,337.60988988268707,0.029661560509048123,0.9703365408096005,1.106018011392446,LOW_FREQUENCY_NOISE
0.016732190241235446,1.0985930125215837,1.098720425472976,2.069424201234587,-2.069420708827454,4.138844910062041,0.49974987493746875,1000.0,819.7004770327335,381.10341522355753,0.1828425256324307,2.2337319258538493e-08,1.2071865733515175,LOW_FREQUENCY_NOISE
0.005783936682878988,1.3845215166561105,1.384533598005945,2.6365310693305317,-2.6365310695006103,5.273062138831142,0.37484371092773194,1500.0,1838.6035071334782,735.4317489758399,0.02259684218729165,0.2327256468644848,1.9169332840072875,LOW_FREQUENCY_NOISE
0.0026258261287403144,1.0639904831859843,1.063993723324157,2.2628865496369177,-2.2628925062726477,4.525779055909565,0.37484371092773194,1500.0,1601.1257460460304,921.3817430261562,0.14941608737197118,0.20253354948077013,1.1320826432732027,LOW_FREQUENCY_NOISE
0.009882769090264048,1.6213953842795445,1.6214255028486209,3.0872666893315692,-3.088883629175116,6.176150318506686,0.09062046444121916,1000.0,1257.855767877857,572.4350194164991,0.021773944981878488,0.2329079790597794,2.6290206612879032,LOW_FREQUENCY_NOISE
0.00036961967975972243,1.4708243651753459,1.4708244116182487,3.003177056404212,-3.001694240421975,6.004871296826186,0.024756189047261814,100.0,118.91886599499435,61.85608234779457,0.9562021573631697,2.0917948677314088e-07,2.1633244498121673,LOW_FREQUENCY_NOISE
0.04762352664261645,1.0480498623662782,1.0491313141336762,1.924833322585498,-1.9247267561697796,3.8495600787552777,0.04526487663280116,500.0,435.8934370712269,166.840349860048,0.12985259118179823,1.0150270959178318e-05,1.1006765142958546,LOW_FREQUENCY_NOISE
0.0007110841910371182,0.5206357486272308,0.5206362342263202,1.0157105379685145,-1.0156977198075134,2.031408257776028,0.37484371092773194,1500.0,1085.756241873787,665.0402340048109,0.2795133169402409,4.556664307812339e-06,0.2710620883893638,LOW_FREQUENCY_NOISE
0.0017536408513429934,0.8047899607590293,0.8047918713523114,1.5747585591150768,-1.5747648186337464,3.149523377748823,0.012501562695336917,100.0,124.77186454834809,57.659328436108076,0.954167745707139,3.2259498404288e-06,0.6476899561947554,LOW_FREQUENCY_NOISE
0.0001003842194314899,0.6569579746493889,0.6569579823188226,1.4299212524637017,-1.4298867876299546,2.8598080400936565,0.35767883941970985,6.0,542.9314934258911,683.3073043797918,0.6026164687656753,4.5253431752756635e-10,0.4315937905324184,LOW_FREQUENCY_NOISE
0.010320121897470455,0.8307946878401621,0.8308587835844374,1.786588189700431,-1.7868233307207984,3.5734115204212293,0.13597605224963716,1500.0,1580.4565550139823,1044.6448983138705,0.18297635680978766,0.19452099750199667,0.690326318259411,LOW_FREQUENCY_NOISE
0.0033885435025249617,0.7429198911605581,0.7429276188896762,1.3516754845562982,-1.3514631449076218,2.70313862946392,0.10005002501250625,200.0,178.72014227212432,58.082647241515424,0.9999108339112329,1.378288345635297e-08,0.5519414469090839,LOW_FREQUENCY_NOISE
0.0074062941819514755,1.5806587915312946,1.5806761428068314,3.0277274370733513,-3.027454312033393,6.055181749106744,0.012376547068383549,100.0,125.89373046446475,56.8435666608369,0.9535628410215609,1.8191727382873511e-06,2.4985370684386825,LOW_FREQUENCY_NOISE
0.006784461589572032,1.51101736993484,1.511032600959973,3.107899311774726,-3.1079811901748435,6.215880501949569,0.1873984248031004,1500.0,1752.6317308452244,956.537887798306,0.09244383804790092,0.21607230365033694,2.283219521163861,LOW_FREQUENCY_NOISE
0.004027507020425274,1.1614176815615305,1.1614246647357547,1.7904960064988615,-1.790496752126715,3.5809927586255768,0.24981245311327832,1000.0,991.3109252464465,91.73025844807103,0.0088935340456125,1.4744182123605171e-07,1.3489072518565601,LOW_FREQUENCY_NOISE
0.0011761493739718008,1.2600149761033599,1.2600155250361402,2.3496621158986093,-2.349726787397131,4.69938890329574,0.045355587808417995,500.0,423.6389899751993,174.5421820577896,0.16117469117133337,4.07883455974769e-06,1.5876391233320999,LOW_FREQUENCY_NOISE
0.0032189697729653817,0.705251602512009,0.7052589486225298,1.1549732425582058,-1.1549776069243294,2.309950849482535,0.025003125390673835,200.0,194.86631824888485,29.793917671941834,0.9999865754508152,1.5368191989795792e-06,0.49739018461215606,LOW_FREQUENCY_NOISE
0.006418459584677329,1.3776783151211613,1.3776932665069253,2.2972667181649093,-2.2973032856724727,4.594570003837382,0.24981245311327832,1000.0,961.4120004661963,190.2381041954263,0.03952999568354242,2.9546613754527912e-06,1.8980387365785218,LOW_FREQUENCY_NOISE
0.00899768019064231,1.0730115422387088,1.0730492663556066,2.196442819450595,-2.1964423952318737,4.392885214682469,0.1248906113264158,1000.0,1176.4381236952725,632.9995897819109,0.08593429721976706,0.21762695236294197,1.1514347280263055,LOW_FREQUENCY_NOISE
0.0006178613429247992,0.942848902135701,0.94284910458203,1.8155825736106814,-1.8155642534094383,3.6311468270201197,0.1873984248031004,1500.0,1143.311381013209,630.7443151848212,0.2423135903309043,3.5741528920083405e-06,0.8889644340111358,LOW_FREQUENCY_NOISE
0.006427662540593902,1.0045283612729825,1.0045489253627815,1.953254662684127,-1.9532608460554863,3.9065155087396133,0.49974987493746875,1000.0,729.4524992267202,437.4291269226808,0.2766336564068891,2.7481902920325775e-08,1.0091185434475194,LOW_FREQUENCY_NOISE
0.00015797990519139839,1.4111103925868762,1.4111104014301428,2.1405880472308105,-2.1406016659221736,4.281189713152984,0.09954977488744372,200.0,198.87981331259184,14.70133928269652,0.9999998304728575,2.636609821393781e-11,1.9912325650243388,LOW_FREQUENCY_NOISE
0.006103830796816279,0.5003689203775881,0.5004061482738089,0.8629565030421276,-0.8629556382639418,1.7259121413060694,0.49987496874218557,2000.0,1872.9145074883513,486.2185118299094,0.06391831463846989,0.9360406163779463,0.25040631323022927,LOW_FREQUENCY_NOISE
0.012029374417911179,0.628084946957767,0.6282001324767666,1.396811085623636,-1.3968738017167026,2.793684887340339,0.06250781347668459,8.0,349.8385091134315,375.3016598302403,0.46205239584081653,3.47842176904265e-05,0.3946354064438272,LOW_FREQUENCY_NOISE
0.004495564085490805,1.066701283087507,1.0667107562207199,1.7375048074496406,-1.7373065628708968,3.4748113703205377,0.024756189047261814,100.0,97.54745747276618,15.303324814267652,0.9999802753771669,1.9329771140970515e-06,1.1378718374369803,LOW_FREQUENCY_NOISE
0.011695914434098712,1.2291491605197513,1.2292048052382725,2.342980407033023,-2.3425309007318065,4.68551130776483,0.04526487663280116,500.0,628.7681192026635,286.174184197533,0.022336217203360424,1.4582656924689995e-06,1.5109444532208596,LOW_FREQUENCY_NOISE
0.020334263058548435,0.7983324578582363,0.7985913820747798,1.415734079908444,-1.41585202197243,2.831586101880874,0.09954977488744372,200.0,182.56694664709605,55.70897309925625,0.9999316769055152,1.0621300616207704e-08,0.6377481955241068,LOW_FREQUENCY_NOISE
0.018562790478520882,1.5981168196940725,1.5982246233178383,3.3128330279113003,-3.312806126248548,6.625639154159849,0.12478119529882471,500.0,576.043672429913,323.70848926403556,0.10566356272871279,7.827294907380872e-06,2.5543219465794462,LOW_FREQUENCY_NOISE
0.0033811001702399733,1.080110872196327,1.0801161641578516,1.859549189174448,-1.8595484605478152,3.719097649722263,0.49987496874218557,2000.0,1878.6542157075703,475.10640626362175,0.06121249470835954,0.9387523098415459,1.1666509280750712,LOW_FREQUENCY_NOISE
0.0011810307473800988,0.7719448387525164,0.7719457422061959,1.5931636684803911,-1.595324168064768,3.188487836545159,0.18133164005805516,2000.0,2322.5391000364075,1285.8973479572921,0.09753570078899675,0.9024377214392968,0.5959002289102747,LOW_FREQUENCY_NOISE
0.0001974831239123791,1.0989717534408465,1.0989717711845164,2.033963331864058,-2.0340022283148347,4.067965560178893,0.09954977488744372,200.0,253.1001792761791,112.82948226266227,0.7658970359078532,2.2086634590374074e-10,1.207738953860433,LOW_FREQUENCY_NOISE
0.005516420527502359,0.6612027040023052,0.6612257153766755,1.1899547816820188,-1.1899485868475552,2.379903368529574,0.7498749374687343,1500.0,1342.8012992137133,454.9959921060804,0.10659001867289548,1.0386909606316619e-08,0.43721944667539636,LOW_FREQUENCY_NOISE
0.005963046297201771,1.5400129499494821,1.540024494588722,3.108197918775504,-3.1082726472615976,6.216470566037102,0.2496248124062031,500.0,597.6293324124687,310.25270865532434,0.07102424560237038,2.9262900821413524e-09,2.3716754439332486,LOW_FREQUENCY_NOISE
0.0026358974121339037,1.3458417689984887,1.3458443502634874,2.557463756883926,-2.5572917605366956,5.114755517420622,0.012376547068383549,100.0,126.13842451489971,56.82234320222674,0.9533814840420645,1.4698212120178597e-06,1.8112970151361487,LOW_FREQUENCY_NOISE
0.0003447328807647264,1.0484276838631041,1.048427740538809,2.0397264900588494,-2.0395968827034463,4.079323372762296,0.18133164005805516,2000.0,1462.3138348972286,878.1934680220196,0.27265606584995544,0.7273283002965518,1.0992007271313122,LOW_FREQUENCY_NOISE
0.055785819657828396,1.4775971142227486,1.4786498198134306,2.931980938463006,-2.9290548048511846,5.86103574331419,0.09062046444121916,1000.0,1224.6167357865224,599.6486420349801,0.04770291955887011,0.22673754788425562,2.1864052896342905,LOW_FREQUENCY_NOISE
0.024061252455111166,0.6485771740348051,0.6490233389861126,1.2197537890998558,-1.2197466669040649,2.4395004560039206,0.009071117561683599,100.0,83.43168571836202,41.915375279067106,0.9998681042579938,1.5975320913021426e-05,0.4212312945486824,LOW_FREQUENCY_NOISE
0.011971430131403319,1.4955776163598633,1.495625528565236,2.727623504097749,-2.7229654412198467,5.4505889453175955,0.025006251562890724,100.0,90.95841332129925,26.413934092698966,0.9999085012350424,8.84786414781591e-06,2.2368957216960417,LOW_FREQUENCY_NOISE
0.008518037383428722,1.0517879594768038,1.0518224511110439,1.8670439722862666,-1.8670447259140377,3.7340886982003045,0.24990623827978498,2000.0,1821.7960099605373,565.4981007831241,0.09032013363690665,0.9096398045158279,1.1063304686612443,LOW_FREQUENCY_NOISE
6.890020854235601e-05,1.3131391826878855,1.313139184495477,2.376247801005231,-2.376248060890628,4.752495861895859,0.37484371092773194,1500.0,1330.2687093952209,470.8650894989539,0.11499391288292136,1.2964053101129943e-07,1.7243345178574463,LOW_FREQUENCY_NOISE
0.004258773718665772,1.0276935419789588,1.0277023661444227,1.9170661819200352,-1.9153756615930093,3.8324418435130445,0.012501562695336917,100.0,85.46584522120432,35.26161548851719,0.9999656117698824,4.062773549955851e-06,1.0561721533788448,LOW_FREQUENCY_NOISE
0.006363383691125355,1.039301243222727,1.03932072375004,1.9457275213879508,-1.9457273896232028,3.8914549110111536,0.49974987493746875,1000.0,834.9797385359533,367.5355855976486,0.1677361485348871,1.7180639598298795e-08,1.0801875668163066,LOW_FREQUENCY_NOISE
0.001641197161382049,0.9479525326842108,0.9479539533914779,1.8693818953093895,-1.8697320552949792,3.7391139506043687,0.1873984248031004,1500.0,1014.1737553418101,695.6960352940378,0.32782060808837543,7.3567134725830695e-06,0.8986166977505323,LOW_FREQUENCY_NOISE
0.005063692094686891,0.9727903608196822,0.9728035398174274,1.6181858254462655,-1.6181832996131589,3.2363691250594244,0.49974987493746875,1000.0,962.4766936909617,188.00496106882733,0.03829914758617552,4.704736956961023e-09,0.946346727081317,LOW_FREQUENCY_NOISE
0.01692526250385962,0.9863839518962207,0.9865291506434213,2.0494179078710633,-2.0492150695781177,4.098632977449181,0.012376547068383549,100.0,116.75342064633077,62.99046381648097,0.9572910632444955,3.8913821101037465e-06,0.9732397650692303,LOW_FREQUENCY_NOISE
0.05873294277013336,1.5865041199732381,1.5875909048802523,3.3268914503597395,-3.326642248339121,6.65353369869886,0.024878109763720464,200.0,227.07269704202258,131.94986741269267,0.7904141185035085,1.0840657910926376e-05,2.520444881258498,LOW_FREQUENCY_NOISE
0.015129777625045247,0.8494939847574532,0.849628707324605,1.8591251015283123,-1.8591349316960954,3.718260033224408,0.1248906113264158,1000.0,961.8553476978858,725.3088668401622,0.2567649380645082,0.17695721232577474,0.7218689403100793,LOW_FREQUENCY_NOISE
0.02011395070012095,0.8621907672198248,0.8624253533447849,1.6737643936157371,-1.6737757908359918,3.347540184451729,0.24990623827978498,2000.0,1461.5735253908706,882.7538992235113,0.2710967988906276,0.7287500143932557,0.743777490091877,LOW_FREQUENCY_NOISE
0.047424982878536096,1.0806958198342131,1.0817359123224908,1.9851869241323334,-1.9852033960106072,3.9703903201429407,0.49974987493746875,1000.0,869.4616565899736,335.53319113459463,0.13145488369059583,3.0413429198379693e-09,1.1701525840081715,LOW_FREQUENCY_NOISE
0.00039116930615869006,0.9360555596247352,0.9360556413578214,1.7684687451954881,-1.7684591389765207,3.536927884172009,0.24990623827978498,2000.0,2521.0320555452877,1140.0740461767966,0.019733604629603968,0.980263300495611,0.8762001637178023,LOW_FREQUENCY_NOISE
0.01660826360975703,0.6696853035916694,0.6698912152482652,1.467638678979608,-1.4685519446465536,2.9361906236261617,0.05052526263131566,100.0,71.51414662820703,62.50050612413895,0.9789994867935982,2.3197472875984e-09,0.4487542402667976,LOW_FREQUENCY_NOISE
0.06327383160797603,1.2959545099967988,1.2974982349688948,2.269231281379406,-2.2704690098386253,4.539700291218031,0.024756189047261814,100.0,92.8142632782166,25.215233115533,0.9999980159980993,1.9148453746210042e-07,1.6835016697473975,LOW_FREQUENCY_NOISE
0.020360518451620305,0.6085498107677616,0.6088903209093549,1.2124886870729037,-1.2125256822095993,2.4250143692825032,0.35417708854427216,10.0,616.9962251756557,731.620489106721,0.5926025555813101,7.534385980192403e-08,0.37074742289709717,LOW_FREQUENCY_NOISE
4.663686742515602e-07,1.2734318771679338,1.2734318771680193,2.3071635394496,-2.3070407205384775,4.614204259988078,0.04526487663280116,500.0,639.4769266615813,276.66227117573226,0.005375241563367536,1.3133505280476662e-10,1.6216287457876655,LOW_FREQUENCY_NOISE
0.000643883844652958,0.8396974190388565,0.8396976659053677,1.6575645227228328,-1.658542106902023,3.316106629624856,0.012501562695336917,100.0,71.9384128208708,40.451353524385624,0.9999741355996313,3.0485166596342956e-06,0.7050921701269224,LOW_FREQUENCY_NOISE
0.0017580119128606676,1.1986359097117663,1.1986371989290334,2.3616189576912827,-2.362061010986047,4.723679968677329,0.09062046444121916,1000.0,1229.4188084129635,595.3066011059573,0.044343443090186035,0.22753672330227628,1.436731134656439,LOW_FREQUENCY_NOISE
0.06557652127399126,1.0276086924414918,1.0296989389737714,2.008748940007168,-2.008392367961065,4.017141307968233,0.09954977488744372,200.0,146.7907534290196,86.37556718173403,0.9999606910077943,6.078533833714635e-09,1.0602799049237106,LOW_FREQUENCY_NOISE
0.014475686892239183,1.2836837263901972,1.2837653426191349,2.38328441867514,-2.382837452642015,4.766121871317155,0.024878109763720464,200.0,171.3433176989083,69.04102350018191,0.9998730345659366,1.4949799737929375e-05,1.6480534549100248,LOW_FREQUENCY_NOISE
2.6121541327329336e-06,0.9903973363648112,0.990397336368256,1.8568449262757256,-1.8572665674437459,3.7141114937194715,0.18133164005805516,2000.0,1645.6541469372437,756.6375748809432,0.17987096798558103,0.8201289518922232,0.9808868838853364,LOW_FREQUENCY_NOISE
0.016998300472533718,1.5829863430804911,1.5830776053618791,3.0902242135354925,-3.0902721238506965,6.180496337386189,0.13597605224963716,1500.0,1857.0410032537877,883.2384710909284,0.037365127517593494,0.229197775461964,2.5061347045983013,LOW_FREQUENCY_NOISE
0.010144951438457565,0.6866735945687645,0.6867485315001968,1.5174285470304958,-1.5174131128201334,3.0348416598506294,0.1248906113264158,1000.0,892.1037152686814,743.8150342894035,0.30909728352953775,0.16447148909992218,0.4716235455176767,LOW_FREQUENCY_NOISE
0.003967610518335368,1.130670035601875,1.1306769969098913,1.8040319813840502,-1.8040247938234417,3.608056775207492,0.7498749374687343,1500.0,1471.880976423626,201.73101425804165,0.019049350633441597,2.090048849721459e-09,1.2784304713411705,LOW_FREQUENCY_NOISE
0.011963597069912294,1.2356050620324543,1.2356629787183384,2.270910506398661,-2.2633726492874775,4.534283155686138,0.05002501250625312,100.0,90.26467352274996,25.32250643310622,0.9999352859968375,9.77266158409863e-09,1.5268629969750769,LOW_FREQUENCY_NOISE
0.002839216310176971,1.1751307981520966,1.1751342280415629,2.025570132916309,-2.0252341858733742,4.050804318789684,0.05002501250625312,100.0,95.37837776405166,18.769235053116834,0.9999595178143978,6.252531544328064e-09,1.3809404539148398,LOW_FREQUENCY_NOISE
0.014334336254435788,1.3835186026395285,1.3835928581217412,2.5477610812924705,-2.5477637249831115,5.0955248062755825,0.1873984248031004,1500.0,1293.4439507169648,512.6148747039911,0.1397087752979686,1.2060151277541964e-05,1.9143291970454888,LOW_FREQUENCY_NOISE
0.02739854294758173,1.0343284882101813,1.0346913074336759,2.2602941161783843,-2.2603232590170617,4.520617375195446,0.12478119529882471,500.0,484.4583715302539,361.21553144164056,0.25209318344193044,9.18201143827793e-06,1.0705861016788096,LOW_FREQUENCY_NOISE
0.05394291029277692,1.2190022465341614,1.2201951952971242,2.577663074947917,-2.5773039952610834,5.1549670702090005,0.018051523947750364,200.0,224.13522494049994,132.76724982427393,0.7933152406897168,2.2174613451118086e-06,1.4888763146261872,LOW_FREQUENCY_NOISE
0.009165080962078999,0.6938949035856368,0.6939554279138982,1.3793777382992665,-1.3751628098702013,2.7545405481694676,0.024878109763720464,200.0,129.807500909269,90.7396138940163,0.9996761211231562,3.792311664664686e-05,0.48157413593116155,LOW_FREQUENCY_NOISE
1.2317163904281614e-05,1.2881431223576867,1.2881431224165747,1.9806506881715096,-1.9806444730821842,3.9612951612536937,0.1873984248031004,1500.0,1487.5876418124321,135.33489808123127,0.008341642263134656,4.775072720422588e-09,1.6593127038291227,LOW_FREQUENCY_NOISE
0.012227912856776955,0.612712381083778,0.6128343852838104,1.3362203462833637,-1.3364162284036634,2.672636574687027,0.09954977488744372,200.0,186.5745550095798,141.38766253803914,0.8334663179862231,1.106535424489957e-08,0.3755659837861857,LOW_FREQUENCY_NOISE
0.004222492696200583,1.17434157988059,1.1743491711075584,2.1413669286042243,-2.1413561773332157,4.28272310593744,0.2496248124062031,500.0,638.1543993034686,277.8875223803909,0.0074258456696503095,8.998382604072696e-10,1.3790959756810097,LOW_FREQUENCY_NOISE
0.0023144038263255232,0.9152812602851185,0.9152841864110763,1.6717635740371322,-1.6722679844347863,3.3440315584719187,0.09062046444121916,1000.0,1276.6398790396884,555.4348193096089,0.007211122724055656,0.23637850583593992,0.837745141894186,LOW_FREQUENCY_NOISE
0.0019411220127553718,1.4244301933116486,1.4244315159292598,2.8243251186226446,-2.824221965357893,5.648547083980537,0.024756189047261814,100.0,123.07256586001104,58.762591274401316,0.9547267286084258,1.579539722921929e-06,2.029005143572529,LOW_FREQUENCY_NOISE
0.03293197453388765,1.1186378598224158,1.119122502845321,2.050660147724467,-2.048756194754092,4.099416342478559,0.04952476238119059,100.0,88.0145336328145,30.599884870016066,0.999989982505687,1.5169651220593858e-09,1.2524351763747759,LOW_FREQUENCY_NOISE
0.0005530804941218612,0.9701539993912304,0.9701541570455864,1.9610107985366003,-1.9622553079984848,3.923266106535085,0.04952476238119059,100.0,121.182166819138,59.05633462832007,0.9557855917112082,1.892247544963004e-09,0.9411990884328323,LOW_FREQUENCY_NOISE
0.03444469660026108,1.1536211140005768,1.1541352224899022,2.177497187104219,-2.17750020874281,4.354997395847029,0.49974987493746875,1000.0,813.7889216836038,386.2771750949081,0.18856627466148335,1.0264865190235526e-09,1.332028111791816,LOW_FREQUENCY_NOISE
0.018136760609729276,1.0458274954306748,1.0459847476345976,1.6396254386707978,-1.6383888287364972,3.278014267407295,0.09062046444121916,1000.0,987.2721149710857,111.84599526210873,0.012797642805405237,5.624996588266332e-07,1.0940840922842128,LOW_FREQUENCY_NOISE
0.004685386664716061,0.49406356493487735,0.49408578105867174,0.8343593455011272,-0.834351772390737,1.6687111178918643,0.37484371092773194,1500.0,1428.8075923886017,316.87483942069855,0.04804605888123634,1.3135821650066105e-06,0.24412075904435768,LOW_FREQUENCY_NOISE
0.013785274410190744,0.6009379790150267,0.6010960725318615,1.1616869807043804,-1.1616877644070607,2.3233747451114413,0.24981245311327832,1000.0,1244.995075735655,583.2869751232972,0.03183310089965402,0.2305168306742214,0.3613164884132289,LOW_FREQUENCY_NOISE
0.0002215919804465309,0.6247679700363354,0.6247680093333278,1.1905171419019902,-1.188907342745017,2.379424484647007,0.09062046444121916,1000.0,1257.2157288266521,572.8073872428472,0.022374073112028884,0.2327673239051651,0.3903350654863292,LOW_FREQUENCY_NOISE
0.004493086855663932,0.9769546184804183,0.9769649504458756,1.7614216090821595,-1.7614298313396421,3.5228514404218014,0.49974987493746875,1000.0,893.5788578897321,304.48364668762537,0.10883432002085375,1.2845534904762173e-08,0.9544605143997122,LOW_FREQUENCY_NOISE
0.001143753780254217,0.9621668839460479,0.9621675637513234,1.805016650958782,-1.8053544479995594,3.6103710989583413,0.018051523947750364,200.0,253.0856184992922,113.1044211883306,0.7657504659694839,3.5797336840489833e-07,0.925766420735157,LOW_FREQUENCY_NOISE
0.007761640152137367,0.7675642626778575,0.7676035046806744,1.4597935017434238,-1.4597940675086023,2.919587569252026,0.49974987493746875,1000.0,799.9634536312083,393.9853513223427,0.20490165158501175,2.410217633117029e-08,0.5892151403980541,LOW_FREQUENCY_NOISE
0.012967569050487758,1.2648039623560068,1.2648704364631715,2.2677444757205465,-2.2676964908743567,4.535440966594903,0.12478119529882471,500.0,451.12011651722366,144.13476600084485,0.10322658746380045,1.5053338075197878e-06,1.5998972210385343,LOW_FREQUENCY_NOISE
0.014068920605532552,0.9222178891261795,0.9223251972874595,1.5775410566935781,-1.5775158454870033,3.1550569021805814,0.49974987493746875,1000.0,944.8951187242851,226.77995004484143,0.05574298622848066,4.3463336441995806e-09,0.8506837695513512,LOW_FREQUENCY_NOISE
0.002997183362689692,1.1433178275912779,1.143321756110741,2.114113320285649,-2.1170009255641977,4.231114245849847,0.024756189047261814,100.0,127.37159389899085,55.59427377500001,0.9529141065427555,8.01577263314506e-07,1.3071846379961487,LOW_FREQUENCY_NOISE
0.013483929606200198,0.7775957882388801,0.7777126887511031,1.3933327481845357,-1.3933354347345628,2.7866681829190982,0.24990623827978498,2000.0,1800.7131393658156,596.5375501991012,0.1003917422714088,0.8995862854498302,0.6048370262444702,LOW_FREQUENCY_NOISE
0.016202788139942588,0.6511434417698484,0.6513450023631039,1.2983393510055437,-1.29831725649694,2.5966566075024837,0.3106553276638319,1000.0,423.540122128857,478.1969686268225,0.5923588867939089,7.2191609898291055e-09,0.4242503121033918,LOW_FREQUENCY_NOISE
1.3310318191315674e-05,0.8170340551849835,0.817034055293403,1.6280065150056489,-1.6280144916858421,3.256021006691491,0.49974987493746875,1000.0,592.3932126461735,488.89426970122355,0.41006734030134256,4.9962644675803635e-11,0.6675446475091835,LOW_FREQUENCY_NOISE
0.0038415206315062962,1.0089289916593809,1.0089363049725077,2.006353927959224,-2.004824131021268,4.011178058980493,0.04526487663280116,500.0,611.0288489031125,300.19508673137227,0.05065840207206328,3.979832593310534e-06,1.0179524674915772,LOW_FREQUENCY_NOISE
0.017445435775421937,1.3312663064471917,1.3313806074563888,2.235112955469326,-2.2353988965709073,4.470511852040233,0.012376547068383549,100.0,95.95499810117806,21.213995892769237,0.9999638660165902,4.266918833730782e-06,1.7725743219109427,LOW_FREQUENCY_NOISE
0.03029506305201211,1.3974752483253294,1.3978035843877588,2.538114179324506,-2.5381399117263883,5.076254091050894,0.7498749374687343,1500.0,1323.2462750779812,482.3619608899589,0.11831208608968449,1.4886872225090502e-08,1.9538548605272663,LOW_FREQUENCY_NOISE
0.00506801764885955,0.8905848835377027,0.8905993036089533,1.463096247336143,-1.4632219498835477,2.9263181972196906,0.09954977488744372,200.0,194.29007310915148,31.87828923356506,0.9999766202773585,3.611718161711327e-09,0.7931671195887527,LOW_FREQUENCY_NOISE
0.00764506128493607,0.9993139363625,0.9993431794785839,2.1106031870499864,-2.1052373894572947,4.215840576507281,0.025003125390673835,200.0,218.99715711698826,132.50754228319087,0.8016305356774043,1.56638208162891e-05,0.9986867903703651,LOW_FREQUENCY_NOISE
0.02550407281335692,1.1797029112822746,1.1799785661688704,2.1572395092026238,-2.157221542747558,4.314461051950182,0.12478119529882471,500.0,436.253215784521,165.39520304732613,0.12981506130258755,1.0157505006700779e-05,1.392349416617943,LOW_FREQUENCY_NOISE
1.7491947291922827e-05,0.5648531845802018,0.5648531848510406,1.1269335789451913,-1.1269670788479211,2.253900657793112,0.04976244061015254,200.0,114.98109372749218,96.259340000634,0.9999996129538122,3.798286573801486e-08,0.31905912043636386,LOW_FREQUENCY_NOISE
0.0007602121120481655,0.430235080819804,0.4302357524549518,0.8336223545374564,-0.8336214239048348,1.667243778442291,0.7498749374687343,1500.0,1096.7762217133818,663.1743552160672,0.2698947400628577,2.8313194070362774e-09,0.1851028026904786,LOW_FREQUENCY_NOISE
0.010423565145166952,0.6807483675822051,0.680828165307644,1.2221727968619511,-1.2212243937473657,2.443397190609317,0.024756189047261814,100.0,90.51127311853537,29.517219527790015,0.9999141066200206,8.420325953023682e-06,0.46352699067617265,LOW_FREQUENCY_NOISE
0.005467559170737532,1.4126194896497726,1.4126300707339023,2.486414620076182,-2.486431058868934,4.972845678945116,0.24981245311327832,1000.0,920.6137161942027,266.20128070010406,0.08169681972431872,6.532424494465453e-06,1.99552371674167,LOW_FREQUENCY_NOISE
0.0280997251603253,0.6236332140145355,0.6242659530810449,1.3865366523239109,-1.386232738671434,2.772769390995345,0.04526487663280116,500.0,354.264759326069,373.11956794855695,0.45817676381070727,6.0970510403174475e-06,0.38970798017618535,LOW_FREQUENCY_NOISE
0.009620890287886126,1.3949629683509088,1.3949961450127057,2.6787500881965203,-2.6775019216657507,5.356252009862271,0.012376547068383549,100.0,125.70804262238796,56.721694389729194,0.9536384167582185,1.1279993745800695e-07,1.94601424460031,LOW_FREQUENCY_NOISE
0.0037147047655074453,1.233864939564558,1.2338705313436031,2.392120626175326,-2.392112755988321,4.784233382163647,0.2496248124062031,500.0,621.9163702125757,291.21689853143033,0.03382774909009288,3.986291341396278e-09,1.5224364881181454,LOW_FREQUENCY_NOISE
0.006048194719524437,0.6678414777208376,0.6678688643915939,1.4445603519002768,-1.4445512482882572,2.889111600188534,0.09913739217402175,22.0,503.76925502775674,700.8055480854591,0.618790537963464,0.09071659621980455,0.4460488200237172,LOW_FREQUENCY_NOISE
0.008374957415411157,1.3612296196863263,1.3612553828812175,2.566477388769422,-2.56784852228428,5.134325911053702,0.008980406386066763,100.0,126.3765418866357,57.00423586570754,0.9532163029345484,1.6982782731955322e-06,1.8530162174230902,LOW_FREQUENCY_NOISE
0.0007680872194626005,1.334339183700568,1.3343394047680204,2.184917558460421,-2.184913426105417,4.369830984565838,0.49974987493746875,1000.0,971.1705085252812,164.88417166991718,0.02966134959191975,1.5005909231428724e-09,1.7804616471166748,LOW_FREQUENCY_NOISE
0.0006693667448183902,1.6590907551189265,1.6590908901482548,3.461024062897942,-3.4610559024597323,6.922079965357675,0.37484371092773194,1500.0,1669.7842293335573,876.6771194638623,0.11348064021044486,0.21108544111917463,2.752582581772929,LOW_FREQUENCY_NOISE
0.010583550410800602,0.8132758417644297,0.813344703269739,1.3504455031257767,-1.3504592593891562,2.700904762514933,0.06238279784973122,500.0,481.54123736311914,93.47520465935881,0.03773235913648679,2.2833671921042473e-06,0.6615296063369397,LOW_FREQUENCY_NOISE
0.018193177766730042,0.7262232689536557,0.7264511188558977,1.5830071621836233,-1.5830010755653536,3.1660082377489767,0.06238279784973122,500.0,499.7388266413948,356.737773987352,0.22811846481937392,9.148413425219494e-06,0.5277312280869857,LOW_FREQUENCY_NOISE
0.019151882580075073,0.7483289327115024,0.7485739683822148,1.4872484466470342,-1.487248318188679,2.9744967648357132,0.49987496874218557,2000.0,1251.8843050240043,962.2712825011307,0.37653427098985753,0.6232061973893209,0.5603629861394971,LOW_FREQUENCY_NOISE
0.005382861412685246,1.0843400357596014,1.0843533964294674,2.046966569959987,-2.046965848499624,4.093932418459611,0.7498749374687343,1500.0,1331.3677750712661,327.29511059102504,0.01932266940440957,8.570768832256258e-10,1.1758222883481215,LOW_FREQUENCY_NOISE
0.005887273327215153,1.102079365010892,1.1020950897132427,2.228024886603306,-2.2263744963810534,4.454399382984359,0.04526487663280116,500.0,601.2016919933585,307.59872153490295,0.06588131141567263,4.783815454112575e-06,1.2146135867700403,LOW_FREQUENCY_NOISE
0.01906463296174173,0.7903494737158461,0.7905793766807233,1.7259228787681087,-1.7259363973662367,3.4518592761343454,0.2496248124062031,500.0,494.26549616037516,357.725877565303,0.2374196793221185,6.418293585508388e-09,0.625015750832881,LOW_FREQUENCY_NOISE
0.003634707564319437,0.7995886455427911,0.7995969066848828,1.469776086837158,-1.4698285088460115,2.9396045956831696,0.09062046444121916,1000.0,865.2304330925865,336.292664981884,0.13868405988504146,1.2685499876875449e-05,0.6393552131800332,LOW_FREQUENCY_NOISE
0.006637900546688617,1.0264291139824173,1.0264505773559671,2.1183682531199084,-2.1181852783640363,4.236553531483945,0.018051523947750364,200.0,232.2961330470256,128.57872571916147,0.7854764303906805,4.387398353990818e-06,1.0536007877543982,LOW_FREQUENCY_NOISE
0.007895812847424681,1.0236175995460361,1.023648051803407,1.779032639377713,-1.779007710193231,3.558040349570944,0.1873984248031004,1500.0,1396.0255481553045,378.54091596861514,0.07016456728498108,6.499390955631066e-06,1.0478553339609107,LOW_FREQUENCY_NOISE
0.006805355403121585,0.8154226293382913,0.8154510269164761,1.3919669210142742,-1.3920013952409986,2.783968316255273,0.37484371092773194,1500.0,1417.519859765874,339.46078125109585,0.05573444858088332,2.699579782078444e-06,0.6649603772991354,LOW_FREQUENCY_NOISE
0.00032979132914138544,0.8421091410976503,0.8421092056749784,1.5585145200196884,-1.5578926254952907,3.1164071455149793,0.012376547068383549,100.0,127.41028035737087,55.57288445470248,0.9528973639195416,3.720613301748864e-07,0.7091479142825431,LOW_FREQUENCY_NOISE
0.02064452315214185,1.3012495541091649,1.3014133080637678,2.4558553884973975,-2.455856411912479,4.9117118004098765,0.12503125781445362,500.0,408.8938342622955,189.90984510300802,0.1877858241973401,1.4562976624138635e-05,1.6936765984054796,LOW_FREQUENCY_NOISE
0.013123044149703363,0.9520366478539957,0.9521270887569727,1.677607328081605,-1.6774900038823153,3.35509733196392,0.018142235123367198,200.0,184.6397650267559,51.74917936032692,0.9999732762474198,3.1910203207376865e-06,0.9065459931448282,LOW_FREQUENCY_NOISE
0.009769782312342276,1.4426965031041545,1.4427295826714672,2.6410291132616326,-2.6410243284749315,5.282053441736564,0.49987496874218557,2000.0,1741.786102844188,667.0484519935623,0.13025048877653123,0.8696571494796385,2.081468648715386,LOW_FREQUENCY_NOISE
0.015098436055939492,1.2980366741570857,1.2981244817921445,2.201958941034001,-2.202242503383091,4.404201444417092,0.13597605224963716,1500.0,1424.0637044817113,326.95710281312415,0.05118389126072056,6.475269077696747e-07,1.6851271702281236,LOW_FREQUENCY_NOISE
0.0016093693681512773,1.2380826487428294,1.2380836947427356,2.3202766616117563,-2.320806448572129,4.641083110183885,0.13597605224963716,1500.0,1237.9929821685987,566.3294897139893,0.1763194181863873,3.113566291174736e-06,1.5328512351878232,LOW_FREQUENCY_NOISE
0.029846543851311132,1.307415627412145,1.3077562613045906,2.354730880058057,-2.3543586727245005,4.709089552782558,0.37484371092773194,1500.0,1336.2098894344886,466.31662158411433,0.10979133396548331,7.802263556697558e-06,1.7102264389813606,LOW_FREQUENCY_NOISE
0.0021156213094968104,1.2218018797083559,1.2218037113679092,1.9539200608229386,-1.9585287769984423,3.9124488378213806,0.09062046444121916,1000.0,979.8808056783187,139.34404408358694,0.02045444777772192,1.3980997739017277e-06,1.4928043091123973,LOW_FREQUENCY_NOISE
0.002838646213640686,0.8835658371811081,0.8835703970515755,1.607582015369298,-1.6076847742826454,3.2152667896519436,0.2496248124062031,500.0,442.5603225390675,154.70835237833248,0.12129706631110918,1.2577106981761561e-08,0.7806966465458788,LOW_FREQUENCY_NOISE
0.0008417166992180202,0.9871038267325516,0.9871041856040573,1.860287483447158,-1.8600697919534248,3.720357275400583,0.1873984248031004,1500.0,1226.1984732403,572.3161134782048,0.18625639119084333,4.270010533998924e-06,0.9743746732370492,LOW_FREQUENCY_NOISE
0.0023356244195233754,1.1320522790551244,1.1320546884560525,2.1252563298511205,-2.1252543089089824,4.250510638760103,0.24981245311327832,1000.0,1264.5851529950553,566.2832662093789,0.01667494702794619,0.23412936562386502,1.28154781765533,LOW_FREQUENCY_NOISE
0.0018918918155043372,1.2660411665457159,1.2660425801066402,2.546807593643351,-2.546843264187712,5.093650857831063,0.2496248124062031,500.0,602.0395691345565,306.05418956997346,0.06553196451338465,3.4814116713741373e-09,1.6028638146430785,LOW_FREQUENCY_NOISE
0.015090164304326192,1.1322746245102584,1.1323751756235998,2.389396045487681,-2.3890543098530554,4.778450355340736,0.04976244061015254,200.0,223.65265822662656,131.53863895510125,0.7952006272107262,9.575544714893509e-06,1.2822735383685784,LOW_FREQUENCY_NOISE
0.008467136236116939,0.8128673294156852,0.8129114266803174,1.7647375219800963,-1.764746246374991,3.529483768355087,0.37484371092773194,1500.0,1468.6810518295827,983.2343610092087,0.22118724095592918,0.1853648067071542,0.660824987627429,LOW_FREQUENCY_NOISE
0.024951659823586016,0.8614561213790801,0.8618174019996581,1.672800311422442,-1.6727681204934153,3.345568431915857,0.49974987493746875,1000.0,744.9655117164193,431.9183700313899,0.25848528412376126,1.7612669058551874e-08,0.7427292343894403,LOW_FREQUENCY_NOISE
0.0014377347991350014,0.732888685122808,0.7328900953501767,1.6038826228363277,-1.6043147249344343,3.2081973477707617,0.018142235123367198,14.0,113.97186245510599,139.55955700482383,0.9021607024978786,9.080092751128258e-06,0.5371278918623911,LOW_FREQUENCY_NOISE
0.008533608227944342,1.3851027411537764,1.3851290286544042,2.5435629133203146,-2.5442261661465007,5.087789079466815,0.025006251562890724,100.0,90.01394905567106,28.167906267596443,0.9998893225062836,1.0767968198785173e-05,1.9185824260210933,LOW_FREQUENCY_NOISE
0.0009635637946150162,0.6230311170361081,0.6230318621470711,1.1966499168143738,-1.196651158002785,2.393301074817159,0.1873984248031004,1500.0,1146.5340016129937,633.2693294152972,0.23754642680096127,3.600293059326325e-06,0.38816870125044695,LOW_FREQUENCY_NOISE
0.0077116952420302805,0.9935085213004773,0.9935384502575464,1.930654253966185,-1.9306266946979247,3.8612809486641098,0.06238279784973122,500.0,359.32112158020647,222.7472671585243,0.2861696439388553,1.1860475536461167e-05,0.9871186521401669,LOW_FREQUENCY_NOISE
0.05586825607009449,1.171977174206898,1.17330804092459,2.247931927559302,-2.247982239456705,4.495914167016007,0.018051523947750364,200.0,156.59511581589607,80.20373684935653,0.9999983005319537,1.6795883904442116e-07,1.3766517588982994,LOW_FREQUENCY_NOISE
0.008424814677080441,1.5934321214890828,1.59345439322735,3.207797328863469,-3.2075797582344894,6.4153770870979585,0.13597605224963716,1500.0,1807.9307591626978,919.9437924837907,0.06326792201292769,0.22302552505511647,2.5390969032955417,LOW_FREQUENCY_NOISE
0.003439854326498225,0.8646002619968516,0.8646071047839082,1.510558101959679,-1.5114121285298472,3.021970230489526,0.008980406386066763,100.0,94.05367331842488,25.147664293920048,0.9999435293069268,6.803003784075061e-06,0.747545445642812,LOW_FREQUENCY_NOISE
0.00189585814017968,1.1723128734973642,1.1723144064822093,2.318240675408966,-2.318213847702419,4.636454523111385,0.09954977488744372,200.0,242.49456366869666,121.26479665924226,0.7759089441593915,1.7313490091463642e-09,1.3743210676457347,LOW_FREQUENCY_NOISE
0.02415777297618724,0.6886494408295644,0.6890730370215052,1.372886851983357,-1.37289152506851,2.745778377051867,0.03075768942235559,200.0,91.91981666799391,89.32871272703248,0.9999257837402175,6.914448814731574e-06,0.4748216503500407,LOW_FREQUENCY_NOISE
0.0008171940026322346,0.9992423643382727,0.9992426984944044,1.6867662535388146,-1.6867571009033102,3.373523354442125,0.49974987493746875,1000.0,954.3826760891124,205.55159959508512,0.04693385614958204,2.6327390846549992e-09,0.9984859704943793,LOW_FREQUENCY_NOISE
0.00013048213183318325,1.677254253624935,1.6772542587003691,3.494075116501683,-3.4940864442402053,6.988161560741888,0.6938469234617308,1500.0,1207.664870638634,492.6929633011939,0.11245286436056091,3.101717957183577e-10,2.8131818483285245,LOW_FREQUENCY_NOISE
0.0003371937702849046,0.6951434965656024,0.6951435783470135,1.3719954741478455,-1.3723308986426739,2.7443263727905194,0.018051523947750364,200.0,134.87161167688757,88.9969977132517,0.9999859871827875,1.6952235109589885e-06,0.4832245945170904,LOW_FREQUENCY_NOISE
0.00487430619496012,1.5310028120294474,1.5310105712577418,2.921284710572971,-2.9214424187377444,5.842727129310715,0.04976244061015254,200.0,251.3184359395699,114.4300450900319,0.767574381721,1.5689578556172541e-06,2.343993369302957,LOW_FREQUENCY_NOISE
0.002258495707269807,1.0823024344560839,1.082304790912627,2.3112663957189614,-2.3098530481909303,4.621119443909892,0.012376547068383549,100.0,110.85746179080829,64.93471433840544,0.9602294251320684,6.833159300664796e-06,1.1713836604324255,LOW_FREQUENCY_NOISE
0.010443596846471897,0.9018897757976377,0.9019502405362532,1.9524165364260633,-1.9524273479267649,3.904843884352828,0.1248906113264158,1000.0,1027.3669695252288,704.9094744083741,0.20501410979329457,0.18926632576348418,0.8135142364034049,LOW_FREQUENCY_NOISE
0.017534498550518442,1.3381804879378574,1.3382953623684946,2.242467915229744,-2.2424553386468786,4.484923253876623,0.1873984248031004,1500.0,1435.7495548847912,302.4279141505211,0.043188251152752564,1.472453391544242e-06,1.7910344769370201,LOW_FREQUENCY_NOISE
0.01892768213279463,0.7800695762320281,0.7802991739799139,1.7286501549531794,-1.7287804809220284,3.457430635875208,0.1873984248031004,1500.0,1028.3943684677179,1125.1492074783891,0.4709597664046843,0.12591551272505241,0.6088668009137359,LOW_FREQUENCY_NOISE
0.0039023171207172355,0.9455097637700739,0.9455178165764259,1.5076681320614411,-1.507667994390046,3.015336126451487,0.24981245311327832,1000.0,981.3392913386739,134.50063603447543,0.018890934521262674,1.4071596517000671e-06,0.8940039414634516,LOW_FREQUENCY_NOISE
0.01016909644299353,0.8170914933307313,0.8171547705275368,1.4461498259400827,-1.4464776908288588,2.8926275167689415,0.04952476238119059,100.0,92.88948014891935,23.25102722638438,0.9999728640508184,4.1370505831648526e-09,0.6677419189959114,LOW_FREQUENCY_NOISE
0.02293761499537511,1.145718945857122,1.1459485316006262,1.9268161382395674,-1.9267678119265108,3.8535839501660782,0.1873984248031004,1500.0,1431.772429345455,311.8810337942606,0.04567806732972459,3.671480988939753e-06,1.313198037077631,LOW_FREQUENCY_NOISE
0.01679438948114734,0.9098534184559067,0.9100084035842436,1.9602291106691911,-1.9595824497226062,3.919811560391797,0.2496248124062031,500.0,522.039319964761,348.5894869036503,0.19293061991676047,1.6822465068650822e-08,0.8281152945939436,LOW_FREQUENCY_NOISE
0.07046269810997143,0.8442228875806912,0.8471583534027256,1.8884835763454517,-1.8884612664590508,3.7769448428045025,0.1248906113264158,1000.0,786.4998843732055,756.7029910627515,0.3899978094881444,0.14521205859905775,0.7176772757400173,LOW_FREQUENCY_NOISE
0.003534569440852943,0.5420241095354549,0.5420356339751429,1.1034234066170392,-1.1019817343524123,2.2054051409694515,0.024756189047261814,100.0,120.64134505936538,59.66714147673929,0.9560511173339893,5.16258327623179e-06,0.29380262849883504,LOW_FREQUENCY_NOISE
0.0014878659203038432,1.03634882192827,1.036349889977854,2.026190509465958,-2.0257737270093816,4.05196423647534,0.025003125390673835,200.0,147.4849980994422,83.72675449795328,0.9999564604084323,5.131550093131512e-06,1.07402109445711,LOW_FREQUENCY_NOISE
0.007077538192146935,0.7511665275031308,0.7511998692678088,1.5044689028986649,-1.5045188605060922,3.008987763404757,0.49974987493746875,1000.0,541.3879684835282,489.7471148290859,0.46710331057008164,4.900604216816057e-08,0.5643012435879731,LOW_FREQUENCY_NOISE
0.014162669899586365,1.3796750468469414,1.379747736403577,2.6091566414662215,-2.611498066263061,5.220654707729283,0.18133164005805516,2000.0,2521.041650871425,1140.2753815095027,0.01967177481604734,0.9803223977995577,1.9037038161107946,LOW_FREQUENCY_NOISE
0.00019108796485907574,0.8818807992584928,0.881880819961183,1.4389353436115133,-1.4388684801501055,2.877803823761619,0.04952476238119059,100.0,97.7727086134198,13.220113666976937,0.9999972085404224,4.3244026444942465e-10,0.7777137806154083,LOW_FREQUENCY_NOISE
0.015434169884036932,1.5538630166673795,1.5539396668360899,3.196475287901067,-3.196475402943358,6.392950690844425,0.1248906113264158,1000.0,1170.4844663417596,635.5889512877704,0.09140637461974747,0.21632912455777772,2.414728488166658,LOW_FREQUENCY_NOISE
0.001354553386668448,0.9956034131065243,0.9956043345648098,1.507256925367315,-1.5058769251361164,3.013133850503431,0.009071117561683599,100.0,99.52600740973261,7.22959941722142,0.9999975367898167,2.9836991043768467e-07,0.9912279910042378,LOW_FREQUENCY_NOISE
0.015410087233847224,0.9254587127796179,0.9255870028518455,1.9935626940536157,-1.9934203745887031,3.986983068642319,0.6238119059529765,1500.0,1105.93445748494,576.9159614883674,0.18823866498208358,1.4224242006014534e-09,0.8567112998482621,LOW_FREQUENCY_NOISE
0.00012195760318447047,0.9692572069153265,0.9692572145880355,1.4811292708156374,-1.4811291890914746,2.962258459907112,0.49987496874218557,2000.0,1986.09074847978,165.36569383736392,0.007024624447955631,0.9929746736570836,0.939459548030957,LOW_FREQUENCY_NOISE
0.023368388810133037,0.9230957855023637,0.9233915262811369,1.9595107861543184,-1.9597522095840607,3.919262995738379,0.12478119529882471,500.0,550.0868210204517,337.1296584102245,0.1472893017104724,1.877905781697984e-06,0.8526519108078076,LOW_FREQUENCY_NOISE
0.010142760766242301,0.9469790985970938,0.9470334148147707,2.054719933525109,-2.054316135049025,4.1090360685741345,0.04976244061015254,200.0,204.09774477064238,139.19722520672684,0.8147162984698175,1.7225570757967044e-05,0.8968722887757256,LOW_FREQUENCY_NOISE
0.012961279331089358,1.013967858911345,1.0140506958072442,2.2056869032485813,-2.2056139850009493,4.411300888249531,0.1873984248031004,1500.0,1493.283957578617,1076.0700391024686,0.22878248433304046,0.18361220086483715,1.028298813667156,LOW_FREQUENCY_NOISE
0.009038823563270005,1.1025177104719828,1.102554761558713,1.9999702235046126,-1.9990887818109813,3.999059005315594,0.025003125390673835,200.0,179.1376269795915,57.747372453313346,0.9999231018444212,8.89476759696582e-06,1.2156270022357907,LOW_FREQUENCY_NOISE
0.016126218935329367,1.0486588194097854,1.0487828061439008,2.295039165094572,-2.296707862720558,4.59174702781513,0.009071117561683599,100.0,101.63644207961272,73.22699323178426,0.9628833883866891,1.5712582071334835e-05,1.0999453744630752,LOW_FREQUENCY_NOISE
0.001831358815444645,0.845732463473272,0.8457344462936817,1.8495518842301895,-1.8483909986402178,3.6979428828704073,0.09954977488744372,200.0,163.9863697385829,149.1900261168409,0.8502289084647546,4.064913018339494e-09,0.7152667536476802,LOW_FREQUENCY_NOISE
0.01831367821404731,0.7551576451296332,0.755379679239163,1.5101494157485382,-1.510019748199495,3.020169163948033,0.03875968992248062,200.0,108.31734746469132,86.6203934774057,0.9999932029402756,7.913698284906072e-09,0.5705984598074608,LOW_FREQUENCY_NOISE
0.003289809239406435,1.0159351093519473,1.0159404358813489,1.608095656367059,-1.6080330058720194,3.216128662239078,0.024878109763720464,200.0,197.14580821194542,22.902307078430656,0.9999880231606205,1.3994371727681728e-06,1.032134969258785,LOW_FREQUENCY_NOISE
0.003807788419458671,1.079848846087416,1.0798555596231243,2.0967471367125015,-2.096746736390444,4.193493873102946,0.24990623827978498,2000.0,1465.174525865096,876.7285811163921,0.2711600705235897,0.7287123913638038,1.166088029648971,LOW_FREQUENCY_NOISE
0.008682464195089933,1.2955255111190471,1.295554605234672,2.1567758390427803,-2.15644051453264,4.31321635357542,0.012501562695336917,100.0,96.76858882783313,18.62275139646485,0.9999690973739436,3.6392808202501237e-06,1.678461735144767,LOW_FREQUENCY_NOISE
0.001596833813444296,1.2586446026397815,1.258645615585452,1.8915590660197508,-1.8916345099521759,3.783193575971927,0.09062046444121916,1000.0,995.9051593005984,63.07771646335652,0.004206409578725302,4.0773452691984953e-07,1.5841887856324814,LOW_FREQUENCY_NOISE
0.016846777870046438,1.339448025853112,1.3395539660224227,2.8676223376585748,-2.867630062742602,5.735252400401176,0.06238279784973122,500.0,536.8730481309774,340.3445747052556,0.17249866175982437,1.772114908911144e-06,1.794404827886402,LOW_FREQUENCY_NOISE
0.008392097103895404,0.9257042119672664,0.9257422510330502,1.7152417418760606,-1.7144994042143091,3.42974114609037,0.18133164005805516,2000.0,1703.4742019419011,705.0260657966509,0.15030055111246274,0.8496092358312292,0.8569987153477389,LOW_FREQUENCY_NOISE
6.594045434706963e-05,1.2378988119519232,1.237898813708183,1.9793645088720564,-1.9793634912235527,3.958728000095609,0.49974987493746875,1000.0,980.782718811652,135.59648403633656,0.019689958011861797,1.196086483243161e-10,1.5323934729801267,LOW_FREQUENCY_NOISE
0.003472706560121549,0.44428299231622276,0.44429656419143015,0.7634630305153991,-0.7634677765867773,1.5269308071021763,0.49974987493746875,1000.0,939.9250006058389,236.067565199775,0.060807702509854206,7.179937992910585e-09,0.1973994369523096,LOW_FREQUENCY_NOISE
0.011161441448257623,1.020621028310901,1.020682056864724,1.9509603074106137,-1.950816246170239,3.9017765535808526,0.49974987493746875,1000.0,779.0577004491657,411.5933850095821,0.22364740752445608,2.2818632245092202e-08,1.0417918612056036,LOW_FREQUENCY_NOISE
0.003929599572391503,1.3133567375394903,1.3133626162614698,2.3047866301435844,-2.304775584805803,4.609562214949388,0.37484371092773194,1500.0,1380.9332854598947,403.1082615081103,0.08022846134116439,3.7623170197120095e-06,1.7249213617931727,LOW_FREQUENCY_NOISE
0.0037343909958072494,0.7686948862458943,0.7687039572011439,1.7010446002393538,-1.701044593002233,3.402089193241587,0.3598399599899975,1500.0,1084.2909217021013,1058.4568842388487,0.42754592864549423,0.1362390024103476,0.5909057738166981,LOW_FREQUENCY_NOISE
0.010929066433442542,1.0426910763883621,1.042748351843832,2.192876065252486,-2.190641624027138,4.383517689279624,0.18133164005805516,2000.0,2246.8735449027495,1329.5068949546032,0.12717803143071166,0.8727411029023223,1.0873241252730281,LOW_FREQUENCY_NOISE
0.0022361647092295584,0.7532987593962992,0.753302078412512,1.233863600671869,-1.2338835867192606,2.4677471873911294,0.18133164005805516,2000.0,1940.6756808154764,337.04646117137895,0.03004807971820652,0.9699299791569318,0.5674640213406104,LOW_FREQUENCY_NOISE
0.0006455114181593657,1.238825102295843,1.238825270473321,2.6220661371001373,-2.622092869332475,5.2441590064326125,0.2496248124062031,500.0,551.8075447048434,335.76302185304553,0.1452457185090038,1.573739915303048e-09,1.5346880507632965,LOW_FREQUENCY_NOISE
0.0036615622093756134,0.8909907868705733,0.8909983105068474,1.6848513898306812,-1.6848048820454724,3.3696562718761536,0.1873984248031004,1500.0,1890.3759259774688,855.0721378677481,0.020077067825620448,0.23331521693303048,0.7938779893260565,LOW_FREQUENCY_NOISE
0.02128568061376047,0.8113651835610761,0.8116443440906181,1.5894091841612144,-1.591183626502415,3.1805928106636294,0.008980406386066763,100.0,75.06227850569708,37.58631235084589,0.9999980505038971,3.69402055722825e-09,0.6587665412942898,LOW_FREQUENCY_NOISE
0.0018261943175660242,0.7826644927976231,0.7826666233281231,1.4595425133903774,-1.4603902459763447,2.919932759366722,0.04952476238119059,100.0,127.10984346431697,55.65562788296415,0.953060229570095,1.6705303142960152e-09,0.6125670432718462,LOW_FREQUENCY_NOISE
0.014720668404703662,1.280365379025757,1.2804499997602605,2.359118415824478,-2.3593170498313754,4.718435465655853,0.09062046444121916,1000.0,862.8592256712004,338.2401187051909,0.14120169722188333,7.06741444812389e-07,1.6395522018860513,LOW_FREQUENCY_NOISE
0.00030853830330194754,0.5422956780963065,0.5422957658674992,1.1987865299790588,-1.1987875413735944,2.397574071352653,0.24990623827978498,2000.0,1756.868297736218,1494.5487364710918,0.3187528131421619,0.6812305352996049,0.2940846976778175,LOW_FREQUENCY_NOISE
0.04831385432341444,0.8869005329604923,0.8882155053168063,1.9235838746103069,-1.924291618554468,3.847875493164775,0.18133164005805516,2000.0,2075.1925290550853,1411.583053784532,0.1933534718086242,0.8065338832099697,0.7889267838851894,LOW_FREQUENCY_NOISE
0.012018519419466498,1.2993966286677199,1.2994522089719471,2.574851804815338,-2.5748435108200827,5.149695315635421,0.24990623827978498,2000.0,2444.1685829608773,1202.8668566786978,0.049732765238165964,0.9502333499287934,1.688576043402073,LOW_FREQUENCY_NOISE
0.0006723854111911107,0.9913970249316112,0.9913972529442427,1.826223210966728,-1.8262730531112894,3.6524962640780174,0.04976244061015254,200.0,254.85438539130556,111.24928448548782,0.7642864162961107,5.514279373580204e-07,0.9828685131453909,LOW_FREQUENCY_NOISE
0.0022023143127530885,1.3967425428188933,1.3967442790677613,2.798640447100397,-2.7986119034336574,5.597252350534054,0.1873984248031004,1500.0,1812.3392840750398,916.4819994506031,0.061081496241165295,0.22354612569974022,1.9508945811085203,LOW_FREQUENCY_NOISE
0.004214988679236113,1.0836368383256474,1.0836450357501628,2.1411716488721266,-2.1407336702869686,4.281905319159096,0.018051523947750364,200.0,246.00481963635482,118.63170425873811,0.772999408304704,4.170203543142387e-06,1.1742865635059716,LOW_FREQUENCY_NOISE
0.01145293023611076,0.6801115248707978,0.6802079504630001,1.3176683652460763,-1.316680343498096,2.6343487087441724,0.009071117561683599,100.0,79.7174764674359,41.87516928864985,0.9998479706072997,1.8212528185921305e-05,0.4626828558730751,LOW_FREQUENCY_NOISE
0.023487949135558774,1.2444024214498157,1.2446240678472997,2.4276329738925915,-2.4278111747338977,4.855444148626489,0.13597605224963716,1500.0,1857.724946611466,882.9687509432746,0.036895788471657066,0.22931024187976137,1.5490890702647597,LOW_FREQUENCY_NOISE
0.000492731438668429,1.0470011618002675,1.047001277742955,2.2137095590801144,-2.213649329621458,4.427358888701573,0.018051523947750364,200.0,224.02236584263463,131.91039958292714,0.7940821799252381,9.153995577544497e-07,1.0962116755953801,LOW_FREQUENCY_NOISE
0.002707974383858687,1.0221914691780665,1.0221950561344335,1.669396725430743,-1.6693925383739279,3.338789263804671,0.49987496874218557,2000.0,1944.645262016291,327.56062853070813,0.027759073648848293,0.972232806741783,1.0448827327856778,LOW_FREQUENCY_NOISE
0.014815878261171828,1.0896619284706748,1.0897626478307465,2.361605646210303,-2.361615049594475,4.723220695804779,0.24981245311327832,1000.0,1020.4845060171668,708.476140420859,0.20946290856661073,0.18818139295226288,1.1875826286070796,LOW_FREQUENCY_NOISE
0.013079181301466333,1.0738459348108635,1.0739255824745653,1.692058656522397,-1.691696254542055,3.383754911064452,0.008980406386066763,100.0,98.63578868539707,11.101090955186438,0.9999998763802852,1.2431178985314908e-08,1.1533161566933343,LOW_FREQUENCY_NOISE
0.014952774708223688,0.825250992964529,0.8253864469813009,1.5728022203696392,-1.5728040224854425,3.1456062428550817,0.49987496874218557,2000.0,1589.2207018995143,805.752591830057,0.20618446350497255,0.7936721192408575,0.6812627868604159,LOW_FREQUENCY_NOISE
0.002337383130015226,1.006941540174428,1.0069442530193744,1.9685147460175947,-1.9685129435980318,3.9370276896156264,0.49987496874218557,2000.0,1432.2389632409602,896.6520558605672,0.28614986909753687,0.7137879546872611,1.0139367286887457,LOW_FREQUENCY_NOISE
0.0004101148466924822,1.2856292673014194,1.2856293327145938,2.203759705223934,-2.2036904172299634,4.407450122453898,0.018051523947750364,200.0,188.8621229935249,44.50867926046032,0.999996761609017,3.9198606524361274e-07,1.652842781136172,LOW_FREQUENCY_NOISE
0.006217883055619969,1.2044051477153266,1.204421197884225,2.5632657881446317,-2.5632142269959886,5.12648001514062,0.012376547068383549,100.0,110.70655255232096,66.61592123155421,0.9598437835049775,1.0577149708579e-05,1.4506304219128712,LOW_FREQUENCY_NOISE
0.002996503720738051,1.4705932546903786,1.4705963075485362,2.7722607800085015,-2.7722636876692346,5.544524467677736,0.7498749374687343,1500.0,1332.8179400458434,325.19308341596076,0.018018688605016996,8.705367364041358e-10,2.162653499775389,LOW_FREQUENCY_NOISE
0.0016894089978202755,1.096332727862407,1.0963340295206514,2.088387380183247,-2.0889089888210575,4.177296369004305,0.04526487663280116,500.0,628.6630225331273,286.0134475936826,0.022812987053276827,1.542588139325478e-06,1.2019483042849886,LOW_FREQUENCY_NOISE
0.013270460036543518,0.7143341232340775,0.7144573778233239,1.5442911379471547,-1.546820567249306,3.091111705196461,0.024756189047261814,10.0,59.209228702395535,71.25921828125477,0.9799897183110917,3.544440851074228e-05,0.5104493447261798,LOW_FREQUENCY_NOISE
0.0011983603639706022,1.4768669414843025,1.4768674276714073,2.861469722369838,-2.861681013347777,5.723150735717615,0.1248906113264158,1000.0,1244.0222198361728,583.6006106348141,0.03288839716862884,0.23026341807628772,2.1811373989167597,LOW_FREQUENCY_NOISE
0.016181883478294766,0.7600529336862607,0.760225174114878,1.6766436831408478,-1.6765130459734126,3.3531567291142603,0.05001250312578145,200.0,184.08036043456175,142.6335672919341,0.835384864174341,1.0027103395600066e-05,0.5779423153579966,LOW_FREQUENCY_NOISE
0.0012135830883431248,1.2001650758268292,1.2001656894022303,2.2648786652421524,-2.2649168823381123,4.529795547580265,0.012501562695336917,100.0,126.78107433750421,56.0876907673869,0.9532281961065073,1.1897382661336295e-06,1.4403976820183308,LOW_FREQUENCY_NOISE
0.01171255044222276,0.8400896762108522,0.8401713205733197,1.7806319038462513,-1.7806298821533253,3.5612617859995765,0.24990623827978498,2000.0,2195.157346255151,1357.069634060061,0.1470993409614477,0.8527977459072041,0.7058878479139159,LOW_FREQUENCY_NOISE
1.576584312988313e-05,1.5143036508465482,1.5143036509286194,3.1184131062710096,-3.1191270370600255,6.237540143331035,0.04526487663280116,500.0,585.0869612701969,318.15523792285825,0.09128551979894536,1.2787259222394291e-08,2.2931155472157463,LOW_FREQUENCY_NOISE
0.00012310582451388895,1.3071988014586786,1.307198807255442,2.186689265454818,-2.1867164345869954,4.373405700041813,0.06238279784973122,500.0,479.98844232594354,96.37099384687063,0.04134873936721792,1.3510672811228363e-07,1.70876872169005,LOW_FREQUENCY_NOISE
0.03400450393580416,0.6617259775095848,0.6625991062467076,1.4535826808054026,-1.454528947762008,2.9081116285674105,0.18133164005805516,2000.0,1876.7060768786557,1473.3140418039893,0.27105402898182474,0.7289305477393553,0.4390375755989357,LOW_FREQUENCY_NOISE
0.002476527178161657,1.5148877594606383,1.5148897837633393,2.9286454692589103,-2.9336870489967133,5.862332518255624,0.024756189047261814,100.0,124.95900509292126,57.38706806847204,0.9539313211268821,1.6385568981242002e-06,2.2948910569505365,LOW_FREQUENCY_NOISE
0.024986353850409267,1.6639265376244703,1.664114130848511,3.455141806837586,-3.4549674139514477,6.910109220789034,0.37484371092773194,1500.0,1684.699185068424,867.0844316698666,0.10504536061158687,0.21304453142425955,2.7692758404896956,LOW_FREQUENCY_NOISE
0.0004865014249642723,0.6575970219259798,0.657597201886956,1.230497972184553,-1.2306147560568637,2.4611127282414165,0.49974987493746875,1000.0,836.5299366829893,363.53322294686575,0.16818335513761654,4.941921886804782e-09,0.43243407992955396,LOW_FREQUENCY_NOISE
0.010815191864503788,0.837355251168487,0.8374250921930307,1.523762969978922,-1.5237548553208864,3.047517825299808,0.7498749374687343,1500.0,1309.5935955740272,498.1152833261667,0.12744054375135844,1.0935092806984119e-08,0.701280785034506,LOW_FREQUENCY_NOISE
0.007594549429940454,0.6907879341781046,0.6908296803026757,1.198413813878172,-1.1984071424775187,2.3968209563556906,0.37484371092773194,1500.0,1398.31461561816,374.31140801026044,0.06872487569773489,5.456460122157045e-07,0.47724564718709706,LOW_FREQUENCY_NOISE
0.00013513613633105593,1.19180774903229,1.1918077566936665,2.0783694089179567,-2.0783414023768856,4.156710811294842,0.7498749374687343,1500.0,1389.9897720272677,390.1950079582718,0.07363467322012154,9.278445375671767e-11,1.4204057289151897,LOW_FREQUENCY_NOISE
0.01221661702372869,0.5465758335679436,0.5467123444481539,1.0883692529434754,-1.0879919044212263,2.1763611573647017,0.22580645161290322,1500.0,645.8429592273951,727.4050190175082,0.5795463645631118,2.070201069370901e-05,0.2988943875719969,LOW_FREQUENCY_NOISE
0.015814235175890097,1.277038495800235,1.2771364100165359,2.3512394350149757,-2.351256173207431,4.7024956082224065,0.49987496874218557,2000.0,1721.9530131770791,686.5997207643702,0.14088441653454034,0.8591084568637565,1.6310774097899252,LOW_FREQUENCY_NOISE
0.0007239545751610854,0.8825636497402549,0.8825639466650936,1.6409637150119811,-1.6409658053114704,3.2819295203234518,0.06238279784973122,500.0,634.6296563619227,280.84489829138704,0.013307064737248816,7.668020362690356e-07,0.7789191199530662,LOW_FREQUENCY_NOISE
0.004113202227005459,1.3941265291726663,1.3941325969130718,2.5615579081595654,-2.5615578225230125,5.123115730682578,0.2496248124062031,500.0,636.9994015950427,278.82587305585,0.009422171802831118,1.0233779373429176e-09,1.9436056977755853,LOW_FREQUENCY_NOISE
0.002389015317943793,1.1667515075320096,1.1667539533776634,2.2150083839200785,-2.215005171804046,4.430013555724125,0.24990623827978498,2000.0,1607.7353115264173,788.1786442976078,0.1984965154304339,0.8014401430510903,1.3613147877224068,LOW_FREQUENCY_NOISE
0.01927475894164364,1.147760733185996,1.1479225657577752,2.4912461814783686,-2.4911586516501827,4.982404833128552,0.2496248124062031,500.0,508.4141717308734,351.58041795032466,0.21745005621416785,4.841817938494078e-11,1.3177262169759136,LOW_FREQUENCY_NOISE
0.006595159946560734,0.7589602808579877,0.7589889353967925,1.6153546877011788,-1.6153550015000686,3.2307096892012472,0.24990623827978498,2000.0,2175.812575354105,1366.091287566067,0.1547784985606486,0.845113076237341,0.5760642040547564,LOW_FREQUENCY_NOISE
0.006051531136219579,1.069198784204136,1.069215909520942,2.075814595753499,-2.0758126673773947,4.1516272631308935,0.06238279784973122,500.0,621.3907639237563,291.6714090379125,0.03471296404420914,1.833589393218176e-06,1.143222661172695,LOW_FREQUENCY_NOISE
0.0017332124240607633,0.4841083350311005,0.48411143765861514,0.9133998779859924,-0.9134033005337717,1.8268031785197643,0.49987496874218557,2000.0,1625.7724599525918,774.1620570426871,0.18934433945763365,0.8105633828456003,0.2343638840718912,LOW_FREQUENCY_NOISE
0.01635045034484629,0.517268903680221,0.5175272513993994,1.0337716784219608,-1.033761868100259,2.0675335465222195,0.2496248124062031,500.0,285.40262866493214,239.27678652266243,0.44581258888828434,9.856620424675527e-11,0.2678344559410171,LOW_FREQUENCY_NOISE
0.00014689142917665254,0.7194171861054451,0.7194172011016755,1.117748880288688,-1.1177480743771564,2.2354969546658445,0.49987496874218557,2000.0,1978.2406513969104,206.9456199795611,0.01093415866845274,0.9890651884777603,0.5175611092409685,LOW_FREQUENCY_NOISE
0.00030728879142646903,1.4110083399245752,1.4110083733851853,2.322995026695657,-2.3229941091564346,4.6459891358520915,0.49974987493746875,1000.0,968.0594667157208,174.74532831316444,0.03232905148602372,2.796662949396238e-10,1.9909446297631066,LOW_FREQUENCY_NOISE
0.029830474394025842,0.6949078945947604,0.6955478697923638,1.3401734402071601,-1.3388221259549713,2.6789955661621314,0.009071117561683599,100.0,77.51105041186118,43.9695708133229,0.999896153873703,1.2551104638912219e-05,0.48378683917269516,LOW_FREQUENCY_NOISE
0.014798253273253272,1.403847487812552,1.4039254814047475,2.526667091550425,-2.526645522234235,5.0533126137846605,0.49987496874218557,2000.0,1789.6401243175112,609.2297627202621,0.1065032772137713,0.8934685739790162,1.9710067573375523,LOW_FREQUENCY_NOISE
0.00024907474480575863,1.190017558059047,1.1900175841251446,2.1677637734433377,-2.167851939527296,4.335615712970634,0.012376547068383549,100.0,127.91207446558361,55.17825008858188,0.9526940755546687,1.7749758878185742e-07,1.4161418505270458,LOW_FREQUENCY_NOISE
0.0032343470005022795,1.3661997509932546,1.3662035794911938,2.4395319924335848,-2.439532317366979,4.8790643098005635,0.1873984248031004,1500.0,1922.4269693520077,826.4310083892091,0.0032201748088588416,0.23732872946777317,1.8665122206145506,LOW_FREQUENCY_NOISE
0.01072723338424463,1.14921603421824,1.149266099230452,2.2875852655379565,-2.288006904485146,4.575592170023103,0.09954977488744372,200.0,241.14120458963905,121.27588554430272,0.7779916815948037,4.963923084350435e-09,1.3208125668403792,LOW_FREQUENCY_NOISE
0.010363288973913667,1.3135574504243142,1.313598330283493,2.0658207601733403,-2.0656076096365177,4.131428369809858,0.024756189047261814,100.0,98.72838852878405,11.21166540504602,0.9999899916797304,9.806240753810566e-07,1.7255405733235811,LOW_FREQUENCY_NOISE
0.003284216022562539,1.1130177877276712,1.1130226331360393,1.8989767373490962,-1.897255864455678,3.7962326018047743,0.18133164005805516,2000.0,1892.2023127327227,448.3121645018902,0.05465488617858359,0.9453067376268726,1.2388193818730822,LOW_FREQUENCY_NOISE
0.0005234204505133989,0.8749041720626709,0.8749043286335002,1.7754324755975128,-1.7755735890080888,3.551006064605602,0.09954977488744372,200.0,235.23357787920273,124.84930515163957,0.7839028919630527,1.7737811796401373e-09,0.7654575842616357,LOW_FREQUENCY_NOISE
0.041237780254039735,0.6783149079046997,0.6795672658435232,1.36342071716366,-1.3634261610716378,2.726846878235298,0.12478119529882471,500.0,271.13583719203245,245.08066413817048,0.4664652742520747,1.3359676378969669e-05,0.4618116688060418,LOW_FREQUENCY_NOISE
0.00029912827847572345,1.1669863643422345,1.1669864026793257,1.821598297987994,-1.8216777463784741,3.643276044366468,0.13597605224963716,1500.0,1482.3089759904487,160.52185692275563,0.01200214784702886,3.055040822036427e-07,1.3618572640384337,LOW_FREQUENCY_NOISE
0.005927289094475221,0.5332020734092539,0.5332350174584718,0.992060417127177,-0.9920649463240075,1.9841253634511844,0.49974987493746875,1000.0,846.5114818524665,355.37311152215926,0.15718555467780626,1.512997752495977e-08,0.28433958384393676,LOW_FREQUENCY_NOISE
0.0013497713984243944,1.0401700779915024,1.0401709537531205,1.9824331088494855,-1.9833431882427002,3.9657762970921855,0.024878109763720464,200.0,251.60209692203296,114.0715726463437,0.7674319236521009,1.2954483208448439e-06,1.0819556130316763,LOW_FREQUENCY_NOISE
0.020371479052175026,1.2633486422229332,1.2635128764540953,2.270212274158871,-2.270286319302972,4.540498593461843,0.18133164005805516,2000.0,1793.0814360013812,606.2424850848552,0.10433869499188149,0.8956458601579761,1.5964647889653016,LOW_FREQUENCY_NOISE
0.009588523748396057,0.9833556192189882,0.9834023660929605,1.9754383550206174,-1.9754334049621414,3.9508717599827587,0.1248906113264158,1000.0,1206.2348094091647,612.0084489615779,0.06292840541943902,0.22311206891968438,0.9670802136372332,LOW_FREQUENCY_NOISE
0.0056415202019237136,1.0351851502370317,1.0352005226145584,1.670126312980446,-1.6701282634770882,3.340254576457534,0.24981245311327832,1000.0,977.2567068573254,147.20652621797322,0.02331405997528248,8.241978805944766e-08,1.0716401220214549,LOW_FREQUENCY_NOISE
0.00016301382304692602,0.3688954825852584,0.3688955186029198,0.6410993492182755,-0.6411001560741516,1.282199505292427,0.49987496874218557,2000.0,1859.7547595127464,508.7735018656428,0.07061527949148916,0.9293797321504464,0.13608390364531717,LOW_FREQUENCY_NOISE
0.0013002961829264735,0.9085586951895221,0.9085596256573646,1.6783766125851574,-1.6783713286061088,3.356747941191266,0.12478119529882471,500.0,427.78655094498123,172.91040801893794,0.1486336121415893,2.4782450863435008e-06,0.8254805933746504,LOW_FREQUENCY_NOISE
0.013538610495627275,1.553578628659397,1.5536376184301683,2.952634708461713,-2.9528875138251696,5.905522222286883,0.7498749374687343,1500.0,1326.6962822944856,336.4605116121092,0.02262785706702928,2.45448143386048e-09,2.413789849401365,LOW_FREQUENCY_NOISE
0.011884408087174763,0.6795858362778584,0.6796897439457642,1.3607696359417494,-1.3607775241000337,2.721547160041783,0.45436359089772443,2000.0,1004.9492465841531,987.0246117835115,0.5038188973635861,0.49586713568757673,0.46197814802505854,LOW_FREQUENCY_NOISE
0.03739509240094275,0.881928193229408,0.8827206415104174,1.9056688117930252,-1.9061796339313566,3.8118484457243818,0.008980406386066763,100.0,104.63672486083114,73.0614304545045,0.9615302553136561,1.9151511510906023e-05,0.7791957309485629,LOW_FREQUENCY_NOISE
0.004696201982896512,1.0912786855257666,1.0912887902823474,1.7320106258215677,-1.7322383798380991,3.464249005659667,0.18133164005805516,2000.0,1965.7746222936244,258.0615112611278,0.017284771242914825,0.9827059270058554,1.190911223795909,LOW_FREQUENCY_NOISE
0.02551092646784458,1.2161043800320142,1.2163719293465702,2.3032582403539004,-2.303282903908571,4.606541144262471,0.1873984248031004,1500.0,1205.178430183333,592.0716798587339,0.19870374821157993,8.04117811706365e-06,1.4795606705022974,LOW_FREQUENCY_NOISE
0.0037466893884963927,1.1146945598919396,1.1147008565234255,2.107341280429841,-2.1073553547014794,4.21469663513132,0.04526487663280116,500.0,405.4198632756404,191.18712809488574,0.1980606498656044,1.1502690362752036e-05,1.2425579995340588,LOW_FREQUENCY_NOISE
0.0016711845486837476,0.47440966153526926,0.47441260503469396,0.9171643657740449,-0.9171624077873027,1.8343267735613478,0.2496248124062031,500.0,623.1500136120687,290.7573237185164,0.03127880424967811,3.1994674035670604e-09,0.22506731981580452,LOW_FREQUENCY_NOISE
0.006423544898382634,0.5584736199396491,0.5585105604172201,1.2292946943085963,-1.2251498147175066,2.4544445090261027,0.04952476238119059,100.0,95.63937194979746,67.44010193063781,0.9671333437154274,3.80316202260367e-08,0.31193404609755726,LOW_FREQUENCY_NOISE
0.006603366190772951,1.1405007394180822,1.1405198556177099,1.7725895506913838,-1.7725896276807482,3.5451791783721323,0.24981245311327832,1000.0,989.3736694776125,101.84423419275693,0.01077143673603659,5.105193472492668e-07,1.3007855410582416,LOW_FREQUENCY_NOISE
0.003763089273808532,0.598647894329449,0.5986597215664051,1.1956521038686947,-1.1956561102036458,2.3913082140723407,0.16154038509627408,24.0,433.1066433096228,481.58847057080584,0.5809539882698131,3.293019620448427e-05,0.35839346222596574,LOW_FREQUENCY_NOISE
0.0017307235090707094,0.8560750246430228,0.8560767741396895,1.7531692727406578,-1.753147032905121,3.506316305645779,0.24981245311327832,1000.0,1178.7815126074238,630.0224141763939,0.08503507461355024,0.2178535978264433,0.7328674432214171,LOW_FREQUENCY_NOISE
0.007222482205713943,0.8719277564213258,0.8719576690798349,1.7515406730096656,-1.7516728608082477,3.503213533817913,0.09954977488744372,200.0,239.05764253007214,122.22930016707348,0.7803963170670379,6.052918211030639e-09,0.7603101766671388,LOW_FREQUENCY_NOISE
0.019387362492670986,1.2707738589397735,1.2709217404659916,2.6500896365224405,-2.64937261271357,5.299462249236011,0.018051523947750364,200.0,230.88384493816275,127.5021389894448,0.7881402116580152,1.155033367235322e-06,1.6152420703891055,LOW_FREQUENCY_NOISE
0.005681605090203291,0.7297961734371204,0.7298182893021143,1.3963295319718105,-1.3963827757429446,2.792712307714755,0.12503125781445362,500.0,395.9396809458579,196.51928438758927,0.2198761838644881,1.7893624349455636e-05,0.5326347353998646,LOW_FREQUENCY_NOISE
0.0007238970541957351,0.6972724670624904,0.6972728428315251,1.444848252008616,-1.444852377799687,2.889700629808303,0.06238279784973122,500.0,577.5992179671026,321.58987605087697,0.10480938494290198,2.5958311319268117e-06,0.48618941735035676,LOW_FREQUENCY_NOISE
0.013679786756692727,0.8693031494554927,0.8694107787570541,1.8928383842089862,-1.8928130111129904,3.7856513953219766,0.024878109763720464,200.0,204.5576561499101,136.50888419717973,0.8161852951877029,1.192094733082608e-06,0.7558751022189473,LOW_FREQUENCY_NOISE
0.0028754510761637704,1.5025099356061302,1.502512687072568,2.8023141037860797,-2.8022773935192555,5.604591497305336,0.024878109763720464,200.0,253.82767859164719,112.32050996164291,0.7651880526672702,1.1192790048872192e-06,2.257544374814029,LOW_FREQUENCY_NOISE
0.020940640858624376,0.6939890156997226,0.6943048785306349,1.5314298131331436,-1.5316770358163465,3.06310684894949,0.04976244061015254,200.0,139.75818468181916,141.503097085324,0.8800743021264242,1.1146536434200963e-07,0.48205926435143975,LOW_FREQUENCY_NOISE
0.008982110803742173,0.6180146160271145,0.6180798847540927,1.2010491133221217,-1.2018110993483218,2.4028602126704435,0.04976244061015254,200.0,151.44711802260173,80.77870697698678,0.9998012337392602,1.932619491864759e-05,0.3820227439376325,LOW_FREQUENCY_NOISE
0.00758634528265898,1.2141476990266522,1.2141713996328778,1.997804282535357,-1.9976687363133558,3.995473018848713,0.09954977488744372,200.0,193.7780520167908,33.97724746895043,0.9999759537699023,3.736563373798762e-09,1.4742121876864613,LOW_FREQUENCY_NOISE
0.004074303206576225,1.0157677643138778,1.0157759354138258,1.93372167608578,-1.9337131980557847,3.8674348741415647,0.024878109763720464,200.0,251.92673027610738,113.52192311897753,0.7673374007175199,1.1313673041655995e-06,1.031800750965833,LOW_FREQUENCY_NOISE
2.4331619256201976e-05,1.4604790363719324,1.460479036574615,2.546973051839198,-2.5469621645161147,5.093935216355312,0.7498749374687343,1500.0,1390.4648647676454,389.41935274346633,0.07331668819709301,1.1881318150385051e-11,2.132999016273916,LOW_FREQUENCY_NOISE
0.008974432725258358,0.8425768462709782,0.8426246390384557,1.767696142975418,-1.7676949892918898,3.535391132267308,0.2496248124062031,500.0,565.1489997680487,327.82868160601566,0.12568696464179868,9.380807440411629e-09,0.7100162823146878,LOW_FREQUENCY_NOISE
5.820421015631316e-05,0.5188530409070823,0.5188530441717158,0.9773184077999613,-0.9815778171794904,1.9588962249794517,0.37484371092773194,1500.0,1536.6647172605544,179.70413310075406,0.0006223438342529121,0.06056216376564698,0.26920848144625653,HIGH_FREQUENCY_NOISE
0.00040905551343791937,1.36941268789949,1.3694127489937136,2.385019416732538,-2.411169770625537,4.796189187358075,0.1248906113264158,1000.0,1097.6488186234878,568.6489117304599,0.0001489445369402054,0.029790005970947345,1.8752912771065195,HIGH_FREQUENCY_NOISE
0.0009395492892228398,0.5069859238309838,0.5069867944193646,0.9570664369051052,-0.9707504533796582,1.9278168902847632,0.49974987493746875,1000.0,1013.9938507680869,83.15414491912438,0.0015399222007827066,1.8581208183722436e-07,0.257035609715623,HIGH_FREQUENCY_NOISE
-0.00028640953572288907,0.932623846706525,0.9326238906848237,2.367407700198433,-2.3351462886951175,4.70255398889355,0.3661830915457729,500.0,795.5198872810893,385.3209030873467,0.003859463757466047,1.2246173185751888e-05,0.8697873214760979,HIGH_FREQUENCY_NOISE
-1.631797808199016e-05,0.741855271951924,0.7418552721313906,1.707952204405513,-1.7317651878384352,3.4397173922439483,0.2114477503628447,1500.0,2851.6778997390797,2818.8294229814255,0.0006413535016762532,0.19345345339603523,0.5503492447891396,HIGH_FREQUENCY_NOISE
-0.0007506350595713493,1.0254702606688648,1.0254705353979032,2.5681974855968464,-2.5172787332388045,5.085476218835651,0.28664731494920176,2000.0,3652.9875396367333,2459.961708690168,0.0011325010121368316,0.9907816179524104,1.0515898189692623,HIGH_FREQUENCY_NOISE
0.0029395979023217026,0.6143601115462614,0.6143671442183103,1.5873484099085304,-1.5329991610159726,3.120347570924503,0.6993496748374187,1500.0,1316.6123262035364,275.64123526838785,0.004232113582525155,3.938148297300141e-05,0.37744698789496206,HIGH_FREQUENCY_NOISE
-0.0010444800838950528,1.3875602464346886,1.3875606395486069,2.7569704629619514,-2.9259283018011217,5.682898764763073,0.25012506253126565,500.0,583.9891604745848,254.8683628760991,0.0023057640012980893,2.837760842875104e-06,1.925324528424539,HIGH_FREQUENCY_NOISE
-0.0025512854792611385,1.6878942559893537,1.6878961841474287,3.8676916974231137,-3.7938612798050606,7.661552977228174,0.22305576394098525,500.0,940.1182678094417,887.3954295179274,0.0009940796995019682,0.107825658185671,2.8489935284594505,HIGH_FREQUENCY_NOISE
0.0009922136436689931,1.1319073561284054,1.1319077910083981,2.6126018477228,-2.566501146665461,5.179102994388261,0.20840105013126642,1500.0,2154.0772134225545,1643.4775413312727,0.0007995187470109408,0.14144562643223385,1.2812152473455114,HIGH_FREQUENCY_NOISE
3.9096339421131885e-06,0.8810442042220357,0.8810442042307102,2.3713240737798755,-2.2455154111649973,4.616839484944872,0.3284160520065008,1000.0,2401.7299954184164,1924.0882461224448,0.001307490167563973,0.4421737221695332,0.7762388898085253,HIGH_FREQUENCY_NOISE
0.0034698234211375557,0.9074170522714646,0.9074236862830989,2.389821514963317,-2.365945116476099,4.755766631439416,0.5461365341335334,2000.0,2482.9190812898523,686.8835699269434,0.004440922608094603,0.9657490063737765,0.8234177464276079,HIGH_FREQUENCY_NOISE
-0.001388346620044312,1.0772675307075055,1.077268425334644,2.4762678333989525,-2.5036625199412983,4.979930353340251,0.1680878084179971,200.0,1502.9941935829386,2580.499830528367,0.7883356711480706,0.2062136170578631,1.1605072602229838,HIGH_FREQUENCY_NOISE
0.0001415881415172633,1.28092742665644,1.2809274344817083,1.9994597453335987,-2.002684286182132,4.002144031515731,0.5001250312578145,2000.0,2000.845084970827,32.47642587667221,3.779137040836932e-05,0.9996714774492284,1.6407750924078914,HIGH_FREQUENCY_NOISE
0.0016048049419342503,1.5991516518552706,1.5991524570941769,3.504980620243467,-3.309233583717729,6.814214203961196,0.19002375296912113,1500.0,2040.6031994147675,971.5269016080654,0.00018464817399887427,0.27094061565977934,2.557288581030343,HIGH_FREQUENCY_NOISE
0.0010543383165006995,1.0909161255139408,1.0909166350072923,2.6703167593319455,-2.5074177558277366,5.177734515159682,0.19421262699564587,500.0,2077.301697853771,3077.116906148372,0.0007107626237792364,0.21177221456272588,1.1900991045356337,HIGH_FREQUENCY_NOISE
-0.001989619679910782,0.4863954453951046,0.48639951468681886,1.056444881174438,-1.0539909924156154,2.1104358735900535,0.5002501250625313,1000.0,1034.3742457541043,124.34131070341498,0.002398096716223995,5.195171170956161e-06,0.2365844878875729,HIGH_FREQUENCY_NOISE
0.0016335900187979461,0.892098614855736,0.8921001105503084,2.025804847444554,-2.1235733122053633,4.149378159649917,0.2307788473559195,100.0,1757.7479004866104,2925.713659762914,0.7464041298924788,0.24484726685733949,0.7958426072438725,HIGH_FREQUENCY_NOISE
0.0018828125293517245,1.1646278420288694,1.1646293639659966,2.8962892291083087,-2.884441547560157,5.780730776668466,0.29027576197387517,2000.0,3322.795399673714,1917.7858665559131,0.0008408497362937652,0.9944885481609244,1.3563615554118418,HIGH_FREQUENCY_NOISE
0.0006357315120052755,0.6229262141367549,0.6229265385366926,1.3754828048527252,-1.329317211266749,2.7048000161194743,0.18777213352685052,2000.0,2496.8944192883664,1368.0740172768808,0.000415702495470131,0.9965627973835266,0.38803747241330555,HIGH_FREQUENCY_NOISE
0.00024343118090724698,1.1340785162764733,1.134078542402856,1.7870036103956988,-1.7762181193589146,3.5632217297546136,0.024582728592162553,100.0,137.31230343822466,470.6801566841799,0.9934793400359232,0.006371999742123415,1.2861341403385869,HIGH_FREQUENCY_NOISE
-0.005531195498357109,1.3369174009545934,1.336928842945213,2.866523954554751,-2.993717690513625,5.860241645068376,0.17158579289644824,200.0,384.54884083605805,415.5276424457924,0.8293745573752006,3.6297305895396198e-06,1.787378731098826,HIGH_FREQUENCY_NOISE
-0.00029952496740474053,0.7286971177935865,0.7286971793522232,1.4338402066289446,-1.4410655090352318,2.8749057156641764,0.1281410176272034,1000.0,1338.5820913865373,1219.5804309052767,0.0003548229861091516,0.07292384886953254,0.5309995791958863,HIGH_FREQUENCY_NOISE
0.0011053138895186093,1.0016257710962244,1.0016263809639303,2.4553617873982256,-2.436627739453473,4.891989526851699,0.24628084179970972,2000.0,3037.729677777761,1634.110418282557,0.0003922781836566,0.9964958247791919,1.0032554070429003,HIGH_FREQUENCY_NOISE
0.0046978772008880515,0.6226569237896624,0.6226746460178061,1.6209556921884158,-1.5464344887946853,3.167390180983101,0.35583895973993496,500.0,1281.7027536236246,852.2789014092127,0.004591862883127319,0.45558857007110615,0.3877237147934002,HIGH_FREQUENCY_NOISE
0.0003476161707280294,0.9158563716267288,0.9158564375961327,1.5313677329664683,-1.5033294660616217,3.03469719902809,0.043010752688172046,100.0,131.68618868647576,264.1065253801369,0.9852548902787821,0.013759002750648319,0.838793014286279,HIGH_FREQUENCY_NOISE
-0.0021253341026509654,0.9750739802403208,0.9750762964951765,2.055959407457501,-2.122199377079511,4.178158784537012,0.2503125781445361,1000.0,1325.0280550447692,819.2889712359427,0.0013759035945845237,0.13777010096999193,0.9507737839867493,HIGH_FREQUENCY_NOISE
-0.0007139610260822258,1.2110173235579764,1.2110175340175184,2.234535547568214,-2.2407491701030064,4.4752847176712205,0.07002902757619739,500.0,741.4850500124505,1130.6597993632613,0.0001681763496200488,0.04483813634132389,1.4665634676978716,HIGH_FREQUENCY_NOISE
0.0037255407523197046,0.9448680519955147,0.9448753967247194,2.355569718739096,-2.3122047410442845,4.667774459783381,0.3289161145143143,1500.0,2768.2891311889944,1883.1429671907797,0.0010045961898602393,0.3871983103981834,0.892789515335696,HIGH_FREQUENCY_NOISE
0.0006560084906084622,1.331726513592732,1.331726675167616,2.4628435569057783,-2.5328492778899805,4.995692834795759,0.06663332916614577,100.0,292.7396838116671,937.2398052724569,0.9578390138178883,0.04067492653020102,1.7734959373529928,HIGH_FREQUENCY_NOISE
-0.0007552935148614779,0.9488721574369227,0.9488724580402225,1.5784660273378344,-1.5592003296377377,3.137666356975572,0.05076269067266817,200.0,234.60516417679514,316.7090484771684,0.987726629444575,0.011398237698436531,0.9003589416272937,HIGH_FREQUENCY_NOISE
-0.0008703799363444284,0.4832040034660075,0.48320478735915995,1.0002290782211536,-0.9762213793684378,1.9764504575895914,0.125,500.0,1248.6292387849771,2080.0513497934226,0.00038143817242866884,0.11664690329624242,0.233486866526811,HIGH_FREQUENCY_NOISE
0.006132499434439483,0.6860172684815365,0.686044677994212,1.6581228450635037,-1.5699047604304186,3.2280276054939225,0.5012506253126563,1000.0,1052.327595473178,152.25881539771277,0.005444349058769336,1.6486890948350623e-05,0.470657300204182,HIGH_FREQUENCY_NOISE
0.00028828144727636334,1.3098134442938738,1.3098134760183122,2.802255269053991,-2.712556387278575,5.514811656332566,0.0864477503628447,500.0,953.0362906378648,1599.7495574998927,0.00013317119115448795,0.038247666972067225,1.7156113419591736,HIGH_FREQUENCY_NOISE
0.0007921364311902277,1.3611965326534465,1.361196763141865,2.406666610481234,-2.4487659905959793,4.855432601077213,0.24990623827978498,2000.0,2127.0104226493295,789.4709036969347,0.0001282820041500024,0.9989695081207115,1.852856627987891,HIGH_FREQUENCY_NOISE
-0.0004888822572599631,1.3004963803304748,1.3004964722207164,2.807714110149801,-2.9800991515360824,5.7878132616858835,0.20377547193399176,1500.0,2121.873674399909,1104.6639313186458,0.0003193049104856279,0.286403527305857,1.6912910742585285,HIGH_FREQUENCY_NOISE
-0.0005348093453213307,0.9626872204726669,0.9626873690261157,1.7295712352127757,-1.7860730235325044,3.5156442587452803,0.24990623827978498,2000.0,2155.3302412397798,834.4377299293376,0.0001817407955210647,0.9986183602882219,0.9267669704824248,HIGH_FREQUENCY_NOISE
-0.0005887703046711672,1.2207962048833259,1.220796346860525,1.9949142997232083,-2.0335820720954434,4.028496371818652,0.06238279784973122,500.0,579.8006387325405,695.6718458827443,6.662010332257963e-05,0.013143694289614314,1.490343720508003,HIGH_FREQUENCY_NOISE
-0.0024924317454920663,1.6222122736172335,1.6222141883519574,3.867626343932499,-3.5957266739771327,7.463353017909632,0.1345672836418209,100.0,222.02042535250388,315.9694362413874,0.8711714808558066,4.6670225899590675e-06,2.6315788728903997,HIGH_FREQUENCY_NOISE
0.0009656693020660418,0.9704332355119004,0.970433715976159,2.4793836534766935,-2.441049486193096,4.92043313966979,0.26103262907863484,1000.0,2207.8627240625183,1702.1796715085964,0.0019106646959616501,0.3456365051631089,0.9417415971032965,HIGH_FREQUENCY_NOISE
0.0007785282810890544,0.8743803647903576,0.8743807113821779,1.8739813815092352,-1.7911119688221722,3.665093350331407,0.155769471183898,200.0,1070.3870299413745,2236.497705127047,0.8627859168457197,0.13264489937709584,0.7645416284372034,HIGH_FREQUENCY_NOISE
0.0007926467022048237,0.9025483483476788,0.9025486964114001,2.150782497397978,-2.1122372355314285,4.263019732929406,0.2011066763425254,500.0,1775.6583802787754,2983.6680082187454,0.00046748622505034243,0.1299789093137655,0.8145941493939176,HIGH_FREQUENCY_NOISE
-0.0008065759638915034,0.7092158695822778,0.7092163282328827,1.5181428901446195,-1.5007171696392188,3.0188600597838384,0.37484371092773194,1500.0,1918.8423543905758,701.1792729729623,0.000521847387144866,0.27247157265901495,0.5029878002321321,HIGH_FREQUENCY_NOISE
-0.0015315320699141846,1.1847057443389926,1.1847067342850244,2.679450047865048,-2.6388608793262964,5.3183109271913445,0.1900475118779695,200.0,738.2256505955993,980.284246863906,0.7600139810298634,0.224155374255365,1.4035300462602873,HIGH_FREQUENCY_NOISE
-0.001550625875383994,1.3246799886781002,1.3246808962330576,2.456391903472219,-2.4732250314514994,4.929616934923718,0.49987496874218557,2000.0,2049.2685390529,255.25902895793723,0.0005330072046779704,0.9961038930804484,1.754779476844817,HIGH_FREQUENCY_NOISE
-0.001609041915476471,0.6537787073110903,0.6537806873480174,1.8063154951542415,-1.756545593381818,3.562861088536059,0.4384298037254657,4532.0,2866.6180706022387,2009.8778127757316,0.002633352881742488,0.5623082488372723,0.4274291871492461,HIGH_FREQUENCY_NOISE
-0.0004438546038943461,1.5202550330734306,1.520255097867462,2.7803650341898885,-2.7825276485508246,5.5628926827407135,0.7503751875937968,1500.0,1356.9663645129203,273.10601507671396,5.239443971686372e-05,7.490259733952755e-07,2.3111755625920067,HIGH_FREQUENCY_NOISE
0.003024765316075138,1.634606342226852,1.634609140820357,3.3205098606826526,-3.420013267484031,6.740523128166684,0.08504252126063032,100.0,183.92928064691384,285.59841328444213,0.915804365830412,1.0497830804943112e-06,2.6719470432534655,HIGH_FREQUENCY_NOISE
0.0036555451041538865,0.9401507184152654,0.940157825232949,2.43897571760343,-2.4553576410564473,4.894333358659877,0.45836459114778694,1500.0,1999.7912383859384,661.6693209837495,0.002605861055812034,0.42963994371526687,0.8838967363467483,HIGH_FREQUENCY_NOISE
0.003398402619190989,0.7606909347292814,0.7606985259087007,1.8312039647418286,-1.872660775938769,3.7038647406805976,0.23515439429928742,500.0,1747.9649273536284,1842.5766306545702,0.00176662489355837,0.32041741570364196,0.5786622473196701,HIGH_FREQUENCY_NOISE
0.0005774632468463113,1.0495153410297995,1.049515499895403,2.253031627053449,-2.3032584410013843,4.5562900680548335,0.09626203275409426,200.0,580.8815014373315,1371.183547364202,0.7210427598935981,0.05365877245369488,1.1014827845206976,HIGH_FREQUENCY_NOISE
-0.0033522495987872653,0.586353123298693,0.586362705822518,1.488267118758321,-1.5346965674999653,3.0229636862582865,0.3661103047895501,100.0,3177.405064726436,3333.2104737909767,0.5224619969420106,0.4661094439108766,0.3438212227795049,HIGH_FREQUENCY_NOISE
0.0012552399114357665,1.3451698770727143,1.3451704627336478,2.5241213901605914,-2.5189815986431863,5.043102988803778,0.0967741935483871,200.0,363.4543057260084,672.2022479926125,0.9420794429483571,0.05410281619742705,1.8094835738110564,HIGH_FREQUENCY_NOISE
-0.0010572047068274646,0.9312601571005319,0.9312607571914,1.8396335535736228,-1.808393449333332,3.6480270029069546,0.038504813101637704,100.0,185.86928027034455,497.868785456104,0.9394345951351174,0.013358359983913775,0.8672465978846997,HIGH_FREQUENCY_NOISE
0.0025430177985849597,0.668889852893835,0.6688946869604064,1.5826671586947174,-1.5494865561616138,3.132153714856331,0.5006251562890722,2000.0,2161.0098834495284,386.22838891959924,0.0023301231130403092,0.9806440323547024,0.4474201022438601,HIGH_FREQUENCY_NOISE
-5.429261335926672e-05,0.871159788623109,0.8711597903149273,2.069048138924151,-1.9011852404874348,3.9702333794115856,0.25365670708838606,2000.0,2769.202276787749,1365.1461756821043,0.00030636001544185384,0.9977634400953227,0.758919380261548,HIGH_FREQUENCY_NOISE
0.00020687422831011616,0.6424750385189002,0.6424750718252099,1.6158666326560012,-1.680004949028108,3.295871581684109,0.4588647161790448,2688.0,1653.0099660408719,1106.3472511152793,0.004816252214319531,0.5115204485532647,0.4127742179168086,HIGH_FREQUENCY_NOISE
0.004644523065728817,0.9166521643172687,0.9166639307521819,2.0749767438193705,-2.2051591761470757,4.280135919966446,0.49974987493746875,1000.0,1156.275857878442,308.51805905531234,0.004801824236782465,1.695901006168846e-05,0.8402727619420409,HIGH_FREQUENCY_NOISE
0.0009605522854041757,0.610495655284743,0.6104964109495163,1.6443289616356513,-1.5555400768319423,3.1998690384675936,0.36538461538461536,500.0,3408.792933867124,3221.5754283569554,0.001627469712899924,0.4576116140184189,0.3727058677822408,HIGH_FREQUENCY_NOISE
0.0005348131977097746,0.47042205202509774,0.4704223560340859,1.204615265952799,-1.1173174830228285,2.3219327489756276,0.2955369421177647,1500.0,2509.5518423424273,1541.9528916842191,0.0008794758110275391,0.36318916301288595,0.22129719305666026,HIGH_FREQUENCY_NOISE
-0.0005024589288248204,0.7718330527993483,0.771833216348284,1.5300178365195598,-1.5649401183637466,3.0949579548833066,0.25006251562890724,1000.0,1312.4317476030274,582.7932714074846,0.00017838656349492614,0.25036156077834953,0.5957265138585369,HIGH_FREQUENCY_NOISE
0.0010118033415189907,0.9093752656151952,0.9093758284992562,2.0948541823354456,-2.1811911534156136,4.276045335751059,0.17099056603773585,1000.0,1907.7535802940934,1991.6186724846332,0.0003643669547676771,0.3130744707424148,0.8269643974587088,HIGH_FREQUENCY_NOISE
-0.0012857653104253596,1.4033354142485501,1.4033360032709854,2.363011781178714,-2.397901341380536,4.76091312255925,0.7503751875937968,1500.0,1502.8525139937803,52.79050586728895,0.0003024113916066477,2.334720756495219e-07,1.9693519380765834,HIGH_FREQUENCY_NOISE
-0.0020864947339372985,0.5977099212883858,0.5977135630608053,1.383506116883449,-1.356842379632145,2.740348496515594,0.22955738934733683,200.0,953.6585325428479,1305.696886456869,0.7402516252560205,0.2422338293703092,0.3572615034668432,HIGH_FREQUENCY_NOISE
0.003312185021142839,1.3788652240992134,1.3788692022087476,2.850625309957233,-2.8900369448747805,5.740662254832014,0.25003125390673836,2000.0,2292.9855238301802,857.2915941033203,0.00053869072163372,0.9956520067933547,1.9012802767997885,HIGH_FREQUENCY_NOISE
0.0009264632606760977,1.001541235038202,1.0015416635447676,1.6857069096393662,-1.6942896501253366,3.379996559764703,0.06313289161145143,500.0,592.1762278541576,701.8624725055346,8.684744342383518e-05,0.017106303226357398,1.0030857038160204,HIGH_FREQUENCY_NOISE
-0.000739582252862472,0.6694143529232602,0.6694147614757057,1.4166029420188004,-1.4853811796878251,2.901984121706626,0.19802475309413678,1500.0,2154.5959259192477,1301.6274435971684,0.00024064217255695525,0.27542060834661136,0.448116122881576,HIGH_FREQUENCY_NOISE
0.002183462732458678,1.3293876434238652,1.3293894365450485,3.0978355771589667,-2.9069513620967182,6.004786939255685,0.37684421105276317,1500.0,1805.9911730825265,677.3855107800998,0.0017996845854922948,0.18232313730791871,1.7672762739975614,HIGH_FREQUENCY_NOISE
0.00014733477775220915,1.239720605797419,1.2397206145524307,2.02211218938129,-2.006984020734104,4.029096210115394,0.25003125390673836,2000.0,2037.9282917707262,430.21186285046116,4.4457067825068246e-05,0.9996635434921907,1.5369072021462564,HIGH_FREQUENCY_NOISE
-0.0006250448849913082,1.4556486141782932,1.4556487483731415,2.788366299285768,-2.771102670693297,5.559468969979065,0.1248906113264158,1000.0,1333.6327462741085,740.3997298324387,4.6299632766451464e-05,0.24454480900902895,2.1189132786402936,HIGH_FREQUENCY_NOISE
-0.0011602441412384415,0.662934175101174,0.6629351904096971,1.5815193893945791,-1.6671742260008482,3.2486936153954273,0.3150393799224903,2000.0,3203.2531730788287,1838.694945759412,0.001650239433541552,0.988085465831386,0.4394830666835413,HIGH_FREQUENCY_NOISE
0.0034462097444071544,0.7812071864321057,0.7812147876831118,2.1596276059238315,-1.9657127510678067,4.1253403569916385,0.5299412426553319,1500.0,4160.260480882743,2466.516589939841,0.0028080810647290195,0.5564202874170888,0.6102965444947694,HIGH_FREQUENCY_NOISE
-0.002895785844993374,1.1354952633749942,1.135498955843953,2.6971149379443755,-2.743552280169714,5.44066721811409,0.21810905452726362,200.0,451.66549538880315,422.6083830599287,0.7269295314763,3.543765357166475e-05,1.2893578787227076,HIGH_FREQUENCY_NOISE
0.0002261893756638962,1.3465364434878608,1.3465364624853537,2.922757098722516,-2.905986651269207,5.828743749991723,0.7443721860930466,1500.0,1344.7238100602308,274.73001397742786,0.000937746118810835,3.251874583480319e-07,1.8131604448025704,HIGH_FREQUENCY_NOISE
0.0007132759735975239,1.4793261709914125,1.4793263429489547,2.9635557537056325,-3.0443680917824,6.007923845488032,0.12756378189094547,100.0,249.19702708514046,467.1247245487382,0.9044089572289512,1.509850014497009e-05,2.188406428942728,HIGH_FREQUENCY_NOISE
-0.001566359012852509,0.6012631526343736,0.6012651929027516,1.5125244561107545,-1.508011507733652,3.0205359638444067,0.31003875484435556,1500.0,2579.5554717814675,1588.8988053265982,0.0008920619602230318,0.3788620401380669,0.3615198321963831,HIGH_FREQUENCY_NOISE
0.00197364381488137,0.9436240479395381,0.9436261119318964,2.249205842376013,-2.2786339036429144,4.527839746018927,0.2555638909727432,500.0,1023.5996742122187,884.8494662463851,0.0014587724899327865,0.16648974293986027,0.8904302391197078,HIGH_FREQUENCY_NOISE
0.0016712222844913107,1.4423527393496454,1.442353707553508,2.789243401461249,-2.670104675313348,5.459348076774598,0.7498749374687343,1500.0,1485.4783147423016,83.82730352575653,0.0010477058266605574,1.6944658991941458e-06,2.0803842176933505,HIGH_FREQUENCY_NOISE
0.0008635378821164377,0.7069798704295244,0.7069803978118636,1.8060904612710382,-1.9091753457854315,3.7152658070564697,0.5287643821910956,1000.0,1115.6582927913664,212.8755127989603,0.0090750949025132,4.779859050785145e-05,0.49982128289022093,HIGH_FREQUENCY_NOISE
9.24728889473445e-05,0.46431335197809653,0.4643133611865708,0.9685277639869814,-1.0323823286661398,2.000910092653121,0.144072036018009,200.0,337.25709241525544,323.1758654138913,0.8392768212909775,1.3863156271438173e-06,0.21558689737637093,HIGH_FREQUENCY_NOISE
0.0011110859534814567,1.076450513421119,1.0764510868388713,2.383580979935907,-2.2581057832294342,4.641686763165341,0.15067126269956457,1500.0,2164.004402041906,1372.9882710522556,0.00016298253194049308,0.2717556988823754,1.158746942356587,HIGH_FREQUENCY_NOISE
-0.000903522260787021,1.1125525346732035,1.112552901555807,2.558855792916717,-2.548925196898107,5.107780989814824,0.1431428928616077,200.0,758.644712828893,1652.1591694478734,0.6944273333476415,0.08516636316427774,1.2377739587602452,HIGH_FREQUENCY_NOISE
-0.0021819482120506405,0.7744969775984963,0.7745000511344113,1.7189848343201017,-1.6999771940361035,3.418962028356205,0.2515628907226807,1000.0,1192.5133863050876,456.83362337063363,0.001633929064982373,0.16281985251548653,0.5998503292072057,HIGH_FREQUENCY_NOISE
0.0002629826000636878,1.4945155120916778,1.49451553522956,3.3930774308009912,-3.413123226206058,6.806200657007049,0.21065133141642706,1500.0,2283.702375104507,1898.298043904275,0.0006782251504421695,0.15110972401188863,2.233576685042498,HIGH_FREQUENCY_NOISE
-0.0013350775290933026,1.1015375391829818,1.1015383482481707,2.530154840429721,-2.6193761174615022,5.149530957891223,0.20618650217706821,100.0,1904.176062939602,3336.8456988673374,0.7653793098728939,0.2290961574061485,1.213386732661308,HIGH_FREQUENCY_NOISE
0.0017456941780742592,0.7453725616319667,0.7453746058740958,1.9284845016876564,-1.9569879728853845,3.885472474573041,0.47343417927240905,4250.0,2935.262861445799,2015.5874248061784,0.32160188193912737,0.6558232669663508,0.5555833030819636,HIGH_FREQUENCY_NOISE
0.0006116046053842836,1.3783247050910383,1.378324840784817,2.2243200606162006,-2.329698087094737,4.554018147710938,0.37509377344336087,1500.0,1515.0985279505692,163.29586647114823,8.007205805215811e-05,0.009112883158628935,1.8997793667244909,HIGH_FREQUENCY_NOISE
-0.00010083099438229937,1.1821482274105843,1.18214823171076,2.2279585549816527,-2.2808269358609543,4.508785490842607,0.08177044261065267,100.0,236.77970262237415,599.9025024025656,0.9488442540730578,0.04756045747529315,1.3974744417368765,HIGH_FREQUENCY_NOISE
-0.0008605800693872732,1.1657908479096815,1.1657911655472564,2.659459859025279,-2.829000156772846,5.488460015798125,0.37834458614653665,1500.0,1736.8153069024631,466.679479660176,0.0026576454377890205,0.24438075014407473,1.3590690416680304,HIGH_FREQUENCY_NOISE
0.00030858202027005366,0.9528291508229775,0.9528292007914638,1.5503614202967646,-1.5520540953902269,3.1024155156869915,0.1248906113264158,1000.0,1060.245854660505,596.9756848515426,5.060302805178842e-05,0.01031430656733158,0.9078834858808996,HIGH_FREQUENCY_NOISE
-0.000835485732767944,1.190586308086801,1.1905866012349413,2.3681535973784524,-2.428191147311531,4.796344744689984,0.18187590711175616,2000.0,2714.992596569934,1458.5948897659002,8.739173405544335e-05,0.9993504053872296,1.417496455040169,HIGH_FREQUENCY_NOISE
-0.0014902006664384135,0.4837000512970016,0.483702346823693,0.9635304552991056,-0.988162096529581,1.9516925518286867,0.2496248124062031,500.0,615.017470271105,356.708976203345,0.002049058185723695,1.1952645374523908e-07,0.23396796032274822,HIGH_FREQUENCY_NOISE
-0.000362982303567895,0.5554218301009575,0.5554219487100321,1.2058579596617902,-1.2527772832182729,2.458635242880063,0.09261611030478956,500.0,944.8507668625602,1249.2355266272111,0.00022951342089231618,0.05949852219251897,0.30849354110884963,HIGH_FREQUENCY_NOISE
0.00037463318804178703,0.7522764107659248,0.7522765040494671,1.8314582190055586,-1.8626256033063076,3.694083822311866,0.23294629898403482,500.0,1876.5336417357441,2857.285379854525,0.000531767182319613,0.1613830992682617,0.565919938544888,HIGH_FREQUENCY_NOISE
0.002497231519426479,1.690851953955899,1.690853798044569,3.9854930976523333,-3.766793178582129,7.752286276234463,0.1650206275784473,500.0,1204.8244105856402,1705.6371576246456,0.0005602177035963829,0.10163401632880174,2.858986566361744,HIGH_FREQUENCY_NOISE
0.002119507908594514,0.6540802745110337,0.6540837085711612,1.2930613929486823,-1.2819638642432047,2.575025257191887,0.11388923615451932,200.0,687.2431841199615,1648.3674780564772,0.91619386430933,0.08081382798897264,0.4278254978182037,HIGH_FREQUENCY_NOISE
0.003536047426138315,0.8654498536471911,0.8654570773928331,1.6466766322876667,-1.6909778179983008,3.3376544502859673,0.10227556889222306,100.0,299.51522815246386,718.1874555127309,0.9260151833865691,0.06888853661287939,0.7490159528093443,HIGH_FREQUENCY_NOISE
0.000943682225893037,1.2957901661976996,1.2957905098243332,3.009866473008921,-2.918459834839812,5.928326307848733,0.21897677793904208,2000.0,2929.9854150968404,1567.0047215493519,0.0002920591339392391,0.9975078852830764,1.6790730453508054,HIGH_FREQUENCY_NOISE
0.004547413713986341,1.0987779430474844,1.0987873529938117,2.5807012917180074,-2.5173778719831414,5.098079163701149,0.37809452363090773,1500.0,1774.1870780142742,573.7819954176292,0.0022470352595473364,0.2064026184033826,1.2073336470991471,HIGH_FREQUENCY_NOISE
0.00012985603875831454,0.6550609851168702,0.6550609979878784,1.6624064215342886,-1.796530884761578,3.4589373062958666,0.3551693961745218,2000.0,3009.423384468426,1232.7706902580926,0.0013702968360597484,0.9884408915760353,0.4291049110848752,HIGH_FREQUENCY_NOISE
0.002690598643140467,0.6512580133808074,0.6512635713087093,1.5093232829446328,-1.4755222564596766,2.9848455394043096,0.1467683460432554,100.0,644.8618363474643,1547.984117414855,0.852760078784543,0.10029393776403964,0.42414423931377426,HIGH_FREQUENCY_NOISE
-0.00025221381937627673,1.125349915987678,1.1253499442508028,2.228547215402674,-2.2390761376833583,4.467623353086033,0.06340711175616837,500.0,774.478359319277,1083.2799971064692,5.3201911777343576e-05,0.015931743555010727,1.266412497025285,HIGH_FREQUENCY_NOISE
-0.001353351374292302,1.676551350720594,1.6765518969489108,3.9261846121082007,-3.9348978195819138,7.8610824316901144,0.28028503562945367,2000.0,2757.1730636009934,1185.0691948818128,0.000504364956917763,0.9953571374770559,2.810826263162991,HIGH_FREQUENCY_NOISE
0.0009419287849459526,0.7514120083929339,0.7514125987677731,1.6084830630561127,-1.653465413490619,3.2619484765467317,0.25131282820705175,1000.0,1214.7026653898795,500.52065787480547,0.001774268021646113,0.16487783625487418,0.5646208935869383,HIGH_FREQUENCY_NOISE
0.0009592936377847963,1.1500092720231128,1.1500096721260276,2.716664799520353,-2.7442301392251434,5.460894938745496,0.3285821455363841,1000.0,1500.9698815528736,731.0693202595716,0.0018871396147989883,0.34951584635911703,1.3225222459834136,HIGH_FREQUENCY_NOISE
0.0008424732438687174,0.913200894303058,0.9132012829147096,2.019646959965771,-1.9918490436162948,4.0114960035820655,0.16404101025256315,500.0,813.3172169704576,770.0092539852726,0.0014452304422548866,0.138930874968864,0.8339365831170715,HIGH_FREQUENCY_NOISE
-0.0001609069855723578,0.8144402803595346,0.8144402962545353,1.4006168638278846,-1.4290514820953588,2.8296683459232437,0.05125181422351233,200.0,355.4359525407813,1118.6677024762232,0.9803027518276899,0.01921715029853602,0.6633129961631753,HIGH_FREQUENCY_NOISE
0.00014927736919123348,0.6063442337833053,0.6063442521587853,1.2214112378502997,-1.2258970496358519,2.447308287486152,0.12726590823852982,500.0,1006.610175357691,1590.7582293423761,0.0005016201892301671,0.09294649914054971,0.36765335212599654,HIGH_FREQUENCY_NOISE
-0.0006848924061955586,1.4367658359198143,1.4367659991606048,2.9934815655483007,-2.961297026461356,5.9547785920096565,0.25012506253126565,500.0,673.1444854767805,314.7241096290388,0.0006435635077146487,6.344130138060656e-07,2.064296536343971,HIGH_FREQUENCY_NOISE
0.002057330830536772,0.826453110645378,0.826455671349388,1.9114602157181135,-1.92876488187496,3.8402250975930734,0.18209104552276137,100.0,262.1213588172399,345.69432773780517,0.8220985568171578,3.0760379932566795e-05,0.6830289767055676,HIGH_FREQUENCY_NOISE
0.003476914157570407,1.1545988926500665,1.1546041277601684,2.3864944388343186,-2.3912790757173448,4.777773514551663,0.0670335167583792,100.0,157.34212491111742,171.6532579916004,0.9225941141876891,1.3227272184646265e-06,1.333110691840819,HIGH_FREQUENCY_NOISE
-0.0006079654882710135,1.1621634226629858,1.162163581686236,2.641130057941737,-2.928330621191336,5.569460679133073,0.39259814953738437,1500.0,1950.2914680819895,692.1309663785307,0.0011327170253573066,0.32258214730844764,1.3506241905977805,HIGH_FREQUENCY_NOISE
0.0025935809186774473,0.9642106854160695,0.964214173579972,1.9628187458232826,-2.017111595066149,3.9799303408894318,0.10268505079825835,200.0,786.1695525667893,1803.7332591379895,0.9003075922418016,0.09715906047294841,0.9297089725325084,HIGH_FREQUENCY_NOISE
3.08379517605033e-05,0.9804302917774241,0.9804302922624046,1.9033990800968934,-1.9074175231917694,3.8108166032886626,0.24990623827978498,2000.0,2594.9143245563173,1114.1642978060445,5.80081358373315e-05,0.9995690835416812,0.9612435579857442,HIGH_FREQUENCY_NOISE
-0.0055476679499990595,1.0818849626493252,1.08189918616589,2.4583645436972614,-2.3822124861949288,4.84057702989219,0.20210105052526264,100.0,400.79277522318586,601.2061211561393,0.793953455505742,1.1676442795932676e-06,1.1705058490264153,HIGH_FREQUENCY_NOISE
-0.0018426637073088296,1.566318396445778,1.5663194803276919,3.577936247143973,-3.4999680558935946,7.077904303037568,0.17327165895736968,1000.0,1650.2864790568883,1419.4213876277117,0.00040163537813191116,0.2924499588396771,2.453356714454011,HIGH_FREQUENCY_NOISE
0.0008070063661397127,0.8155036297268212,0.815504029025544,2.0266849642595863,-1.8768453718680636,3.90353033612765,0.2800700175043761,500.0,1277.519627631815,1251.3868106968778,0.0035504987057995113,0.2735736108043306,0.6650468213568953,HIGH_FREQUENCY_NOISE
0.0035468849657446645,1.010060582946621,1.0100668104711827,2.7479192055297785,-2.751965680423552,5.49988488595333,0.4701175293823456,1500.0,2045.0037558883728,677.6330220837217,0.002817451135227962,0.4484184515025345,1.020234961615428,HIGH_FREQUENCY_NOISE
0.0007447605250826932,0.7746992163080436,0.7746995742973767,1.395577593234138,-1.3935738502977886,2.7891514435319267,0.2496248124062031,500.0,531.0773648588699,142.19298622959218,0.0009325369640002528,2.4101842381593934e-06,0.6001594304165366,HIGH_FREQUENCY_NOISE
-0.000295382788071926,1.5497984928034898,1.5497985209526302,3.1815758706411814,-3.180636158441296,6.362212029082477,0.24990623827978498,2000.0,2626.315926473008,1142.338167092456,0.00010441325505938888,0.9990212497009909,2.4018754555469597,HIGH_FREQUENCY_NOISE
-0.0008869329440641876,1.0878336134573094,1.0878339750245136,2.2729524103075818,-2.2593538208884874,4.532306231196069,0.19039879984998126,1500.0,2099.164731178765,1216.585948802784,0.00013633266470578512,0.2650593956932025,1.1833827572176343,HIGH_FREQUENCY_NOISE
-0.0018285153940403144,1.4942036904982485,1.4942048093106686,3.054724230750532,-2.999936142534032,6.054660373284564,0.0735367683841921,100.0,158.285917934877,172.04409296563762,0.9203342782034015,1.0593201593699992e-06,2.2326480121671315,HIGH_FREQUENCY_NOISE
0.0034417420635012626,1.0952149654802594,1.095220373349746,2.5682759881555848,-2.7038479939172326,5.272123982072817,0.2461557694711839,200.0,1827.928402584805,2566.7299322496797,0.701593058968278,0.28801702516598,1.1995076662003574,HIGH_FREQUENCY_NOISE
-0.0036954356819143843,1.5824946747661415,1.5824989895440928,3.7773505267046836,-3.912604016569226,7.68995454327391,0.2804789550072569,2000.0,3395.4602031767686,2306.9872472901616,0.0005300117967125584,0.9958316618353428,2.504303051908075,HIGH_FREQUENCY_NOISE
-0.003748895322006864,0.970526221265044,0.9705334617513919,2.5995094994595926,-2.4787938377040613,5.0783033371636535,0.31403925490686335,1000.0,2302.5201562143848,1897.1125762830734,0.000924104035485174,0.4179051292861272,0.9419352003791404,HIGH_FREQUENCY_NOISE
0.0048622164430497765,0.6674080361483302,0.6674257470791114,1.7002690410045154,-1.5450951355737934,3.245364176578309,0.34067033516758377,500.0,769.0132027297785,359.7282176130036,0.0086041452516943,1.1722520966425361e-05,0.4454571278641099,HIGH_FREQUENCY_NOISE
-0.0018361204916977948,1.4223169060082967,1.422318091165079,3.132069029214151,-3.1769196763378686,6.30898870555202,0.2049165457184325,2000.0,2889.6928312148243,1524.931658555867,0.0003045671922438486,0.9976782157475094,2.022988752455474,HIGH_FREQUENCY_NOISE
0.0017004707206822664,0.6270567848081389,0.6270590904967349,1.495759982444277,-1.5511727892053173,3.0469327716495944,0.2986211901306241,1000.0,3229.813889331104,2924.2968494899574,0.0012542988495287395,0.37697220591821745,0.39320310297459243,HIGH_FREQUENCY_NOISE
-0.0018346839139140227,0.7574983963942296,0.7575006182207995,1.6087539185718032,-1.5903311218600176,3.1990850404318207,0.08054027013506754,100.0,176.37347628691083,226.13495141869552,0.9067314629245931,1.204106317091057e-06,0.5738071866048934,HIGH_FREQUENCY_NOISE
0.0003174768668572351,0.5521170671586579,0.5521171584359963,1.2313152367183609,-1.249101510066442,2.480416746784803,0.19629907476869218,500.0,902.1695030786757,758.9033875627912,0.002110416161115058,0.21722405903631004,0.304833356639439,HIGH_FREQUENCY_NOISE
-0.00181303317381699,1.3853697876310427,1.385370973988617,2.872741489963954,-2.904757844547479,5.7774993345114325,0.24981245311327832,1000.0,1179.3784845253876,577.6004542709469,0.0009432871753512756,0.08915107539157519,1.9192527355701696,HIGH_FREQUENCY_NOISE
0.0002685656940851193,0.6078290517415749,0.6078291110736587,1.2583604843655538,-1.2501949330541122,2.5085554174196663,0.25003125390673836,2000.0,2667.1132915023,1242.0504532990346,0.00013582028175562858,0.999011596850033,0.36945622826859414,HIGH_FREQUENCY_NOISE
0.0007074010639398642,0.6120954225516491,0.612095831324595,1.2911513074771959,-1.3394379042417188,2.630589211718915,0.37509377344336087,1500.0,1937.2971474032988,733.7486489388106,0.0003983464278654103,0.26936868056948976,0.3746613067249471,HIGH_FREQUENCY_NOISE
0.000241622338956613,0.5901698445642838,0.5901698940257674,1.0199130284682028,-1.062715844053264,2.082628872521467,0.5001250312578145,2000.0,2003.2925268074273,71.83650701645918,0.0002524098547896384,0.998329225193886,0.3483005038143855,HIGH_FREQUENCY_NOISE
0.00058104158576146,1.3510219990870087,1.3510221240329048,3.2785168192247167,-3.31420048376144,6.5927173029861565,0.2923621190130624,1500.0,3119.5580578538097,2590.9721454421647,0.0006499605778014011,0.38488148271839234,1.8252607796263816,HIGH_FREQUENCY_NOISE
0.0003559541510448931,1.3787024911700458,1.3787025371202621,2.7574181254663728,-2.776311859251344,5.533729984717716,0.10032656023222061,1000.0,1433.501180755076,1091.3108092743923,8.279832582326438e-05,0.2567839746262946,1.900820685861848,HIGH_FREQUENCY_NOISE
-0.00046193454597134463,0.5137849409906832,0.5137851486490482,1.2323446653152255,-1.2268769501374042,2.4592216154526296,0.22040255031878986,500.0,1757.0734755505323,2088.8524452130555,0.001588097998431428,0.2685085226185831,0.26397517897232453,HIGH_FREQUENCY_NOISE
0.0010884836224624805,0.4830385452859121,0.4830397716839956,1.1034197351522097,-1.1129454202558302,2.21636515540804,0.16600145137880987,500.0,1678.226705387483,2323.8882265066477,0.0008097280518049986,0.20916388597174454,0.23332742102852658,HIGH_FREQUENCY_NOISE
0.0010333961678280366,0.9391206360771808,0.9391212046448789,1.7866384572727845,-1.861716539194962,3.6483549964677464,0.5001250312578145,2000.0,2022.2967061183379,145.54797008069423,0.000560184211616439,0.9952905286956492,0.8819486370136485,HIGH_FREQUENCY_NOISE
-0.00047260095146985293,1.3553943664558121,1.3553944488494158,2.632686633416135,-2.6063823117602816,5.239068945176417,0.18133164005805516,2000.0,2620.3450975319115,1190.2508316037254,3.543276054419145e-05,0.9996989575046848,1.8370941119718118,HIGH_FREQUENCY_NOISE
0.0005372530188159363,1.0699783277754518,1.0699784626570568,1.9768635992786505,-1.9700853665252251,3.946948965803876,0.0771044992743106,200.0,524.6733180269689,1631.6646464851806,0.9603149759123933,0.03869008500905141,1.1448539105499584,HIGH_FREQUENCY_NOISE
-0.0015359138653147717,1.155899770476315,1.1559007909066414,2.385469095743947,-2.499036995493027,4.8845060912369735,0.24981245311327832,1000.0,1222.8058294805023,591.3312604509924,0.001276064333863604,0.12671711577974784,1.3361066384185991,HIGH_FREQUENCY_NOISE
0.00018112121592102454,1.1211723608387443,1.1211723754684728,2.4954402151987947,-2.427863629695222,4.923303844894017,0.17625181422351233,1500.0,2412.5809643508537,2394.0247524512774,0.0004652738478048036,0.1310335879479367,1.2570274955136183,HIGH_FREQUENCY_NOISE
0.002923984155230247,1.0276417694835254,1.0276459293309983,1.7107176702415705,-1.7603603214264518,3.4710779916680226,0.2496248124062031,500.0,516.9556518333769,140.51538573432833,0.00023996351024457854,1.4509358245499792e-07,1.0560561560705712,HIGH_FREQUENCY_NOISE
-0.000305484232759508,1.2662407212348714,1.2662407580843478,2.129750313242011,-2.0983802976528114,4.228130610894823,0.09954977488744372,200.0,214.81650278173262,122.46261324220426,0.9849659599609757,4.654976685796806e-06,1.6033656574340238,HIGH_FREQUENCY_NOISE
0.000674207817086917,0.9238266050211317,0.9238268510392251,2.0537405057423976,-1.990514395276426,4.044254901018824,0.13225689404934687,1000.0,1717.162584887366,1837.4668562295224,0.0002074984495498083,0.2816355969974637,0.8534560507010507,HIGH_FREQUENCY_NOISE
0.0007400338365594176,1.296178540630777,1.2961787518864094,2.153126174764975,-2.181246437581427,4.334372612346401,0.04601150287571893,100.0,145.53716554441704,313.147404446369,0.9785122272629243,0.020043896686624253,1.68007935684181,HIGH_FREQUENCY_NOISE
0.00014701165438483596,0.9755602633543414,0.9755602744312719,2.450842196246059,-2.437175342778479,4.888017539024538,0.29281567489114657,100.0,2971.1863018033932,4048.9533198988756,0.6523913351656778,0.33940214869792057,0.9517178490484185,HIGH_FREQUENCY_NOISE
-0.0018781669274800085,1.141019496873596,1.1410210426441232,2.600138595666275,-2.6891826932483243,5.289321288914599,0.1761611030478955,200.0,1626.184747876916,2804.422912930814,0.7867615915359478,0.2083229632073654,1.301929019756682,HIGH_FREQUENCY_NOISE
-0.0004191623776603706,1.0539509496789012,1.0539510330305466,1.9241639085175,-1.8922920968442374,3.8164560053617373,0.06175771971496437,200.0,381.44882774893733,926.0376118303496,0.9615426658775241,0.03711264102614594,1.1108127800261565,HIGH_FREQUENCY_NOISE
-0.0019791583561984878,0.9832690691686065,0.9832710610261529,2.3494057514192526,-2.453221410882489,4.802627162301741,0.24590573821727715,100.0,1639.7292414417104,2301.0849050373404,0.6795510848571256,0.3098455108785905,0.9668219794514966,HIGH_FREQUENCY_NOISE
-0.0020925040406493097,1.391002872725348,1.3910044466152258,3.1266948293139913,-2.8733316947950422,6.000026524109034,0.17858929464732365,100.0,359.9112922697714,581.6373581765284,0.8281952917323366,7.428758040340577e-07,1.9348933705033307,HIGH_FREQUENCY_NOISE
0.0040735901023143724,0.9807535344503409,0.9807619943050188,2.029216046815315,-2.0217360327490916,4.050952079564407,0.49987496874218557,2000.0,2082.456160111334,301.88485295784585,0.0009593234297591063,0.9918350064960675,0.9618940894731576,HIGH_FREQUENCY_NOISE
-0.0015349671820778284,1.4840882692317192,1.4840890630266936,3.0309361761237716,-2.9359512412304114,5.966887417354183,0.7498749374687343,1500.0,1448.313701060845,155.97706780373312,0.002583769010911088,3.0483970803993675e-05,2.2025203469954495,HIGH_FREQUENCY_NOISE
-0.00032578557490542127,1.4819125772283415,1.4819126130389022,3.509626589770325,-3.510459629013275,7.0200862187836,0.2777847230903863,1500.0,2528.827648854782,1763.0423671773942,0.0006136444659831628,0.33644256046981236,2.196064992683787,HIGH_FREQUENCY_NOISE
-0.0008808278996885299,1.1915301480584188,1.191530473630409,2.8717605030444986,-2.955033270297707,5.826793773342206,0.1642705338167271,100.0,1088.0873774915228,1885.9204877989835,0.7759244895796907,0.21632763527328763,1.4197448695899069,HIGH_FREQUENCY_NOISE
0.0018938079671645758,0.5054837293396546,0.5054872769276608,1.3168174073242374,-1.3406158725436703,2.6574332798679077,0.5411352838209552,2000.0,2542.951683197773,772.2246411080824,0.004064700368078979,0.9654870528982084,0.2555173871357417,HIGH_FREQUENCY_NOISE
-0.0003538678030840154,0.9207488449171635,0.9207489129174754,2.291704045149778,-2.343762202794263,4.635466247944041,0.3306653326663332,100.0,483.90460131680106,560.4057741838059,0.6671221989803806,3.952556071008171e-06,0.8477785606387127,HIGH_FREQUENCY_NOISE
-0.0018354990882651213,0.7530036881842429,0.7530059252595398,2.0118522341771254,-2.1281880978251535,4.140040332002279,0.6225778222277785,6728.0,4610.606766784617,2638.0084598255344,0.0034249643977296135,0.7144148668023497,0.5670179234759756,HIGH_FREQUENCY_NOISE
5.730596284994715e-05,0.796424698445908,0.7964247005076054,1.8111571416355532,-1.7904944413946482,3.6016515830302014,0.24878109763720466,500.0,2055.903486946788,2561.5325093142187,0.0013233447850832286,0.27227823075599983,0.6342923035786289,HIGH_FREQUENCY_NOISE
0.0004149855573595646,0.5262501496357709,0.526250313258514,1.0106358363849903,-1.0755799372483419,2.086215773633332,0.13253313328332084,500.0,676.0419418535528,601.212268666644,0.0007558363815789788,0.07728093731644146,0.2769393922046841,HIGH_FREQUENCY_NOISE
0.002575893150306747,1.134181800556075,1.1341847256677997,2.4869777872696184,-2.584499072269849,5.071476859539468,0.2538134533633408,1000.0,1255.7205317306486,566.1200321784971,0.0016767091115580885,0.17622704021748944,1.2863749919381422,HIGH_FREQUENCY_NOISE
0.0016324548464061231,0.9787562808456961,0.978757642219832,1.5797939031837307,-1.5625473189872308,3.1423412221709617,0.10005002501250625,200.0,210.5488849626216,121.07472841420761,0.9921907050662131,8.398968531152853e-10,0.9579665222037246,HIGH_FREQUENCY_NOISE
-0.0009257402448726904,1.0854536446949625,1.0854540394584096,2.606184788770851,-2.406848659951341,5.013033448722192,0.7423711855927964,1500.0,1399.4559991124686,206.8715467909698,0.005281746229616426,9.790740723722735e-06,1.1782104717765787,HIGH_FREQUENCY_NOISE
-0.002870091905124676,1.2530478772735851,1.2530511642256998,2.6052987067072606,-2.767178888585561,5.372477595292821,0.09127281820455113,100.0,254.5918038926002,505.6681645157063,0.8939300888049638,0.05745762664003947,1.5701372201673816,HIGH_FREQUENCY_NOISE
-0.002361502376375301,1.0198333791205716,1.019836113236807,2.5291387880528893,-2.7105323952905707,5.23967118334346,0.3147677793904209,2000.0,3763.5726478291376,2794.8249607209277,0.0005962762152664998,0.9949622897200059,1.0400656978619574,HIGH_FREQUENCY_NOISE
0.0009013013187618157,1.4851244832141037,1.4851247567076733,3.5660713796557304,-3.6355611840487265,7.201632563704457,0.30705732946298986,2000.0,3676.7686589386426,2758.862446601217,0.0006544531368749164,0.9952415350287174,2.205595542986026,HIGH_FREQUENCY_NOISE
0.002175676700944762,0.9839409597219245,0.983943365132165,1.90594736089013,-1.9195445603971204,3.8254919212872505,0.12703175793948487,500.0,682.1667906914541,697.5759611821746,0.0006787915791412057,0.06258918709730901,0.968144545787609,HIGH_FREQUENCY_NOISE
0.00037788899468779567,0.7048377021594379,0.704837803459412,1.420241344122588,-1.3964790970643073,2.816720441186895,0.07803901950975488,100.0,163.2965645274572,214.63838398969745,0.9266432201174665,3.591166401234615e-07,0.4967963291854888,HIGH_FREQUENCY_NOISE
-0.0032671526379401037,1.4494256495474243,1.449429331789699,3.26710557406978,-3.1927257024803755,6.4598312765501555,0.1662915728932233,500.0,777.508512742225,508.78902357488306,0.0009390739615113731,0.08780383258808032,2.100845387852333,HIGH_FREQUENCY_NOISE
0.004539530790772871,0.8274130597130942,0.8274255124925656,1.9559030770698573,-1.990797816500432,3.9467008935702896,0.3843460865216304,1500.0,1765.5029670093143,470.64691635912146,0.0032016366294662837,0.297113603249006,0.6846329787235849,HIGH_FREQUENCY_NOISE
0.002887562771103332,1.685575491315856,1.685577964658843,3.9025330048167164,-4.056682415169677,7.959215419986393,0.1812409288824383,1000.0,1976.6866926601992,2086.9970060585906,0.0003888655217447226,0.3196558224958848,2.8411730749434474,HIGH_FREQUENCY_NOISE
-0.0013639239167428615,0.9913541685443058,0.9913551068000925,2.345291385150097,-2.342973272460579,4.688264657610676,0.17951741654571843,1000.0,1920.5063363901745,1917.247565371839,0.00039424300589031136,0.3205938439439962,0.9827849477786228,HIGH_FREQUENCY_NOISE
-0.0013402507351471904,1.2915020666693793,1.2915027620889203,3.1826367223921297,-3.2722932827015407,6.45493000509367,0.36668334167083544,500.0,838.8250203987138,466.9608501908654,0.004834387515944418,3.311341733997599e-05,1.6679793844833106,HIGH_FREQUENCY_NOISE
0.0010015442127478433,1.1919772652169733,1.1919776859844924,3.0488549279421555,-2.798433179322993,5.847288107265149,0.26015751968996126,2000.0,2581.656163401892,1162.117774585729,0.0012190348521635215,0.9908672312873125,1.420810803884945,HIGH_FREQUENCY_NOISE
0.00057176857001138,0.9071306746916358,0.9071308548857767,1.5151682010620953,-1.5062528642158306,3.021421065277926,0.054027013506753374,100.0,119.66544812176737,162.98826404344973,0.9852357119810657,1.2228297163744235e-06,0.8228863878858002,HIGH_FREQUENCY_NOISE
-0.00039583014556672145,0.7109242261110019,0.7109243363066361,1.1802613465122984,-1.2221932607724666,2.4024546072847652,0.24990623827978498,2000.0,2047.4429731304576,401.7609628660691,6.691642604940472e-05,0.9994355478997698,0.505413411953031,HIGH_FREQUENCY_NOISE
0.0021973828574496793,0.9264245808857243,0.9264271868639824,2.0402567999303503,-2.1477753682289915,4.188032168159342,0.7498749374687343,1500.0,1497.1498168710034,137.11851494444565,0.0037506144124801097,7.819602486226328e-05,0.8582673325607121,HIGH_FREQUENCY_NOISE
0.0021645446008728493,0.7350342256223258,0.7350374127141701,1.9178057283644412,-2.0311597568142887,3.94896548517873,0.4481132075471698,100.0,3883.9266427273355,3582.502967133678,0.4525518401340157,0.5337066859315732,0.5402799980895412,HIGH_FREQUENCY_NOISE
0.0013639034263065177,1.3384093950714593,1.3384100900128129,2.764763389303251,-2.8133970581819456,5.578160447485196,0.7498749374687343,1500.0,1363.6316830047367,276.8327343235294,0.0008587945774777379,1.3230894446025821e-06,1.7913415690481056,HIGH_FREQUENCY_NOISE
-0.002149235813927595,0.9542086597567424,0.9542110801962752,2.662434355592435,-2.6340273638897465,5.296461719482181,0.3904208998548621,1500.0,4099.080979599677,3234.9846805822863,0.001169499417476074,0.4896263170303151,0.9105187855693424,HIGH_FREQUENCY_NOISE
0.0008105536570273326,1.117841255713317,1.1178415495820309,1.849242300081692,-1.8717655531898671,3.7210078532715594,0.7503751875937968,1500.0,1493.687102458785,56.918698222415365,0.00035595723748929955,4.955391855221088e-08,1.2495697299719561,HIGH_FREQUENCY_NOISE
-0.0022145247955998116,0.9468851309550921,0.9468877205582045,2.155684642166543,-2.176278215559366,4.331962857725909,0.49987496874218557,2000.0,2138.016269148265,356.9468106548376,0.001979906462226483,0.9836589552125078,0.8965963553439124,HIGH_FREQUENCY_NOISE
-0.0015576689084764058,0.9916882378696654,0.9916894612031886,1.8489191086033596,-1.8033403873344274,3.6522594959377868,0.7503751875937968,1500.0,1476.8843759998622,110.98222408676307,0.0009228574889462851,2.8815961203475922e-06,0.9834479874614706,HIGH_FREQUENCY_NOISE
0.0005924701909548901,0.509307667728651,0.5093080123345058,1.2955088694427668,-1.290565422902139,2.5860742923449056,0.39105587808417996,200.0,3867.638553544834,4276.068866309762,0.5585972231778905,0.430630991574987,0.2593946514281251,HIGH_FREQUENCY_NOISE
0.00019205774021048062,0.8645049809632448,0.8645050022969422,2.4266207067463075,-2.3313062567722267,4.757926963518534,0.36642080260032506,100.0,2091.4003763798178,2750.940939649248,0.6205312528963397,0.33849970245040945,0.747368898996436,HIGH_FREQUENCY_NOISE
0.0001232051776914762,0.630447329072701,0.6304473411113876,1.0791473937054568,-1.07179249926422,2.150939892969677,0.053513378344586145,100.0,154.86976997009802,396.36398978564563,0.9805308129645691,0.018148485140295545,0.39746384991441824,HIGH_FREQUENCY_NOISE
0.0007103929147937331,1.1946105386224315,1.1946107498452663,2.541120989898981,-2.5220489669690456,5.063169956868027,0.0829100145137881,200.0,598.0017622892898,1673.7453021562667,0.7298346055187921,0.04067375520016426,1.4270948436458692,HIGH_FREQUENCY_NOISE
0.003172027366868714,0.8363631585107439,0.8363691736737338,2.1842006664911047,-2.130681728446349,4.314882394937454,0.352176088044022,200.0,666.4006139711723,654.311290184105,0.5412379207222703,1.0567670813307637e-06,0.6995133946716842,HIGH_FREQUENCY_NOISE
-0.0013338740281998707,1.3444419339613576,1.3444425956557902,2.5807050393383424,-2.4805029404626917,5.0612079798010345,0.12501562695336918,1000.0,1244.5631683540482,1174.9100852442295,0.00021218991712763512,0.04254201612306268,1.8075258930136784,HIGH_FREQUENCY_NOISE
0.0022152948711856727,1.3474418970648998,1.3474437181185797,3.108453333305225,-3.0868811948996786,6.195334528204904,0.18477309663707964,1000.0,1659.5885761483987,1341.0882769271864,0.00044086546726169654,0.3032245359697116,1.8156045734972222,HIGH_FREQUENCY_NOISE
0.0008521943386611852,1.5028357719074417,1.5028360135290302,3.349898515065826,-3.252665153919998,6.602563668985824,0.2496248124062031,500.0,621.8051912688886,295.44973079130676,0.0036681067691089575,4.920437155777263e-07,2.2585160835598272,HIGH_FREQUENCY_NOISE
0.004461649080145612,0.7314867616182976,0.7315003682400567,1.831050804343519,-1.859119265120473,3.690170069463992,0.3055763940985246,500.0,1129.5135711626835,924.7442561769186,0.002902699449700296,0.2273916455181513,0.5350927887353385,HIGH_FREQUENCY_NOISE
-0.0007652401876130646,0.8675712877732318,0.8675716252627494,2.215453188619759,-2.2979276463927985,4.5133808350125575,0.5056264066016504,2000.0,2403.3467638306543,680.4932059576564,0.003046218879717985,0.9745384676729936,0.7526805249610486,HIGH_FREQUENCY_NOISE
-0.0036491116964520796,0.7106029873617885,0.7106123568188717,1.8954318150493086,-1.853116979472924,3.7485487945222324,0.6068034017008505,1620.0,1035.8739554264764,714.171378512215,0.34387284610012453,0.00010661152010958545,0.5049699216636714,HIGH_FREQUENCY_NOISE
0.0012748387262429186,0.8199108574547945,0.8199118485459485,1.623455162933233,-1.5319054304749666,3.1553605934082,0.11605802901450725,200.0,284.58514476466615,299.80445668371414,0.9236338995947577,1.325383578339972e-05,0.6722554393860343,HIGH_FREQUENCY_NOISE
0.0007606360791059774,0.49012397398528795,0.4901245642103404,1.2042413688505875,-1.321031270835314,2.5252726396859018,0.32004000500062507,200.0,2276.9144027514717,2700.79117157731,0.6132149106329778,0.3731150097372886,0.2402220884423761,HIGH_FREQUENCY_NOISE
0.001278457428246758,1.4234519197613427,1.4234524938773503,3.1772746327483494,-3.2067558857499776,6.384030518498327,0.16699927431059505,100.0,1387.6105017347356,2940.9096432634888,0.8328947603627678,0.16289907210722912,2.026217002325648,HIGH_FREQUENCY_NOISE
-5.622698895185785e-05,1.3893468717843347,1.3893468729220901,2.188959965101961,-2.208196220581593,4.397156185683555,0.05102551275637819,100.0,116.85562987086809,166.07140127861643,0.9894489274494774,4.995974285926115e-07,1.9302847332983908,HIGH_FREQUENCY_NOISE
0.0007983453333610939,0.4643679628042777,0.4643686490647989,0.8641215741381663,-0.8753907119532307,1.739512286091397,0.1873984248031004,1500.0,1698.210736797272,853.4967219771805,0.0002724569244678518,0.05317205547230403,0.2156382422342664,HIGH_FREQUENCY_NOISE
-6.982476175246197e-05,0.7587089267867364,0.7587089299997587,1.6957858876663603,-1.6524006981382078,3.348186585804568,0.21652757619738752,2000.0,3028.4673138207436,1943.0293252736178,0.00029616533672474995,0.997762839323667,0.5756392404613787,HIGH_FREQUENCY_NOISE
0.0002596772494933095,0.4460232719453074,0.44602334753807626,0.8984394494300089,-0.9033300011199433,1.8017694505499522,0.5002501250625313,1000.0,1024.2257585403484,108.3338846058108,0.00167870264920711,1.0543707412314963e-08,0.19893682654907155,HIGH_FREQUENCY_NOISE
0.0028297717194639676,1.2363747825976141,1.2363780209350543,2.9070947385834582,-2.7987749421182304,5.705869680701689,0.5001250312578145,2000.0,1999.8633663914184,183.87726767104903,0.0016972553808793434,0.9838574288927157,1.5286306106512817,HIGH_FREQUENCY_NOISE
-0.001045343155820736,1.3027500203056626,1.302750439703905,2.2687644883950924,-2.3216017350909177,4.59036622348601,0.09152757619738752,1000.0,1147.515767416514,894.6309835785094,9.252072403516882e-05,0.027258180999473254,1.6971587081487174,HIGH_FREQUENCY_NOISE
-0.001185860914029295,1.0263419450227809,1.0263426301090939,2.0221836701048574,-1.9939074596314854,4.016091129736343,0.7503751875937968,1500.0,1351.5525855685212,275.99261538483165,0.00037343028357947333,1.0825402939659824e-07,1.053379194379252,HIGH_FREQUENCY_NOISE
-0.0022355264497487966,1.0978237993072368,1.097826075434485,2.801460331139708,-2.708802417455586,5.510262748595294,0.3548387096774194,1000.0,1606.9584660422036,818.9741087110192,0.00230406158357146,0.38862689397307837,1.2052220919038836,HIGH_FREQUENCY_NOISE
-0.0008967157826710024,0.9537068383676648,0.9537072599327543,1.7141058611667777,-1.6558930983594033,3.369998959526181,0.18752344043005376,1500.0,1616.8559526026838,737.9007800577252,0.000123999316032951,0.025326544279299753,0.9095575376484422,HIGH_FREQUENCY_NOISE
2.551093591257132e-06,1.028217501077391,1.0282175010805559,1.7151772882018836,-1.7587427078333082,3.4739199960351916,0.13597605224963716,1500.0,1591.6079988882616,764.3220518683243,5.0804678613129506e-05,0.01461578181005088,1.057231229528343,HIGH_FREQUENCY_NOISE
0.0003726224168500738,0.8347693185974728,0.8347694017626393,1.901831001847049,-1.8158471691558447,3.717678171002894,0.1645500725689405,1500.0,2327.118385753196,1822.107986981914,0.00020468911935032713,0.2820689312974845,0.6968399541191547,HIGH_FREQUENCY_NOISE
-0.0012186872356600802,0.8079031066714621,0.8079040258396898,1.3758392450815022,-1.3652964830452423,2.7411357281267446,0.09062046444121916,1000.0,1132.9049700480602,1049.3358523967333,5.989479698979265e-05,0.016267222429335475,0.6527089149679782,HIGH_FREQUENCY_NOISE
0.0012936117169338646,0.6129802360584155,0.6129816010530046,1.5569428640948895,-1.6203309126083072,3.1772737767031964,0.5222611305652827,1528.0,898.5148098755984,700.2486845061119,0.41875145510733575,5.897049474054317e-05,0.37574644322950485,HIGH_FREQUENCY_NOISE
-0.00291439821577206,1.1300237826218693,1.1300275408183633,2.2855974462512023,-2.275582395881996,4.561179842133198,0.12528132033008252,100.0,440.8785813221761,944.9711737813358,0.8809183707966881,0.1111157487416185,1.2769622430079977,HIGH_FREQUENCY_NOISE
0.00012489498689089617,0.5011766897310955,0.5011767052932294,1.1308563048278126,-1.191216432534504,2.3220727373623165,0.21190148768596073,200.0,1615.1725690938938,2743.1048439632423,0.7804488747221026,0.21230048722063924,0.25117808992857654,HIGH_FREQUENCY_NOISE
-0.0009564441214357852,1.3921883761213902,1.392188704663585,3.0608495317405984,-2.955224422170803,6.016073953911402,0.2521565195649456,2000.0,2684.5049293322268,1197.0824786808437,0.0002106142126635093,0.9981411830055421,1.938189389392871,HIGH_FREQUENCY_NOISE
0.0009118991235163633,0.6482524677828012,0.6482531091684043,1.8004333906770447,-1.6198846320325315,3.4203180227095764,0.5071267816954238,2000.0,2296.797675364603,536.1813806978219,0.003362463128254296,0.9736272867416609,0.42023209354650315,HIGH_FREQUENCY_NOISE
-0.004288352435763024,0.5505295566194194,0.5505462584362806,1.1780044142874588,-1.2401715624181422,2.418175976705601,0.49974987493746875,1000.0,1011.6386948320153,103.10668116591388,0.0036417257497977588,1.2130662817799336e-06,0.3031011826781878,HIGH_FREQUENCY_NOISE
0.0005924520653624385,0.8516600615156038,0.8516602675833902,2.173665081405278,-2.0975424002473932,4.271207481652671,0.28927793904209,1500.0,3002.6628328193997,2311.529664695804,0.0007589413280654464,0.3903596435314112,0.7253252113802118,HIGH_FREQUENCY_NOISE
-0.0006903549284184205,1.404492939172173,1.404493108838351,2.1258882370182195,-2.152291111926593,4.278179348944812,0.025253156644580572,200.0,215.9226478768865,298.7290718239863,0.9970509103888148,0.002844074053144355,1.9726008927744163,HIGH_FREQUENCY_NOISE
-0.00029489377935886684,0.6473948182665,0.6473948854297936,1.3196255127023322,-1.2821264193951698,2.601751932097502,0.09988748593574197,200.0,609.7298637955839,1315.0213215905528,0.9078833861146052,0.08910029101337923,0.41912013768065565,HIGH_FREQUENCY_NOISE
-0.002275411315500797,1.2696136484518115,1.2696156874549773,2.8000864460503996,-2.70987467317101,5.50996111922141,0.7503751875937968,1500.0,1372.0183248642927,288.52701206098885,0.0012005024617008427,2.283419754660261e-05,1.6119239938317746,HIGH_FREQUENCY_NOISE
0.0002436497927303545,0.7628828604726903,0.762882899381167,2.133227204572131,-2.1317560705003977,4.264983275072529,0.3759978229317852,100.0,2930.68612632383,3174.85062102904,0.5189418472775531,0.44470215823031883,0.5819903181682158,HIGH_FREQUENCY_NOISE
0.00093705800080276,0.8170261382954985,0.8170266756573814,1.3876413245337875,-1.4016569506495626,2.7892982751833504,0.49987496874218557,2000.0,2014.6292345147529,141.99535531037677,0.00015689795254445553,0.9987701451304585,0.6675325887357519,HIGH_FREQUENCY_NOISE
0.0028516696321537597,0.9396561689614892,0.9396604960766807,2.478750588709767,-2.415271515301868,4.8940221040116345,0.3367198838896952,100.0,3293.574987867231,3974.211748777318,0.5923034270266442,0.3978279228734634,0.8829618478870737,HIGH_FREQUENCY_NOISE
-7.444605880342392e-05,1.3174617465395233,1.3174617486428921,2.600716765383013,-2.5833604618978177,5.184077227280831,0.07100887610951369,500.0,708.184349463467,633.4977475347504,6.150053164663202e-05,0.012985194100475455,1.735705459137187,HIGH_FREQUENCY_NOISE
0.0015887570476818683,1.181872062668768,1.1818731305287742,2.78822999663125,-2.830165187803984,5.618395184435234,0.17454363590897726,100.0,426.5080574421511,816.5879775708156,0.836771159726632,0.11321721490447265,1.3968240966658851,HIGH_FREQUENCY_NOISE
0.004477866501488775,1.3119693568450308,1.3119769984983611,3.302249646666973,-3.243977619004739,6.546227265671712,0.2749093636704588,200.0,1464.415889615591,2450.39045805247,0.6050721698338758,0.19696481453817222,1.7212836445887687,HIGH_FREQUENCY_NOISE
-0.0004049609648326741,1.1008022248796498,1.1008022993677704,1.728844036846395,-1.7180131182710223,3.446857155117417,0.02920899854862119,200.0,241.36734601284658,571.5193391104876,0.994581835881109,0.005282311857212978,1.2117657022933703,HIGH_FREQUENCY_NOISE
-0.0004037940001048624,1.3971403516262189,1.3971404099774043,2.160228721734122,-2.1533482153531334,4.313576937087255,0.023947750362844702,200.0,228.67723300916094,459.7931943574882,0.9959681619439024,0.003928425445396223,1.9520013251918291,HIGH_FREQUENCY_NOISE
3.349323023880457e-05,1.060893234664022,1.0608932351927258,2.3223032497051252,-2.3300906774543346,4.65239392715946,0.3765941485371343,1500.0,1901.4303647944016,675.018784994307,0.0008118813498838195,0.29303967032575823,1.125494456477688,HIGH_FREQUENCY_NOISE
-0.0005148051770738231,1.6462583662845713,1.646258446777515,3.65139364193252,-3.5233147645818974,7.1747084065144175,0.09113639204900613,200.0,519.5709325568654,1119.0574497774514,0.7198725551358461,0.05279522400965743,2.710166873586316,HIGH_FREQUENCY_NOISE
0.001442147676180782,1.0906725920768818,1.0906735455202095,2.046606264304173,-2.0134624535895265,4.060068717893699,0.12514064258032254,1000.0,1225.443931588231,1059.377688377667,0.000220528249326356,0.044237491459414274,1.1895687828976242,HIGH_FREQUENCY_NOISE
0.00015251024406577685,1.3325419337562183,1.332541942483664,2.6254851055529373,-2.8434509498014657,5.468936055354403,0.13728432108027006,500.0,694.0196024593844,617.4818469567373,0.0010183751860346009,0.08824975081327534,1.7756680284781363,HIGH_FREQUENCY_NOISE
-0.000554068175785531,1.1737928972831404,1.1737930280521744,2.400751698419812,-2.4189979271398174,4.819749625559629,0.25003125390673836,2000.0,2654.441631169731,1191.2152180830535,0.00014898538417864807,0.9988457024796932,1.3777900727038928,HIGH_FREQUENCY_NOISE
0.0006067320322874992,1.221301816737162,1.2213019674467291,1.9801638848262342,-1.9706465530006945,3.9508104378269286,0.1248906113264158,1000.0,1029.0480952273224,333.8594096434642,3.9433721650222246e-05,0.007716913183889748,1.4915784956892515,HIGH_FREQUENCY_NOISE
0.004107190013965422,0.6246419145221037,0.6246554173203415,1.4435493626147822,-1.5399871910607745,2.983536553675557,0.6778389194597298,1500.0,1315.126096916732,270.56469746664817,0.0065087603792048435,0.00010679182601719155,0.39019439038764997,HIGH_FREQUENCY_NOISE
-0.003961938258518787,1.2794207740044126,1.2794269083886014,3.2174292997507767,-3.2430841062194116,6.460513405970188,0.2322790348793599,200.0,1170.4083988750856,1952.5399690747736,0.6174775176052932,0.1803339539231538,1.6369332139088149,HIGH_FREQUENCY_NOISE
-0.0007794023633261968,1.1883257479128777,1.1883260035111343,2.8015553178653634,-2.8550520376468844,5.656607355512248,0.2280570142535634,100.0,812.9175769000394,1226.806342816186,0.7393995219702636,0.24359786941681272,1.4121186906207444,HIGH_FREQUENCY_NOISE
0.00018240485387195627,1.558319698311832,1.5583197089872827,2.8543963555437415,-2.848825749749311,5.703222105293053,0.023627953494186775,100.0,146.30252952781234,334.33401361915656,0.9495592353817486,0.0028911873496268864,2.4283603154182094,HIGH_FREQUENCY_NOISE
0.004122595295440169,0.9054080971850318,0.9054174828443451,2.125024912790927,-2.231139370390899,4.356164283181826,0.22990373796724592,1500.0,2193.333884171495,1231.0562850726155,0.001180743400277192,0.25994838078067817,0.8197808182401899,HIGH_FREQUENCY_NOISE
-1.4507669726600004e-05,0.3862536637091473,0.386253663981601,0.7506674755783479,-0.77137944964645,1.522046925224798,0.12478119529882471,100.0,372.60952952467585,890.0247374776931,0.9109874520969402,0.08299034296187877,0.14919189293921153,HIGH_FREQUENCY_NOISE
-0.009493395161539587,1.6989161604061376,1.6989426843307065,3.704181249898899,-3.7874747884703233,7.491656038369222,0.16808404202101052,200.0,376.3421662629987,403.87780105203785,0.6950330702695497,2.5627618669624753e-06,2.8864062446408263,HIGH_FREQUENCY_NOISE
-0.009125888791291864,0.5450752422616855,0.5451516317253999,1.4285707746055678,-1.3433627730489457,2.7719335476545135,0.7163581790895448,1500.0,1405.934590405512,193.74464065784585,0.007163493326159858,6.7250996408623504e-06,0.297190301572866,HIGH_FREQUENCY_NOISE
0.004984261824266993,1.4787626398174833,1.4787710396764957,3.4804582411877334,-3.4233312382333096,6.903789479421043,0.17989748718589824,200.0,985.3252854266764,2007.8888608611128,0.6695423510315678,0.11757415092524688,2.186763787785904,HIGH_FREQUENCY_NOISE
0.002188972931650323,0.9418495407761346,0.9418520844924171,1.9403329157798064,-1.9715414673801215,3.911874383159928,0.24990623827978498,2000.0,2408.242789172925,1340.7248871322472,0.0004270778557226669,0.9964670615747462,0.8870853490627112,HIGH_FREQUENCY_NOISE
0.002102696375858831,0.9282471198551033,0.9282495014010747,2.4177034208282238,-2.574860375448845,4.992563796277069,0.33766883441720863,200.0,568.5454972141514,417.3321415329558,0.46637362427985807,4.721806321131122e-06,0.8616471368513438,HIGH_FREQUENCY_NOISE
-8.278545577248586e-05,1.40132420060547,1.4013242030508113,2.143125445982884,-2.158269393525982,4.301394839508866,0.05001250312578145,200.0,207.40502508252524,126.35104226582762,0.9964385654663627,0.0033202518376802092,1.9637095220559915,HIGH_FREQUENCY_NOISE
-0.0017736415154852802,1.0581622764934555,1.0581637629393843,2.180972504718878,-2.2122166683178035,4.393189173036681,0.14677068214804065,1500.0,2198.9589588861286,1635.0371303578036,0.00013393452332921514,0.26639186365794026,1.1197105491980375,HIGH_FREQUENCY_NOISE
0.0012822313823093268,1.3374909716027812,1.3374915862300851,2.4874269326480762,-2.5598442070616727,5.047271139709749,0.07375921990248781,200.0,429.402482300502,962.8117304749882,0.9438317986714649,0.05426146539527676,1.7888837432362694,HIGH_FREQUENCY_NOISE
2.626223344560541e-05,1.0388606974046917,1.0388606977366444,1.9321063079365963,-1.9331812259578176,3.865287533894414,0.12564070508813602,1000.0,1256.444557875262,1117.2338587985041,0.0002364273621851261,0.0510758763803179,1.0792315493018674,HIGH_FREQUENCY_NOISE
0.00019310052536523504,0.8763309570218255,0.8763309782967857,1.4096571272763683,-1.4025026642514724,2.812159791527841,0.37509377344336087,1500.0,1506.9804492881576,87.3197718264404,8.243817306571498e-05,0.007833336320178113,0.7679559835226015,HIGH_FREQUENCY_NOISE
-0.0004242170006218576,1.5603841856747207,1.5603842433400257,3.1803991008843755,-3.1467160118614874,6.327115112745863,0.1876484560570071,1500.0,2006.5847775814607,952.4500538942428,0.00013158683753977267,0.256880584431086,2.4347989868638242,HIGH_FREQUENCY_NOISE
0.0005131171304495362,1.2153946156488658,1.2153947239631424,2.298859444326107,-2.2990377772404753,4.597897221566582,0.08091436865021771,500.0,807.3551620716047,1339.4384423337867,0.00018895324416408563,0.051056385387681445,1.4771843350374434,HIGH_FREQUENCY_NOISE
0.0012989799485965885,1.4530362315661502,1.4530368121946757,3.063516986765208,-3.2104442468587298,6.273961233623938,0.17353047895500726,1500.0,2353.967661067215,2158.072314525824,0.0004653557572437111,0.13986652189054966,2.1113159775928656,HIGH_FREQUENCY_NOISE
0.00047405068999054924,1.0219834790912694,1.021983589036317,2.3521279108834117,-2.3468013486125194,4.698929259495931,0.7358679339669835,1500.0,1443.5327826874086,173.44951558775588,0.006274210084648109,1.0077587263033835e-08,1.0444504562595516,HIGH_FREQUENCY_NOISE
0.0022637765772123863,0.9406158219407761,0.9406185460481381,2.234003428287373,-2.34040944936981,4.574412877657183,0.17252156519564946,500.0,1347.4994568879554,1645.3922838568851,0.0009813780482463132,0.21308574699428762,0.8847632491697134,HIGH_FREQUENCY_NOISE
0.0019060861317452566,0.8006265356608565,0.8006288046083818,1.513544560039835,-1.4527853808737912,2.966329940913626,0.10705352676338169,200.0,284.37071939790076,348.27381193552327,0.9423268957471613,6.107612477714959e-07,0.6410064827686465,HIGH_FREQUENCY_NOISE
-0.0007195467593881104,1.4382355970474334,1.4382357770414163,2.663387373796259,-2.71402249875928,5.377409872555539,0.12501562695336918,1000.0,1300.5684618605378,588.0376740815708,2.1991566312556772e-05,0.2416905734937633,2.0685221503619267,HIGH_FREQUENCY_NOISE
-0.002151343575227009,0.9478632051094202,0.9478656465340863,1.9945982161267923,-2.0572798859578314,4.051878102084624,0.5001250312578145,2000.0,2174.371635136673,511.0041620562245,0.00126998910061735,0.9899973742293227,0.8984492838794815,HIGH_FREQUENCY_NOISE
-0.0016012566221893345,0.7037811547191725,0.703782976321978,1.907718853906193,-2.04487593707725,3.9525947909834427,0.6146589259796807,8396.0,5995.436953304213,3261.4814414094253,0.002366250497096144,0.6767358162007461,0.4953104777606218,HIGH_FREQUENCY_NOISE
0.0013664278121107395,1.0143225527452524,1.0143234731251225,2.3778574169795506,-2.341766837458926,4.719624254438477,0.18414368650217708,500.0,2030.8241051639234,3232.070977544238,0.0006167755153640643,0.18673309104250133,1.0288521081326112,HIGH_FREQUENCY_NOISE
-0.0005599365345245708,0.812218720449868,0.812218913457538,1.6315376655636447,-1.6919260566357868,3.323463722199431,0.15878969742435609,500.0,817.0504608371103,879.1078699835439,0.000996653013878336,0.11288563357930925,0.6596995633781436,HIGH_FREQUENCY_NOISE
0.0012737966557900043,0.7533088003139959,0.7533098772672717,1.5338497354136476,-1.5518223399172681,3.0856720753309155,0.15266690856313497,1000.0,1924.6587945881124,2663.8641772455217,0.00036047068758981955,0.11066370350487933,0.5674757711884321,HIGH_FREQUENCY_NOISE
-0.0008623812380640798,0.7793944498102172,0.7793949269121342,1.2864129625131033,-1.2642991455261297,2.550712108039233,0.12503125781445362,500.0,530.5133038091891,275.11544440613267,0.00011041468395466152,0.01188143641755035,0.607456452096371,HIGH_FREQUENCY_NOISE
0.00012560230720522062,0.7675532416637801,0.7675532519405521,2.296622107447524,-2.2422581575746983,4.538880265022222,0.4841255442670537,2000.0,5129.067180174252,2979.691197507789,0.0017651281956707135,0.9869961222235041,0.5891379945645167,HIGH_FREQUENCY_NOISE
-0.0018742746092198174,1.6246483436919317,1.6246494248194738,3.597970416470596,-3.7451378025768607,7.343108219047457,0.7463731865932967,1500.0,1340.9922152873294,276.22931445433613,0.0014679212915541296,1.5564571300539752e-05,2.639485753566247,HIGH_FREQUENCY_NOISE
0.0002394117236191984,0.8659594512918141,0.8659594843868811,2.292170457269238,-2.1061462160722417,4.39831667334148,0.2890361295161895,500.0,2052.7395853445155,1969.76027728573,0.001713540041552154,0.38970224809635284,0.749885828599593,HIGH_FREQUENCY_NOISE
-0.003541692165486407,1.1604977660478795,1.160503170433202,2.5297255108040595,-2.5622474973232796,5.091973008127339,0.13056528264132067,100.0,232.57402842031823,359.26045550954103,0.8759354464539615,4.321959006233332e-06,1.3467676085855138,HIGH_FREQUENCY_NOISE
0.0013513494801919786,0.649824731959715,0.6498261370643175,1.7642025034986082,-1.625673867036332,3.38987637053494,0.7413706853426714,1500.0,1404.9786570017561,301.35720236052396,0.003613502373467135,5.698433445844364e-06,0.4222740084119331,HIGH_FREQUENCY_NOISE
-0.000504470295641017,0.8461294261824924,0.8461295765674386,2.1697716330679033,-2.0481904352359885,4.217962068303892,0.21715214401800226,200.0,1071.8358178415301,1769.044062734678,0.6252078307892732,0.17691340577501177,0.715935260342193,HIGH_FREQUENCY_NOISE
0.0009459811294513982,0.6937020376885505,0.6937026826916158,1.6113089751704572,-1.6600257590236582,3.2713347341941157,0.19852481560195023,200.0,1030.3251167999363,1981.8656766003514,0.6565078351029667,0.13307879292694594,0.48122341197354457,HIGH_FREQUENCY_NOISE
0.0006656342292714133,0.6066662825850617,0.6066666477518813,1.4189140186442417,-1.3821500224486047,2.8010640410928467,0.2676338169084542,500.0,689.783500705664,347.34368542212826,0.004789408847251542,6.2607824625175206e-06,0.36804442149450517,HIGH_FREQUENCY_NOISE
0.004785410961263958,0.7835846417714983,0.7835992540694736,2.0717487932268166,-2.0394422999552955,4.1111910931821125,0.35104388048506063,100.0,2716.89757303842,3255.362238899173,0.5913848725943922,0.3953365934941587,0.6140277909782355,HIGH_FREQUENCY_NOISE
0.00014106095421594645,1.3307834867777653,1.3307834942538848,2.131195865626321,-2.167379221474205,4.2985750871005255,0.18133164005805516,2000.0,2040.0487487075354,438.0712076206873,3.184442120993007e-05,0.9997476123083503,1.7709847085785793,HIGH_FREQUENCY_NOISE
-0.003488802686416548,1.495830791260295,1.4958348598112643,3.420843545741951,-3.4552701065613425,6.876113652303293,0.17408704352176088,100.0,271.15645981247826,355.16779029387453,0.8133654395041094,1.5672900641540631e-07,2.237521927826585,HIGH_FREQUENCY_NOISE
0.0007345419047823895,0.6617810889537529,0.6617814966049028,1.3895035896752739,-1.3994544524921189,2.7889580421673927,0.14464308038504814,200.0,978.185813325489,1969.1692524637037,0.8598155346824683,0.13563893817001285,0.43795474924862493,HIGH_FREQUENCY_NOISE
-6.365166307313608e-05,1.3625016599768056,1.3625016614636054,2.710059040645872,-2.8265203294139063,5.536579370059778,0.49974987493746875,1000.0,1045.5690261740174,174.29066462406422,0.0019933234781218737,1.3550338367397038e-05,1.856410777491085,HIGH_FREQUENCY_NOISE
-0.0024716267039432646,0.6182438800800987,0.6182488206176047,1.6268382728672768,-1.4161738998919449,3.0430121727592216,0.5747873936968484,1194.0,1119.3899268590724,215.26631170336222,0.014044718593368491,1.607999095881941e-05,0.3822316041950591,HIGH_FREQUENCY_NOISE
0.0020486144396301763,0.8678417429503406,0.8678441609115124,1.9447379758388976,-1.9243775488543096,3.869115524693207,0.1932983245811453,500.0,894.1141456186475,835.8845570003704,0.0019697847906975795,0.17818036938829052,0.7531534876282071,HIGH_FREQUENCY_NOISE
-0.0007488235591693745,1.3871167049556477,1.3871169070787566,2.3339102700394583,-2.2944606640893515,4.62837093412881,0.04553701015965167,100.0,223.72014210771425,1048.5287004321513,0.9856933445743278,0.013959445889589077,1.9240933139037357,HIGH_FREQUENCY_NOISE
-0.0009544122589933654,1.5987578090035484,1.5987580938818065,3.764156789768218,-3.7639230295153245,7.528079819283542,0.2376632801161103,2000.0,3056.693638460049,1739.9871889656931,0.0004077214698504632,0.9968045913157835,2.556027442752587,HIGH_FREQUENCY_NOISE
-0.00118783247076826,0.4758517430296125,0.4758532255751756,1.0814041789863935,-1.0742935523433816,2.1556977313297754,0.7488744372186094,1500.0,1398.3076537892393,224.14262886104578,0.003852395993678808,1.17365237987561e-05,0.226436292290299,HIGH_FREQUENCY_NOISE
-0.0017586066249035358,0.6183209511716652,0.6183234520500528,1.7151169799760448,-1.67742778633763,3.3925447663136747,0.504563070383798,5612.0,3436.3472289988367,2523.827296484776,0.0026551197043065155,0.5798175710307459,0.382323891355094,HIGH_FREQUENCY_NOISE
-0.0029171408912780058,1.2443871742073958,1.2443905934403583,2.623669779309113,-2.6933317876942118,5.317001567003325,0.13389173646705838,100.0,785.6005969250336,1842.9307947721438,0.8740826299522957,0.12184123862143464,1.548507949042847,HIGH_FREQUENCY_NOISE
0.0004885256181971549,0.8792813548564737,0.8792814905680182,1.8109240008747676,-1.7981611527073058,3.6090851535820736,0.09852463115778945,200.0,396.67199524594156,610.2054980647683,0.9017731152677709,0.09168704694510778,0.7731359396555159,HIGH_FREQUENCY_NOISE
-0.00043061709871207194,0.6452584853848613,0.6452586290722899,1.0782805193398775,-1.0781170067182495,2.156397526058127,0.37484371092773194,1500.0,1515.3297793522156,136.89889912070277,0.000127825213678078,0.014258494321936478,0.41635869839225104,HIGH_FREQUENCY_NOISE
0.0008947739644509532,0.6533566918051468,0.653357304502684,1.4208368072998883,-1.5090958088894064,2.9299326161892947,0.1479499274310595,500.0,1504.3917982519208,2254.7271324009102,0.0006917442443916918,0.16911602884539448,0.42687576734701305,HIGH_FREQUENCY_NOISE
-0.00017420085437183118,1.4097645783506554,1.409764589113423,2.69445028756475,-2.6503158412494434,5.344766128814193,0.09838729841230154,500.0,822.357685629346,1329.8402222518148,0.00026282840399774005,0.05605857320509623,1.9874361967181384,HIGH_FREQUENCY_NOISE
0.0002396618612249374,0.6880167025779348,0.6880167443195129,1.9030813830953819,-1.7440156694105702,3.647097052505952,0.3584905660377358,2000.0,4004.2183049745304,2432.634008726691,0.0014642159687910648,0.9872124677740846,0.473367040464022,HIGH_FREQUENCY_NOISE
-0.0038749845095341086,0.8248066323090519,0.8248157346983318,1.997705462290441,-2.055564220483365,4.053269682773806,0.33016508254127064,500.0,754.8267712038803,361.2560768936731,0.0033965788315892774,1.2563164179750612e-05,0.6803209962059489,HIGH_FREQUENCY_NOISE
0.002643814582703003,1.4192960137226938,1.4192984761228613,3.3412373230492802,-3.3834372176911383,6.724674540740418,0.2458114528632158,100.0,694.1341894113531,1259.233772777943,0.7854082229201396,0.16302660905130426,2.014408164324676,HIGH_FREQUENCY_NOISE
0.00047132209628232113,1.5390195175210009,1.5390195896917924,2.987282577050489,-3.096561021873314,6.083843598923803,0.04816763425253991,200.0,385.9347649084759,998.6523422490015,0.7489443957057343,0.016791740953340285,2.3685812974550933,HIGH_FREQUENCY_NOISE
0.0007035684387340373,1.2950003584970116,1.2950005496199362,2.0784157899135005,-2.0535748998162897,4.13199068972979,0.09062046444121916,1000.0,1066.2411313069952,757.8861407087041,2.8492834088110606e-05,0.007806994775589512,1.677026423515937,HIGH_FREQUENCY_NOISE
-0.003847780155076961,1.167671726724878,1.1676780664227535,2.8656274167150744,-2.8428959565433445,5.708523373258419,0.4113528382095524,1500.0,1989.3007211168235,703.962086646765,0.00164047802870891,0.35115738515595163,1.3634720668047802,HIGH_FREQUENCY_NOISE
-0.00013485948304271212,0.5835336208738385,0.5835336364574135,1.1590441564405687,-1.1585666381234927,2.3176107945640614,0.5002501250625313,1000.0,1059.5851548432047,212.65863025504888,0.0016541239461746347,2.084653704170187e-05,0.3405115048772129,HIGH_FREQUENCY_NOISE
0.0014773910635019851,0.99632485266004,0.9963259480272532,2.487666217042438,-2.462430300106262,4.9500965171487,0.32819303338171263,2000.0,4257.606956062471,3191.108780172331,0.001309801196342299,0.9899688261724209,0.9926653947124048,HIGH_FREQUENCY_NOISE
0.0014449135115141758,0.8451002771450404,0.8451015123674077,1.9917189773648132,-2.0490304338434395,4.040749411208253,0.2738184546136534,500.0,1041.3968205126719,911.3502158429726,0.001521796849226241,0.1686535356052516,0.7141965662056798,HIGH_FREQUENCY_NOISE
-0.00012973056426533215,0.9873160781789923,0.9873160867021085,1.9145893084533685,-1.9937172207781293,3.908306529231498,0.1045899854862119,100.0,660.6964134720738,2108.9483544378863,0.9313499328823902,0.06698406701134955,0.9747930550607653,HIGH_FREQUENCY_NOISE
-0.00019675235115654076,1.456956014852114,1.456956028137171,2.6864745228760767,-2.6827641894158436,5.369238712291921,0.37509377344336087,1500.0,1886.0335455400557,692.226306344544,4.407912479162249e-05,0.24119984937281153,2.1227208679252407,HIGH_FREQUENCY_NOISE
9.220170826401083e-05,1.2081987442985416,1.2081987478166527,2.8872358724241503,-3.0192124998113834,5.906448372235534,0.19158200290275762,1000.0,1980.799719700683,1943.2376492344858,0.0004440045306993683,0.3326615482822522,1.4597442142257275,HIGH_FREQUENCY_NOISE
0.0017313675798460784,0.6566287613737963,0.6566310439637945,1.8642681414126319,-1.852781982897063,3.717050124309695,0.4760595074384298,2000.0,3993.1807338321214,2095.6354110791785,0.001965015524777154,0.9841475784402888,0.4311643278969825,HIGH_FREQUENCY_NOISE
-9.515462802692456e-05,1.1724865900270407,1.1724865938882374,3.042760318781352,-3.0219631207034796,6.0647234394848315,0.3472423802612482,2000.0,3846.600859261023,2624.7313005395076,0.0007711375256767839,0.9937529739432485,1.3747248128476406,HIGH_FREQUENCY_NOISE
-0.0008887642947178519,1.2098720385551938,1.2098723649954453,2.0870407894924066,-2.047210422818112,4.134251212310518,0.06422351233671988,500.0,667.782963998332,1150.747867464369,7.392250239501849e-05,0.021217797688170434,1.4637911395796719,HIGH_FREQUENCY_NOISE
-0.00028224276287578445,0.6823254671236342,0.6823255254982499,1.7163165724547653,-1.6399510524765817,3.356267624931347,0.2745686421605401,100.0,1010.7293483171715,1342.8487085862012,0.6734604053267427,0.30338234598021524,0.4655681227464628,HIGH_FREQUENCY_NOISE
-0.0007283097090395838,0.9998701867299884,0.9998704519819026,2.4085129460488144,-2.34396090988238,4.7524738559311945,0.25203150393799223,2000.0,2798.5073971707116,1802.9313601568488,0.0008040944731407506,0.9933754766004362,0.9997409207464941,HIGH_FREQUENCY_NOISE
0.00029895150799337424,1.5779075577604225,1.5779075860802068,3.7271386579525263,-3.6317443060341965,7.358882963986723,0.27803475434429303,2000.0,2789.395608962237,1253.8275021213374,0.0005111993204311627,0.9960418042577135,2.4897923502094654,HIGH_FREQUENCY_NOISE
-0.0011121840158286212,0.7405343931145844,0.7405352282902353,1.776146789115107,-1.7137253104903787,3.4898720996054857,0.22780695173793447,500.0,996.0215270229304,787.5302242767941,0.002657769977981584,0.2829469957997943,0.5483924243388709,HIGH_FREQUENCY_NOISE
0.0005379022547753247,1.1425328610130105,1.1425329876346726,2.7454449340194107,-2.692679754671466,5.438124688690877,0.19964995624453058,500.0,1374.8597468605276,1929.265575413832,0.0006145412592798124,0.12939843509335436,1.3053816278334112,HIGH_FREQUENCY_NOISE
-0.0012093757069982231,1.505139910312258,1.505140396177178,2.964167673795444,-3.0342341998267837,5.998401873622228,0.12503125781445362,500.0,676.0169066846956,389.0857788526363,0.00013785751919832164,0.013937514274740877,2.2654476122043925,HIGH_FREQUENCY_NOISE
-0.0004678041016898122,0.8200130829067253,0.820013216344023,2.1915429816657754,-2.0926401784748636,4.284183160140639,0.3599419448476052,200.0,2875.1697833924786,3785.0419713702936,0.5075743899568197,0.329077197604414,0.6724216749788695,HIGH_FREQUENCY_NOISE
-0.002263474418963327,0.8725606355840064,0.8725635713730034,2.0704723356151735,-2.2389813091231026,4.3094536447382765,0.3940985246311578,1500.0,1923.8637754093704,666.3844827309318,0.0014876068377726506,0.3357936654011109,0.7613671860872104,HIGH_FREQUENCY_NOISE
0.0011647148797573168,1.2729590711010772,1.2729596039385023,2.593916928722687,-2.622012694183702,5.215929622906389,0.12801600200025004,500.0,1030.0875406041548,1645.2404949772872,0.00041564077410101153,0.09495859367409548,1.6204261532592683,HIGH_FREQUENCY_NOISE
-0.0017698259642588963,0.5253819362542718,0.5253849172047399,1.1483899695237234,-1.1617901300334057,2.310180099557129,0.2576288144072036,100.0,517.5903050809766,678.8637419716006,0.7174245384452927,2.588075527199874e-07,0.27602931122623137,HIGH_FREQUENCY_NOISE
0.0011877940530360229,0.622249138562356,0.622250272234819,1.358601888069063,-1.4246958608912839,2.7832977489603468,0.49974987493746875,1000.0,1023.1533832086993,113.14791193763836,0.003512603269070542,2.7406023499480055e-07,0.38719540129630636,HIGH_FREQUENCY_NOISE
0.0006197644867498364,0.7814799808953513,0.7814802266521,1.9673268980826597,-1.979272067425426,3.9465989655080858,0.5123780945236309,2000.0,2134.2596083484023,345.2151584182568,0.004188605464425317,0.9684211442530528,0.6107113446482176,HIGH_FREQUENCY_NOISE
-0.00011320711994346282,1.5232328979707168,1.52323290217751,2.893271265441283,-2.926309901926873,5.819581167368156,0.1873984248031004,1500.0,1950.3103459764247,855.9769334070525,3.669711936688998e-05,0.24409507021702567,2.3202384742761195,HIGH_FREQUENCY_NOISE
-0.0013061865482482044,1.503322086910712,1.5033226543616234,3.032701822276013,-3.0360288860464975,6.06873070832251,0.18232946298984035,2000.0,2698.2245075607034,1358.057543488266,8.814529363893629e-05,0.9993412877603477,2.259979003116877,HIGH_FREQUENCY_NOISE
0.0004607838933243805,0.5788383550641089,0.578838538467438,1.4375554273122972,-1.5537659104710808,2.9913213377833783,0.334089259796807,1500.0,4063.235734502855,3473.4819540476637,0.0012057454333801725,0.36515585791900973,0.3350540536151198,HIGH_FREQUENCY_NOISE
0.0020797695657492534,0.999538255053835,0.9995404187713031,2.3379980191869367,-2.337152733835168,4.675150753022105,0.24515564445555693,1000.0,2051.3944448929246,2019.8359016294032,0.0007346775491255543,0.3412109882623204,0.9990810487575119,HIGH_FREQUENCY_NOISE
-0.0020409673498006614,0.8300388397646659,0.8300413490095512,2.330248147619801,-2.1745130421500862,4.504761189769887,0.47461865466366593,2370.0,1813.4903507299969,722.3636055647446,0.004626681567161069,0.5906966360548375,0.6889686410655956,HIGH_FREQUENCY_NOISE
0.00014559380912160466,1.427083903098991,1.4270839105258695,3.2879339054723644,-3.3396740020186413,6.627607907491006,0.1353410740203193,200.0,857.8327459189213,1771.371048475986,0.6802274425447581,0.10583240358571154,2.0365684876818078,HIGH_FREQUENCY_NOISE
0.0019109047191042837,1.0389212590770058,1.0389230164545382,2.541422226070907,-2.540037316076311,5.081459542147218,0.2353955007256894,100.0,1619.7819739275146,3301.2219056716094,0.7844201262668101,0.17219431917340414,1.0793610341189968,HIGH_FREQUENCY_NOISE
0.001724523810324218,0.8139406901343356,0.8139425170358965,1.6883847852505587,-1.7231473712196463,3.411532156470205,0.12826603325415678,100.0,764.111115059072,1823.2192040165492,0.878586281707786,0.11738152320963526,0.6625024210387307,HIGH_FREQUENCY_NOISE
0.0005409362123693593,0.5257609781640722,0.5257612564387261,1.1839266386721046,-1.1399145579567551,2.3238411966288597,0.5001250312578145,2000.0,2009.2534393405515,165.93482434038057,0.0012923923796719747,0.9904665712035982,0.27642489877202786,HIGH_FREQUENCY_NOISE
-0.003067956048246942,0.739128980141566,0.7391353473075316,1.9724675035402384,-2.028106348724588,4.000573852264827,0.44448476052249636,200.0,3846.484909564086,4114.201672237112,0.4193721873530397,0.4395298921259356,0.5463210616394254,HIGH_FREQUENCY_NOISE
-0.0005978984152978258,0.8979986273727429,0.8979988264167418,1.6236518018890838,-1.6148043593127557,3.2384561612018397,0.13606676342525398,1500.0,1649.5911477480877,817.2401233108936,0.00011305764683204574,0.03420684672446455,0.8064018922458456,HIGH_FREQUENCY_NOISE
0.0007443433735967844,0.5734368283590305,0.5734373114521953,1.5867899900952507,-1.564290745064534,3.151080735159785,0.46616473149492016,200.0,4391.165434652071,4644.816384562339,0.40886534905674177,0.45153597483483043,0.3288303501655221,HIGH_FREQUENCY_NOISE
0.004504495398764371,0.7842366908769612,0.7842496272211061,2.2199749637644515,-2.028407583234788,4.24838254699924,0.4056014003500875,100.0,1279.6755227014523,1298.4841444832432,0.5200681813121975,0.42460586437419073,0.615047477796444,HIGH_FREQUENCY_NOISE
-8.292166817000134e-05,0.5974693796112777,0.5974693853655499,1.482085618210034,-1.5204125991863353,3.0024982173963695,0.2984123015376922,2000.0,2761.383849057061,1220.7876916836587,0.001865113404860503,0.9869782158333662,0.356969666449088,HIGH_FREQUENCY_NOISE
0.0009557809627788321,1.135561339516353,1.1355617417478554,2.8742046732881423,-2.7433652205222225,5.617569893810365,0.1784288824383164,200.0,1613.08391826428,2572.6979183476024,0.7581626406504596,0.23584734013913655,1.289500469321423,HIGH_FREQUENCY_NOISE
-0.0022573788783781233,0.9583379994233543,0.9583406580638002,2.264188435014817,-2.2916188056332225,4.55580724064804,0.26990873859232406,2000.0,2749.7562420142685,1224.7302903895443,0.0004435495226771001,0.9967897047332309,0.9184168168981576,HIGH_FREQUENCY_NOISE
0.0008340970611123079,0.7807827753184723,0.7807832208442516,1.5363542996937225,-1.5212618444211745,3.0576161441148972,0.24981245311327832,1000.0,1300.2418223771724,560.6799943003401,0.00011885719404446435,0.24706536221531228,0.6096224379519233,HIGH_FREQUENCY_NOISE
0.0007237915539772237,0.6131994565836487,0.6131998837481101,1.2410958515932102,-1.2794687962758888,2.520564647869099,0.08002000500125031,200.0,341.26423190211483,495.4975819095364,0.7391578645846419,0.028614519997502245,0.3760140974286957,HIGH_FREQUENCY_NOISE
0.00010110764534383598,1.2844151530916346,1.284415157071172,2.1325166154141932,-2.1688156957187936,4.301332311132986,0.03950987746936734,100.0,131.62135149948858,262.84216180880367,0.9851732926284541,0.013802642238123145,1.649722295714163,HIGH_FREQUENCY_NOISE
0.0006750185433505118,0.7496402887451696,0.7496405926575582,1.306906708227542,-1.3215049023930727,2.628411610620615,0.5001250312578145,2000.0,2019.2513553760916,146.75067708043932,0.0002610292256747135,0.9978814405600728,0.5619610181599751,HIGH_FREQUENCY_NOISE
-0.0008556684442665026,0.7252940395697155,0.7252945443086157,1.7049716077929395,-1.7774951804158903,3.48246678820883,0.18952369046130765,500.0,1475.1330240261702,1661.2400213341994,0.0012923702368601215,0.2619219905961725,0.5260521760038426,HIGH_FREQUENCY_NOISE
-0.0010236751984718572,1.31369574733464,1.3136961461753742,3.2007030435615875,-3.1696830862680008,6.370386129829589,0.25072568940493467,1500.0,2649.176596851945,1756.725671271481,0.0007192511275933152,0.37626071540593387,1.7257975644760304,HIGH_FREQUENCY_NOISE
0.0008613134424610638,1.5934081211329185,1.5934083539234958,3.135093365250335,-3.091992508614892,6.227085873865227,0.06938367295911989,500.0,702.8197020224737,552.334813566478,9.885706631608413e-05,0.015895762287585425,2.5389501823531844,HIGH_FREQUENCY_NOISE
0.0001867674486962035,0.5101228116898288,0.510122845879712,1.3888211276778513,-1.3608006583025665,2.749621785980418,0.4016690856313498,200.0,3540.979707164809,4481.504802071091,0.48377250467003313,0.3564637788720387,0.26022531788841646,HIGH_FREQUENCY_NOISE
0.004187644211008011,0.6814994858432034,0.6815123517358938,1.872616611038385,-1.8640966038176534,3.7367132148560387,0.40284833091436867,500.0,3578.085857351267,3731.8275155862325,0.0013781272408662341,0.39096228352943696,0.46445908556858856,HIGH_FREQUENCY_NOISE
-6.071659755554822e-05,1.1824408643202757,1.1824408658791299,2.2870260680020955,-2.3492241563257372,4.636250224327833,0.09170899854862119,1000.0,1357.722210644662,808.6862167561085,4.90166393739848e-05,0.24906624976095088,1.3981664013009862,HIGH_FREQUENCY_NOISE
-3.015491351310273e-05,1.1830885831453786,1.1830885835296774,2.6246347243132933,-2.5572075340236813,5.1818422583369745,0.37809452363090773,1500.0,1968.5599257771328,751.868468515592,0.0007442760458739411,0.28901151718469054,1.3996985964782584,HIGH_FREQUENCY_NOISE
0.000525389128142171,0.5975882317608179,0.5975884627172424,1.2493594431333221,-1.2460233469215598,2.495382790054882,0.14178156748911466,1000.0,1760.4273112646604,2221.046165423021,0.0003763289087504392,0.10745107966153145,0.35711197077275697,HIGH_FREQUENCY_NOISE
-0.000704842060474073,1.3936565520443522,1.3936567302813425,2.19424771763542,-2.1645502650479913,4.358797982683411,0.7503751875937968,1500.0,1497.8138441860299,35.617977669232936,8.846294682444324e-05,1.2103550088486893e-06,1.9422790818584827,HIGH_FREQUENCY_NOISE
0.0033023849007070335,1.5197505009738228,1.519754088974995,3.2729350852371097,-3.2344015112374374,6.507336596474547,0.5001250312578145,2000.0,2203.1717139073608,544.3410854208474,0.0013783285305486574,0.987803849153379,2.3096524909562173,HIGH_FREQUENCY_NOISE
-0.0014488381301023061,1.1868779035696388,1.1868787878775944,1.8810421655647844,-1.8924345096133999,3.773476675178184,0.25012506253126565,500.0,506.251414463672,79.35002698514442,0.00014949844274713162,2.2702226578059137e-08,1.4086812571137879,HIGH_FREQUENCY_NOISE
0.0041270495715912715,1.6420830224698264,1.6420882087213848,3.5890102564155435,-3.628946842853028,7.217957099268571,0.09678882438316401,100.0,625.5131152863706,2038.064585299952,0.8966454112807227,0.05710320396820382,2.6964536852218064,HIGH_FREQUENCY_NOISE
0.0002678165839686146,1.4054878057652147,1.4054878312815235,2.672293672946385,-2.6801479071420724,5.352441580088458,0.08535921625544267,100.0,529.7618966857457,1784.3789325255261,0.9430541164593105,0.05552002001581304,1.9753960438804405,HIGH_FREQUENCY_NOISE
0.0003496690178973645,1.2802962558694202,1.28029630361947,2.4777607173605327,-2.489474255535389,4.9672349728959215,0.14005805515239478,1500.0,1846.5162492701227,1275.0616112773596,0.0002505268270442091,0.07174673266332345,1.6391586250616783,HIGH_FREQUENCY_NOISE
-0.000722978834290192,1.3712398855584795,1.3712400761518118,2.2466057234383494,-2.2498571244963483,4.496462847934698,0.18133164005805516,2000.0,2041.443329583683,404.8136643430777,4.478235319715014e-05,0.9996714877810451,1.8802993464448263,HIGH_FREQUENCY_NOISE
0.0013205393507912033,0.6199053384763324,0.6199067449993049,1.47779713366468,-1.4680976011628182,2.9458947348274984,0.2868217054263566,500.0,1393.4691844677484,1369.9759145559565,0.0022435775071461455,0.29293515486609606,0.3842843724956332,HIGH_FREQUENCY_NOISE
0.0026716654255831956,1.3783027047123406,1.3783052940526275,3.1821706351146326,-3.1823520904189224,6.364522725533555,0.2028301886792453,1500.0,2465.3690176118166,1775.3195821240831,0.00036124629858852274,0.3185538385061869,1.8997254836135,HIGH_FREQUENCY_NOISE
-0.0005180438293301737,0.8166824917801782,0.8166826560847794,2.0025422136926476,-2.1045217298085452,4.107063943501193,0.3288280116110305,200.0,3110.6324979081155,3615.779641910762,0.5920906268070386,0.3982840088319871,0.6669705607496901,HIGH_FREQUENCY_NOISE
-0.00019100102385997614,1.1177473380881895,1.1177473544073475,2.4998776567799754,-2.3906367072314723,4.890514364011448,0.09896589259796806,100.0,574.7833610778347,1796.2170431341835,0.8945583263151877,0.05892529909960412,1.2493591482846247,HIGH_FREQUENCY_NOISE
0.0008554077613407692,0.7762407431543942,0.7762412144786724,1.7330979673143192,-1.7394663093046014,3.472564276618921,0.17779444861215304,500.0,788.7689817280827,550.2230428664427,0.0008117996605781975,0.08186649740564204,0.6025504230553244,HIGH_FREQUENCY_NOISE
-1.0027331963286555e-05,1.0175957898704917,1.017595789919896,2.450993941576141,-2.2603933084125525,4.711387249988693,0.19729680696661828,100.0,1854.2924154978184,3591.0819737764828,0.7991367718586798,0.19604734925232356,1.035501191662697,HIGH_FREQUENCY_NOISE
-0.002915691354505403,0.8655242891229977,0.8655292001532618,2.153707246554081,-2.1910546366974204,4.344761883251501,0.3426713356678339,200.0,594.4475257336458,525.871134713416,0.5246011665898671,4.958233688994491e-06,0.7491407963179453,HIGH_FREQUENCY_NOISE
0.002218431008274376,0.7593871196146593,0.7593903600078074,1.7910068400852488,-1.6197144382997184,3.410721278384967,0.16129032258064516,500.0,775.5790935419974,619.9101912470288,0.0015898717400088488,0.16500518890350996,0.5766737188727873,HIGH_FREQUENCY_NOISE
-0.0018333809398422237,0.7428924339504905,0.7428946962433871,1.5557884331853655,-1.6193872073724989,3.1751756405578644,0.49987496874218557,2000.0,2031.4424495793094,179.91629117011772,0.0010693357753254256,0.9914136702123587,0.5518925297065543,HIGH_FREQUENCY_NOISE
0.00010746776528880098,1.0373880704957863,1.0373880760623246,2.241324961825352,-2.2118390542661905,4.453164016091542,0.25206301575393847,1000.0,1383.9733250040053,691.5446722774221,0.0004501619976078794,0.2746599352853488,1.0761740203562913,HIGH_FREQUENCY_NOISE
0.0003651800411732673,0.5800498586889673,0.5800499736415419,1.2478137657017916,-1.2350020873763994,2.4828158530781907,0.10577644411102775,200.0,397.0469610147122,558.2765845789748,0.7128226723800126,0.05930497671298996,0.3364579719215534,HIGH_FREQUENCY_NOISE
-0.0007158100254999388,0.880489287406646,0.8804895783720872,1.5592793578901207,-1.5735065133620274,3.132785871252148,0.05600700087510939,200.0,331.8156597777111,718.2791366659904,0.9657228410134955,0.033074840816532655,0.7752618976218559,HIGH_FREQUENCY_NOISE
-0.0020203681478497266,0.8331399811265499,0.8331424308238061,1.6362606203343368,-1.6411220613164132,3.2773826816507503,0.7503751875937968,1500.0,1488.23499692961,93.38081244415626,0.0018042128042689064,4.806352123931e-06,0.6941263100390006,HIGH_FREQUENCY_NOISE
-0.0012183600647469434,0.8314625186588974,0.8314634113031342,1.8756480035491014,-1.9322716861223352,3.8079196896714365,0.2535633908477119,1000.0,1371.1732485479317,785.2657205768099,0.0020772941384691206,0.18532447619533432,0.6913314043358448,HIGH_FREQUENCY_NOISE
-0.0016222957140211132,0.5851041961515517,0.5851064451854358,1.5552355746727737,-1.605805994605845,3.161041569278619,0.47430928866108263,100.0,2995.7759185539558,2913.6530119036765,0.4649927877760623,0.4934120902682487,0.3423495521975374,HIGH_FREQUENCY_NOISE
8.868013391285357e-05,1.2946036293171606,1.2946036323544479,3.0354925531159926,-2.977799405819913,6.0132919589359055,0.2209026128266033,1500.0,2182.9155255751407,1134.8353560710195,0.0004356002793806277,0.3092066122637203,1.6759985649053302,HIGH_FREQUENCY_NOISE
-0.003143625235114626,0.6658122693539078,0.6658196906083655,1.3653740247838781,-1.3758325272686762,2.7412065520525544,0.5002501250625313,1000.0,1019.852211349486,96.91857955708022,0.001798287032185366,5.0485549153104783e-08,0.4433158604018196,HIGH_FREQUENCY_NOISE
0.00163628835340078,1.2956265958924176,1.2956276291525082,2.5550077312882893,-2.651689456076907,5.206697187365196,0.7498749374687343,1500.0,1462.3821307751593,131.80598382317376,0.002019288278706651,7.747274662413141e-06,1.6786509534233491,HIGH_FREQUENCY_NOISE
-0.004177440114960192,0.8399535379726676,0.8399639259865365,2.2394522759651005,-2.136529776438267,4.3759820524033675,0.36084021005251316,500.0,1326.5738272634433,1096.579108132191,0.002941076766947875,0.28286679834848677,0.7055393969587157,HIGH_FREQUENCY_NOISE
0.002068419583896495,1.3597736167444698,1.3597751899317443,3.042967984700558,-2.8223497479734068,5.865317732673965,0.1000250062515629,200.0,357.56320319573024,437.88368074922477,0.7198563792338196,0.052546976993296836,1.8489885671539115,HIGH_FREQUENCY_NOISE
0.0004093612311916512,1.0091920512183077,1.0091921342434418,2.088822929687515,-2.1693849950212813,4.258207924708796,0.14931059506531205,1500.0,2040.75376431967,1650.1704594405298,0.00039142899624603183,0.10070624137578546,1.018468763818833,HIGH_FREQUENCY_NOISE
0.003455421107347803,1.000155355882278,1.0001613249046553,2.367277786961925,-2.478938730186428,4.846216517148353,0.49974987493746875,1000.0,1073.375800089739,175.72809578458836,0.0062825814027819785,1.2751348242998249e-06,1.0003226758350352,HIGH_FREQUENCY_NOISE
-0.0016752994765663947,0.9312670866595856,0.9312685935452608,2.1894521716607978,-2.3149674199830743,4.504419591643872,0.23427928491061384,1500.0,2468.678599046556,1978.010334347416,0.0009891271624937318,0.20027756254372614,0.8672611933237683,HIGH_FREQUENCY_NOISE
-0.00018739706291091894,0.9553883194751951,0.9553883378539308,2.294122887221454,-2.2684588277841664,4.562581715005621,0.28864432216108055,200.0,538.7707001370035,577.3026209529392,0.6075654440094234,4.441656865825245e-06,0.9127668761072967,HIGH_FREQUENCY_NOISE
0.00638298338920455,1.1036226817327863,1.1036411400958255,2.51387296428339,-2.495207233345468,5.009080197628858,0.7398699349674838,1500.0,1412.2606899551013,191.08897935437793,0.005384326867795448,1.5151831180187666e-05,1.2180237661120137,HIGH_FREQUENCY_NOISE
0.002790806604084871,1.0520624403579568,1.0520661419385382,1.9828587167192728,-1.890515909342423,3.873374626061696,0.49974987493746875,1000.0,1026.3861689154924,147.22629118009957,0.0008092357762306366,6.756488316083783e-06,1.1068431670134404,HIGH_FREQUENCY_NOISE
0.0006730998224885223,0.8907294906349968,0.890729744956489,1.9668018385070112,-2.040064837282989,4.00686667579,0.1630815407703852,100.0,261.1570951692173,421.82222533839524,0.8628364954445031,1.0605684048292916e-05,0.7933994785502521,HIGH_FREQUENCY_NOISE
4.4369847117804894e-05,1.3278655942556727,1.3278655949969687,2.4815901582021205,-2.5033759992956024,4.984966157497723,0.027878484810601324,100.0,162.90596480732086,437.3920475920273,0.9462619889772484,0.006245919574451575,1.7632270383766537,HIGH_FREQUENCY_NOISE
0.002672005956641656,0.6608592800601921,0.6608646818052147,1.493937263744363,-1.5138409414777687,3.007778205222132,0.5002501250625313,1000.0,1015.3804525180481,100.32652535260904,0.0031401977788476135,5.068842201702031e-07,0.4367421276575077,HIGH_FREQUENCY_NOISE
-0.0006892985282545858,1.1505934516370564,1.1505936581098197,3.155829411424749,-3.0668116121497073,6.2226410235744565,0.3977997249656207,2000.0,3528.652298596578,1982.901912452596,0.0012450558683392945,0.9893945386058303,1.3238657660825366,HIGH_FREQUENCY_NOISE
0.0021464163842343765,0.8049083555827263,0.8049112174582878,1.7913119698521793,-1.7628442752338769,3.554156245086056,0.49974987493746875,1000.0,1001.479870079012,92.36128517677535,0.0030928889526027578,2.474084058943339e-06,0.647882067990183,HIGH_FREQUENCY_NOISE
0.0025448279513666,0.8786826034966119,0.8786862886359875,1.866455357837132,-1.9037534424260127,3.770208800263145,0.37509377344336087,1500.0,1699.8004878589197,503.8063650545072,0.0016723896608975108,0.1502899655938807,0.772089593836886,HIGH_FREQUENCY_NOISE
0.0008220290774370942,0.7995925006654229,0.7995929232129235,2.0346998942958905,-2.139486637407933,4.174186531703823,0.5039379922490311,1500.0,3962.4682961045514,2383.726814453344,0.002477283650225812,0.533699042832718,0.6393488428521883,HIGH_FREQUENCY_NOISE
-0.0026681435164826574,1.1485769249329159,1.1485800239766395,2.757398882026672,-2.7372715262522513,5.494670408278923,0.18214776847105887,200.0,935.950133244225,1787.1026371540981,0.6608834453880803,0.12697252226186115,1.319236071478178,HIGH_FREQUENCY_NOISE
0.002095182964333242,0.9550266160625036,0.9550289143159231,1.880161924210617,-1.9086962697517742,3.7888581939623913,0.5001250312578145,2000.0,2040.351907877079,198.64967052249008,0.0007974613698334586,0.9937263262576769,0.9120802271794507,HIGH_FREQUENCY_NOISE
-0.0013033071418646473,0.5125037346644978,0.5125053918297485,1.2623638732311968,-1.2345403671655082,2.496904240396705,0.5017508754377189,1000.0,1117.8720927606676,234.13487534336298,0.005910265371648383,2.5648300873673882e-06,0.262661776654564,HIGH_FREQUENCY_NOISE
0.005856720706250373,0.713951994215083,0.7139760158584636,1.3644011953608746,-1.3533596702325321,2.717760865593407,0.49974987493746875,1000.0,1001.0806158332156,57.12181732418861,0.0012708737932710975,4.718902825454781e-06,0.5097617512211251,HIGH_FREQUENCY_NOISE
0.002989246301424334,1.3896743772058486,1.3896775921975262,3.0828624323210034,-3.1059367886225946,6.188799220943598,0.2606303151575788,500.0,675.7642415144192,294.697597886705,0.001361921336072824,3.0576191615097814e-06,1.9312038102559141,HIGH_FREQUENCY_NOISE
0.007191313798591246,0.8549060208510956,0.8549362663272646,2.0540097021868506,-2.1753468987661737,4.229356600953024,0.5067533766883442,1000.0,1076.1239364705048,176.0045557025781,0.006160450131984933,0.00017650705193899288,0.7309160194816036,HIGH_FREQUENCY_NOISE
-0.00025890466281822865,0.6451533964349844,0.6451534483851268,1.4774061118232718,-1.454283851166955,2.9316899629902267,0.20910455227613806,200.0,477.2007730721854,500.1289170355121,0.7572488019343513,1.7568047213886236e-08,0.4162229719632205,HIGH_FREQUENCY_NOISE
-0.0005184949165560848,0.6003670848437163,0.6003673087375099,1.2913146437915493,-1.279809210805462,2.571123854597011,0.24981245311327832,1000.0,1336.5918169216097,793.3845220716884,0.0017185342750499952,0.15419986933709987,0.36044090540072043,HIGH_FREQUENCY_NOISE
0.0017224716393313283,1.032109004783072,1.0321104420859484,2.864780913026859,-2.7051579110824635,5.569938824109323,0.33572206095791,500.0,2779.9421567240447,3221.5440368388468,0.0010263421239956713,0.31243845681497084,1.0652519646628518,HIGH_FREQUENCY_NOISE
-0.0005174341272361663,1.2182539885859383,1.218254098471917,2.841172011995371,-2.6433451112942263,5.4845171232895975,0.7488744372186094,1500.0,1377.7836764878834,287.3373862017564,0.0013247091216117284,1.2091895182192276e-05,1.4841430484436233,HIGH_FREQUENCY_NOISE
0.002175898177981031,1.191080366242077,1.19108235373556,2.655607436923475,-2.675381603104467,5.3309890400279425,0.256064016004001,1000.0,1406.5413258591134,738.1819517606101,0.0005999579800780557,0.2781181713645304,1.4186771733802417,HIGH_FREQUENCY_NOISE
-0.002875114670672186,1.5892532577168976,1.5892558583966714,3.516096073198468,-3.4191747594036297,6.9352708326020975,0.12406203101550775,100.0,223.12883532406204,340.46115088436574,0.8818664098458561,3.7695143550935236e-06,2.525734183448141,HIGH_FREQUENCY_NOISE
0.0030670570157720362,1.4149127521184404,1.4149160762907875,2.614321841210228,-2.5352075093513817,5.149529350561609,0.07176794198549638,100.0,192.77230540308844,457.6482752324023,0.9591034521656024,0.038077012624029696,2.0019875029461174,HIGH_FREQUENCY_NOISE
0.0006497261069391609,0.42809588623313594,0.42809637928128763,1.0787666513889287,-1.0078827910780488,2.0866494424669773,0.503751875937969,1000.0,1188.7899573759141,330.73436052362547,0.007210663089676487,6.114388331765251e-06,0.18326650995374807,HIGH_FREQUENCY_NOISE
0.0027926390204303397,1.300408562044439,1.3004115606496214,2.8291773099254565,-3.124331813794975,5.953509123720432,0.18859429714857429,200.0,437.3277686416371,483.70563382140324,0.7990974774949849,1.0573800942346574e-06,1.691070227071184,HIGH_FREQUENCY_NOISE
0.010777960655361471,1.1282474554388893,1.1282989342989813,2.693609186329896,-2.55426625101099,5.247875437340886,0.28414207103551775,500.0,802.3310931494366,525.2463608809902,0.005742029035189225,1.6610317032466179e-06,1.273058485140217,HIGH_FREQUENCY_NOISE
-0.0004583576618788914,0.527513683126198,0.5275138822600908,0.8717854951745946,-0.9030080402463241,1.7747935354209186,0.10005002501250625,200.0,221.2364693783801,147.0650917528691,0.9787835471857569,1.9444420519061645e-07,0.27827089597711296,HIGH_FREQUENCY_NOISE
0.0002779459856822035,1.0950553531515859,1.095055388425588,1.7698426303053032,-1.7708231525895108,3.540665782894814,0.04871190130624093,500.0,572.2587789237634,796.2721301890327,3.019602743624176e-05,0.008347798158696943,1.1991463037199153,HIGH_FREQUENCY_NOISE
-3.6060043839825087e-16,1.2680124326962374,1.2680124326962374,2.296535995908834,-2.2965359959093163,4.59307199181815,0.24981245311327832,1000.0,1276.0340080553501,555.6559668943152,0.00788644691022113,0.23621751264042354,1.6078555294722303,POWER_LINE_INTERFERENCE
3.866899242231838e-18,0.8394387978991752,0.8394387978991752,1.649234296190701,-1.6492342961906845,3.2984685923813855,0.008980406386066763,100.0,112.38312378051167,57.919723458843286,0.9633441410868235,1.6146918303891177e-28,0.7046574954184124,POWER_LINE_INTERFERENCE
1.0311731312618234e-17,1.4169310547086358,1.4169310547086358,2.3551042347837754,-2.355104234783784,4.71020846956756,0.018051523947750364,200.0,189.20466761846816,38.357762452046906,1.0,4.029743418238147e-28,2.007693613797727,POWER_LINE_INTERFERENCE
-1.06403774680075e-15,1.2618892926826992,1.2618892926826992,2.1544560968574658,-2.1544560968574746,4.30891219371494,0.09954977488744372,200.0,182.81392468955423,47.249270702944436,1.0,5.791989857117764e-32,1.592364586987243,POWER_LINE_INTERFERENCE
-1.446842645691504e-15,0.6669505618427746,0.6669505618427746,1.3385730065085062,-1.3385730065087769,2.677146013017283,0.7498749374687343,1500.0,1234.9608611652575,460.0371945740331,0.09406676043681701,3.914736787376006e-30,0.44482305194239263,POWER_LINE_INTERFERENCE
2.842170943040401e-17,0.6284489758511341,0.6284489758511341,1.110704025296657,-1.1107040252966707,2.2214080505933276,0.024878109763720464,50.0,121.97962918091235,73.40731272572921,1.0,2.249101191824537e-28,0.39494811524833934,POWER_LINE_INTERFERENCE
-6.394884621840901e-17,0.9615791509638858,0.9615791509638859,1.9622461867661616,-1.962246186766281,3.9244923735324426,0.06238279784973122,500.0,562.9174904755404,324.1041252452943,0.13674241624742112,5.0779752311902784e-27,0.9246344635684276,POWER_LINE_INTERFERENCE
-5.684341886080802e-16,1.4124886960700418,1.4124886960700418,2.229311693350807,-2.229311693350804,4.4586233867016105,0.2496248124062031,500.0,490.90022359172804,62.869405957994346,0.020599701526513938,3.6465792207281396e-32,1.9951243165256467,POWER_LINE_INTERFERENCE
-2.4868995751603507e-17,0.831073344571188,0.831073344571188,1.4103978719999672,-1.410397871999964,2.8207957439999314,0.024756189047261814,100.0,96.9783125512254,13.108722223107556,1.0,5.769656551002715e-29,0.6906829040567406,POWER_LINE_INTERFERENCE
-1.829647544582258e-16,1.0639957964590079,1.0639957964590079,2.239457919122645,-2.2394579191229953,4.478915838245641,0.1248906113264158,1000.0,921.2966244667555,724.6978983381445,0.2968882339777533,0.16740756333862972,1.1320870548824387,POWER_LINE_INTERFERENCE
-2.251824325393007e-15,0.995714751391736,0.9957147513917359,1.8227958002490532,-1.822795800248962,3.6455916004980153,0.18133164005805516,2000.0,1572.8968613317809,804.4091688681906,0.21995862090638263,0.7800413790936173,0.9914478661391065,POWER_LINE_INTERFERENCE
-4.707345624410664e-16,0.9656262343782184,0.9656262343782184,1.9612435278628726,-1.9612435278632587,3.9224870557261315,0.1873984248031004,1500.0,1707.985579185212,978.7932432630313,0.11794050879905035,0.21001416457165542,0.932434024519458,POWER_LINE_INTERFERENCE
-6.155076448521867e-16,0.9634739481536261,0.9634739481536261,1.7479158497959006,-1.7479158497965768,3.495831699592477,0.24990623827978498,2000.0,2550.8073084087137,1113.0411777044712,0.00820527427402265,0.9917947257259774,0.9282820487707362,POWER_LINE_INTERFERENCE
-4.618527782440651e-17,0.6311077351892488,0.6311077351892488,1.187964568959235,-1.1879645689592286,2.3759291379184635,0.04952476238119059,100.0,79.89452552720418,28.282308459393743,1.0,1.715252794830909e-32,0.39829697341570297,POWER_LINE_INTERFERENCE
-3.588240815588506e-16,1.2938204762320613,1.2938204762320613,2.390415870062875,-2.3904158700633653,4.78083174012624,0.24981245311327832,1000.0,1267.0069746386305,563.3665720493435,0.015240700817601475,0.23446649980533288,1.673971424717358,POWER_LINE_INTERFERENCE
1.3855583347321954e-16,1.3951930487415434,1.3951930487415432,2.562388219834724,-2.5623882198346766,5.1247764396694,0.04976244061015254,200.0,252.74822188063632,112.15922609316198,0.7671657750138459,4.798359080898534e-28,1.9465636432567222,POWER_LINE_INTERFERENCE
-7.105427357601002e-18,1.0344953427076056,1.0344953427076056,1.8914073714420367,-1.8914073714420296,3.7828147428840664,0.024756189047261814,100.0,91.17830127755514,21.225224087275933,1.0,5.274266359234544e-29,1.0701806140837264,POWER_LINE_INTERFERENCE
4.2899017671516047e-16,0.6042074541580348,0.6042074541580348,1.1268146903872482,-1.126814690386525,2.2536293807737735,0.49987496874218557,2000.0,1423.2551883388746,887.401088164893,0.29702425925378034,0.7029757407462196,0.36506664766013375,POWER_LINE_INTERFERENCE
-9.929834732247401e-16,1.3160413073879733,1.3160413073879733,2.396127327933253,-2.3961273279332045,4.792254655866458,0.09954977488744372,200.0,252.04952158443245,112.57275154432477,0.7680022201789892,4.6326034796417255e-32,1.731964722751446,POWER_LINE_INTERFERENCE
-5.3290705182007515e-18,0.7167628415263736,0.7167628415263736,1.1651342565081129,-1.1651342565081162,2.330268513016229,0.04976244061015254,200.0,192.7401062684117,31.861146890781793,1.0,2.204375780332272e-28,0.5137489709929614,POWER_LINE_INTERFERENCE
1.675656338300463e-17,0.46448368937996454,0.46448368937996454,0.9688145725047955,-0.9688145725048356,1.9376291450096312,0.04526487663280116,500.0,518.7223198117041,340.97080273684116,0.2123413742487845,4.498792584709939e-27,0.21574509770002337,POWER_LINE_INTERFERENCE
-5.169198402654729e-16,1.0217919139032299,1.0217919139032299,1.9679153954552024,-1.9679153954551838,3.9358307909103862,0.04952476238119059,100.0,120.50147131937663,56.91151240284276,0.9578461610822492,3.9864621532057565e-35,1.0440587153180254,POWER_LINE_INTERFERENCE
-1.0444978215673472e-15,1.413473889148724,1.413473889148724,2.231033004919577,-2.2310330049195732,4.46206600983915,0.24990623827978498,2000.0,1960.0221466387868,275.7609273824357,0.020588641702680027,0.97941135829732,1.997908435305219,POWER_LINE_INTERFERENCE
-3.73800260082411e-17,0.5038809330669304,0.5038809330669304,0.8987294894483576,-0.898729489448348,1.7974589788967057,0.09062046444121916,1000.0,859.304919472847,335.8819577311712,0.14939857552323127,1.0296569820845915e-26,0.2538959947084004,POWER_LINE_INTERFERENCE
-3.97015753605956e-16,0.690625911231768,0.690625911231768,1.4283356767520143,-1.428335676752457,2.8566713535044714,0.24990623827978498,2000.0,2153.0641536491353,1369.1195630107582,0.16646869743459625,0.8335313025654036,0.4769641492647099,POWER_LINE_INTERFERENCE
2.4069635173873395e-16,0.4413086690616395,0.44130866906163957,0.8180516850765867,-0.8180516850761952,1.6361033701527818,0.29982495623905975,50.0,799.4014410939968,943.5493988683501,0.6183096759780502,0.3816903240219498,0.1947533413889557,POWER_LINE_INTERFERENCE
-4.494182803682634e-16,0.7702729503674748,0.7702729503674748,1.4511180765344274,-1.4511180765344192,2.9022361530688467,0.24990623827978498,2000.0,1216.4480113308555,952.789925746677,0.40353019969259035,0.5964698003074096,0.5933204180678142,POWER_LINE_INTERFERENCE
-4.662936703425658e-16,0.5792697560395178,0.5792697560395178,1.0111024728842406,-1.0111024728842455,2.022204945768486,0.09954977488744372,200.0,174.51917618684192,55.66538599603616,1.0,4.635554477653583e-32,0.3355534502620825,POWER_LINE_INTERFERENCE
-6.004086117172847e-16,1.2422629918213606,1.2422629918213606,2.4124892771678215,-2.412489277167985,4.824978554335806,0.2496248124062031,500.0,612.7478850701676,296.15910909247805,0.05150401006941333,4.443827354105147e-31,1.543217340848958,POWER_LINE_INTERFERENCE
-1.1987387650918696e-16,1.3223233914956236,1.3223233914956236,2.561599294404464,-2.5615992944044303,5.1231985888088944,0.018051523947750364,200.0,237.96835815022587,119.738913127252,0.7848594064978076,7.41830192115184e-28,1.7485391516964885,POWER_LINE_INTERFERENCE
-1.7014356665820086e-15,1.4855006519881255,1.4855006519881255,2.7153701743353387,-2.7153701743356673,5.430740348671006,0.09062046444121916,1000.0,1272.77269933059,558.4707919764711,0.010543409760035576,0.23558490243808752,2.206712187057146,POWER_LINE_INTERFERENCE
-9.450218385609333e-16,1.2147829284291174,1.2147829284291174,2.185225304692178,-2.1852253046927004,4.3704506093848785,0.37484371092773194,1500.0,1870.1535676796602,700.4897588468168,0.00592463923427168,0.2366846097061281,1.4756975632028224,POWER_LINE_INTERFERENCE
-2.0961010704922954e-16,0.45169159524982816,0.4516915952498282,0.918753005334552,-0.9187530053346082,1.83750601066916,0.2496248124062031,500.0,567.9587212851685,321.7385713873639,0.12811903521895796,4.7961336352910106e-31,0.20402529721933463,POWER_LINE_INTERFERENCE
1.1600697726695514e-17,0.6949786273677887,0.6949786273677887,1.3557985282041591,-1.3557985282041365,2.7115970564082956,0.008980406386066763,100.0,117.6037061199385,57.405336969154895,0.9598086115745679,1.7272267479253356e-28,0.48299529249801576,POWER_LINE_INTERFERENCE
-9.023892744153272e-16,1.6108176726915913,1.6108176726915913,2.8684506432880004,-2.86845064328795,5.73690128657595,0.04952476238119059,100.0,128.02003595737457,54.901114476806306,0.9527543714237107,3.396378510569293e-33,2.5947335746555544,POWER_LINE_INTERFERENCE
1.589839371263224e-16,1.476392478299759,1.476392478299759,2.7953635135480743,-2.7953635135480264,5.590727027096101,0.04976244061015254,200.0,246.1420194370273,115.84187686324783,0.7750743534471612,4.651942625067937e-28,2.1797347499801045,POWER_LINE_INTERFERENCE
0.0,1.2002167297735018,1.2002167297735018,2.0716728033745144,-2.0716728033745238,4.143345606749039,0.04976244061015254,200.0,179.21712309551194,51.23446995986186,1.0,2.007285366135756e-28,1.440520198428199,POWER_LINE_INTERFERENCE
-5.968558980384842e-16,1.1646545657747556,1.1646545657747556,1.992743137260651,-1.9927431372606537,3.9854862745213047,0.1873984248031004,1500.0,1382.3161263252032,394.81926719556645,0.08162610391697649,2.3028484311698365e-26,1.3564202575799842,POWER_LINE_INTERFERENCE
-1.6697754290362354e-16,1.1171186908681379,1.1171186908681379,2.067022126421821,-2.0670221264212865,4.134044252843108,0.49974987493746875,1000.0,754.467004743479,413.69077460581155,0.26072183617107436,4.429578782417766e-26,1.247954169486942,POWER_LINE_INTERFERENCE
1.2949641359227826e-15,1.119005418886701,1.119005418886701,2.0424173673864794,-2.042417367386471,4.084834734772951,0.49987496874218557,2000.0,1602.0051882679165,783.9381879868953,0.2049677981516517,0.7950322018483482,1.252173127497801,POWER_LINE_INTERFERENCE
-2.984279490192421e-16,0.6987131836974323,0.6987131836974323,1.148120993027657,-1.1481209930276548,2.296241986055312,0.2496248124062031,500.0,480.7099791430353,90.45555860665667,0.043667959987729,1.706677461083041e-32,0.48820011307260175,POWER_LINE_INTERFERENCE
-2.7533531010703882e-17,1.1618636822195558,1.1618636822195558,1.9427759422917006,-1.9427759422916964,3.885551884583397,0.024756189047261814,100.0,97.58667103474411,11.777537103979594,1.0,5.836353670559293e-29,1.3499272160607851,POWER_LINE_INTERFERENCE
8.881784197001253e-18,1.6369891030268418,1.6369891030268418,3.1497975134318184,-3.149797513431762,6.29959502686358,0.012376547068383549,100.0,121.61657161654945,56.68087686753798,0.9570909828754032,1.9774055119774304e-28,2.679733323428624,POWER_LINE_INTERFERENCE
4.5113824492704774e-17,1.2539984622331077,1.2539984622331077,2.1898002974777544,-2.1898002974777517,4.379600594955506,0.04526487663280116,500.0,451.65046965076573,138.214710626006,0.10945168864104947,2.738392287813303e-27,1.5725121432829992,POWER_LINE_INTERFERENCE
-7.733798484463675e-17,0.7889543523875433,0.7889543523875433,1.479127762995115,-1.4791277629950934,2.958255525990208,0.018051523947750364,200.0,249.46956532985075,114.049634714743,0.7710908004288443,7.870460171065455e-28,0.6224489701512478,POWER_LINE_INTERFERENCE
-5.1514348342607266e-17,0.8373103244767381,0.8373103244767381,1.681758718262246,-1.6817587182623526,3.3635174365245986,0.06238279784973122,500.0,584.3270660998809,313.3763591476574,0.10011982640015761,5.2920053901194526e-27,0.7010885794753405,POWER_LINE_INTERFERENCE
-1.2760767499365065e-16,1.4376853238935627,1.437685323893563,2.830679090901018,-2.8306790909009845,5.661358181802003,0.018051523947750364,200.0,224.7664959066582,124.65169786049148,0.800663942297356,6.90363285179807e-28,2.066939090538939,POWER_LINE_INTERFERENCE
4.263256414560601e-17,0.902559538836322,0.902559538836322,1.6185758014623048,-1.6185758014623084,3.2371516029246132,0.1248906113264158,1000.0,849.0454994070466,345.67980069945634,0.16029265041044252,1.0174434223699069e-26,0.8146137211444342,POWER_LINE_INTERFERENCE
3.2224160351931983e-18,0.7965630713495157,0.7965630713495157,1.3642818731970667,-1.3642818731970694,2.728563746394136,0.018051523947750364,200.0,181.974058763811,48.23332754966406,1.0,3.8333030010573757e-28,0.6345127266377736,POWER_LINE_INTERFERENCE
-2.547295707699959e-15,1.1945126038385245,1.1945126038385243,2.442084516185177,-2.44208451618565,4.884169032370828,0.6998499249624812,1500.0,1183.2387606972225,510.44250086909983,0.1338871152696818,3.991421962799287e-30,1.4268603607290915,POWER_LINE_INTERFERENCE
-1.709743457922741e-16,0.9010602278381588,0.9010602278381588,1.731961917461304,-1.7319619174616425,3.463923834922946,0.1248906113264158,1000.0,1235.7397521583287,588.2246711752119,0.04071386375868272,0.22840146100983677,0.8119095341917546,POWER_LINE_INTERFERENCE
1.091571277811454e-15,0.8733296011242034,0.8733296011242034,1.4460486218271693,-1.446048621827166,2.8920972436543355,0.49987496874218557,2000.0,1904.1249434788504,420.72569161180854,0.04937576735556486,0.9506242326444351,0.7627045921997603,POWER_LINE_INTERFERENCE
-1.5987211554602253e-17,1.3719315430570327,1.3719315430570327,2.681310752372238,-2.681310752372191,5.362621504744429,0.024756189047261814,100.0,115.98026411389783,57.61648798278307,0.9609080535047229,1.021257771576048e-28,1.8821961588348508,POWER_LINE_INTERFERENCE
-6.217248937900877e-17,1.0383605125478554,1.0383605125478554,2.146961341711401,-2.146961341711526,4.293922683422927,0.06238279784973122,500.0,537.074865004569,334.7792242987967,0.18094805067035857,4.819679154811615e-27,1.0781925540186452,POWER_LINE_INTERFERENCE
7.15871806278301e-16,1.0123878045864745,1.0123878045864745,1.8925363680548921,-1.892536368053694,3.785072736108586,0.49987496874218557,2000.0,1392.5620272210197,900.4135642539007,0.31283127348409556,0.6871687265159045,1.0249290668754218,POWER_LINE_INTERFERENCE
2.2750257208463977e-16,1.2871393535342688,1.2871393535342688,2.1158208203149504,-2.115820820314909,4.23164164062986,0.13597605224963716,1500.0,1428.0219418770125,314.055484690141,0.04992432921034443,2.030029429209177e-26,1.6567277154166156,POWER_LINE_INTERFERENCE
8.881784197001253e-18,1.107361623566212,1.107361623566212,2.131529561224699,-2.1315295612246605,4.263059122449359,0.012376547068383549,100.0,121.5333743230872,56.698873990138104,0.9571473264913546,1.976383476272693e-28,1.2262497653471969,POWER_LINE_INTERFERENCE
-3.0944136142352363e-15,1.3532851845623255,1.3532851845623255,2.4625658897667644,-2.4625658897673453,4.92513177953411,0.7498749374687343,1500.0,1345.168591863315,299.260571971273,0.009218873324544208,4.4987483818746075e-30,1.8313807907558877,POWER_LINE_INTERFERENCE
-1.43075271962578e-16,1.4292724762918139,1.4292724762918139,2.6356936369335595,-2.63569363693352,5.271387273867079,0.018051523947750364,200.0,252.54027946457163,112.28291032881776,0.7674147121181955,7.9894383616831e-28,2.0428198114853333,POWER_LINE_INTERFERENCE
-3.3173463975799677e-16,0.6506650192179554,0.6506650192179554,1.1103640743677636,-1.1103640743677652,2.220728148735529,0.1873984248031004,1500.0,1386.7609654860917,387.9407393883857,0.0785431419791028,2.3106220490207122e-26,0.4233649672339022,POWER_LINE_INTERFERENCE
-8.091305403468141e-16,0.8900999648512006,0.8900999648512006,1.3844428231577823,-1.3844428231577848,2.7688856463155673,0.09954977488744372,200.0,197.14768236936783,20.283101525026666,1.0,7.731935587390374e-32,0.7922779474281084,POWER_LINE_INTERFERENCE
7.638334409421077e-16,1.0738152467028947,1.0738152467028947,2.0019284617634505,-2.0019284617621635,4.003856923525614,0.49987496874218557,2000.0,1427.316334731645,885.5853438217465,0.2949327640644965,0.7050672359355036,1.1530791840515988,POWER_LINE_INTERFERENCE
-8.579803534303209e-16,1.4546750508710593,1.4546750508710593,2.9747594825480013,-2.9747594825489525,5.949518965096954,0.24990623827978498,2000.0,2237.9023331417857,1328.7046212740859,0.1327112825286527,0.8672887174713473,2.116079503626719,POWER_LINE_INTERFERENCE
-7.105427357601002e-16,1.4406937983385875,1.4406937983385875,2.5772696206855703,-2.5772696206855747,5.154539241371145,0.1873984248031004,1500.0,1278.854730095155,519.6591514244844,0.15338742869632904,2.122876101386208e-26,2.0755986205712667,POWER_LINE_INTERFERENCE
3.730349362740526e-17,0.6954536634675929,0.6954536634675929,1.1035826167795808,-1.103582616779582,2.207165233559163,0.1248906113264158,1000.0,978.1764852960646,141.7513077377019,0.023173532418207174,1.182468390491605e-26,0.48365579803049596,POWER_LINE_INTERFERENCE
-1.0891766198953009e-15,0.6660093039590469,0.6660093039590469,1.2382717507887646,-1.2382717507887175,2.476543501577482,0.11783381712626996,50.0,844.8264739863297,953.45426020006,0.5949157303826602,0.40508426961733973,0.4435683929600141,POWER_LINE_INTERFERENCE
-1.865174681370263e-17,1.3764357693365141,1.3764357693365141,2.1041185844231314,-2.1041185844231345,4.208237168846265,0.04976244061015254,200.0,198.20122594405416,16.166056184232723,1.0,2.2852218689064867e-28,1.8945754271090014,POWER_LINE_INTERFERENCE
-1.509903313490213e-17,0.8340072694048893,0.8340072694048893,1.6272615553911143,-1.6272615553910859,3.2545231107822,0.024756189047261814,100.0,117.03558485021516,57.48453231749043,0.9601933597472914,1.0365898563961578e-28,0.6955681254201996,POWER_LINE_INTERFERENCE
-9.765521724602876e-16,1.2916158247467031,1.2916158247467031,2.3305957272923425,-2.330595727292295,4.661191454584637,0.09954977488744372,200.0,253.33236470282404,111.808976594445,0.7664664716901953,5.367429213216716e-32,1.6682714387361062,POWER_LINE_INTERFERENCE
-3.099742684753437e-16,0.4504094398488179,0.4504094398488179,0.7948183617047209,-0.7948183617047182,1.589636723409439,0.24990623827978498,2000.0,1755.0398223863688,644.7788880837519,0.12615478081684772,0.8738452191831524,0.2028686635049259,POWER_LINE_INTERFERENCE
-3.140598892059643e-15,1.4346423900703942,1.4346423900703942,2.8660741998001344,-2.8660741998007198,5.732148399600854,0.7498749374687343,1500.0,1245.1857792081983,448.69853316545385,0.08619469296619141,3.977491842157935e-30,2.058198787386893,POWER_LINE_INTERFERENCE
-9.823253321883386e-16,0.5193262206686068,0.5193262206686069,1.0954748257296791,-1.0954748257298623,2.1909496514595412,0.5497748874437218,1500.0,971.0082154452568,636.5960169817193,0.2972814001465801,3.396274402282393e-30,0.26969972347393856,POWER_LINE_INTERFERENCE
-1.5987211554602253e-17,0.5526865926829685,0.5526865926829685,1.0393688211686316,-1.0393688211686125,2.078737642337244,0.024756189047261814,100.0,125.05176064054172,55.82457810016199,0.954764573409015,1.1462205730261929e-28,0.3054624697315095,POWER_LINE_INTERFERENCE
-1.6431300764452317e-16,0.7497238620175153,0.7497238620175153,1.1728144604992017,-1.1728144604992026,2.3456289209984043,0.7498749374687343,1500.0,1475.5483585413613,186.19331430544668,0.01695977676736628,1.0698085627139093e-29,0.5620858692784583,POWER_LINE_INTERFERENCE
-2.664293577897736e-15,1.2686409838134134,1.2686409838134136,2.571060336177184,-2.5710603361775193,5.142120672354704,0.18133164005805516,2000.0,2234.754607856002,1330.3227075018572,0.1339637736725943,0.8660362263274056,1.6094499458110658,POWER_LINE_INTERFERENCE
-1.0338396805309457e-15,0.6773947171448871,0.6773947171448871,1.4083296469371074,-1.4083296469373012,2.816659293874409,0.34967483741870936,50.0,680.3922126838381,676.2151412458905,0.5210239056780495,2.3352497777286052e-30,0.45886360281580163,POWER_LINE_INTERFERENCE
-4.0323300254385687e-16,0.9419133911614292,0.9419133911614292,1.9501851909766548,-1.9501851909767676,3.9003703819534223,0.2496248124062031,500.0,533.689992282651,336.0051577283253,0.18673811431081067,4.333798306876554e-31,0.8872008364492235,POWER_LINE_INTERFERENCE
7.549516567451065e-17,1.437821764524786,1.437821764524786,2.288964298892562,-2.288964298892567,4.577928597785129,0.024878109763720464,200.0,195.1857886992433,26.171226375597552,1.0,4.28318945469077e-28,2.067331426541169,POWER_LINE_INTERFERENCE
-9.496460055714355e-16,0.8276425345238644,0.8276425345238644,1.5099200553625578,-1.5099200553627408,3.0198401107252986,0.09062046444121916,1000.0,1273.6236713602236,557.7395293278662,0.009850129466820392,0.23574996917456725,0.6849921649530861,POWER_LINE_INTERFERENCE
1.7763568394002506e-16,1.6752293827167775,1.6752293827167775,3.261518853436977,-3.2615188534369244,6.523037706873901,0.04976244061015254,200.0,232.80838310688907,121.85308888013432,0.7910366418599574,4.345241756308708e-28,2.8063934847176353,POWER_LINE_INTERFERENCE
1.0658141036401503e-17,0.935298124688433,0.935298124688433,1.7607007761607152,-1.7607007761607063,3.5214015523214215,0.06238279784973122,500.0,325.9273472557521,216.54702086649874,0.3940585493068125,1.8580003780520453e-27,0.8747825820456996,POWER_LINE_INTERFERENCE
1.1546319456101627e-17,0.8121660274625386,0.8121660274625386,1.4879849802696272,-1.487984980269599,2.975969960539226,0.012376547068383549,100.0,127.04299954177333,55.22440433845983,0.9534160487725797,2.1079603176782867e-28,0.659613656164281,POWER_LINE_INTERFERENCE
2.6645352591003756e-17,0.6187249567663732,0.6187249567663732,1.1031658242453126,-1.1031658242453202,2.206331648490633,0.024878109763720464,200.0,130.9849516474338,73.4041255641559,1.0,2.5001076360300346e-28,0.38282057212555043,POWER_LINE_INTERFERENCE
6.444832070386396e-17,0.6562040424848222,0.6562040424848222,1.191487238069691,-1.1914872380697155,2.3829744761394065,0.04526487663280116,50.0,516.0356009505978,671.5317952182612,0.6824824657740047,6.80294702537929e-27,0.43060374537342244,POWER_LINE_INTERFERENCE
-1.3589129821411916e-16,0.6360184560111058,0.6360184560111058,1.3398838500598478,-1.3398838500600476,2.6797677001198954,0.24981245311327832,1000.0,835.7810461054776,734.6520205734439,0.3665571104815767,0.15081973559962458,0.40451947638675095,POWER_LINE_INTERFERENCE
-3.68949315543432e-15,1.6505186918919657,1.6505186918919659,3.201059457853084,-3.2010594578537743,6.4021189157068585,0.7498749374687343,1500.0,1294.5034158459127,385.6106117001835,0.04822551204234655,3.998156169142604e-30,2.724211952284766,POWER_LINE_INTERFERENCE
9.43245481721533e-16,0.9173659101167342,0.9173659101167342,1.7265644203599992,-1.72656442035999,3.453128840719989,0.49987496874218557,2000.0,1257.179457675421,943.8612756335714,0.38255345671334334,0.6174465432866567,0.8415602130443041,POWER_LINE_INTERFERENCE
-1.5631940186722203e-16,0.6541556787207685,0.6541556787207685,1.368461304663683,-1.368461304663907,2.73692260932759,0.24981245311327832,1000.0,998.739426488791,706.6907858697278,0.23379618556302625,0.18242947962785086,0.4279196520026293,POWER_LINE_INTERFERENCE
-1.616484723854228e-16,1.130474373659226,1.130474373659226,2.0118591691706516,-2.011859169170645,4.023718338341297,0.04952476238119059,100.0,94.04989829117095,17.9150365574199,1.0,6.586508494291922e-33,1.2779723095002193,POWER_LINE_INTERFERENCE
2.842170943040401e-17,1.6612053355806689,1.6612053355806689,3.187706988858144,-3.1877069888580865,6.375413977716231,0.012376547068383549,100.0,122.17627792619119,56.556471994944665,0.956711933557286,1.992354066897479e-28,2.759603166961683,POWER_LINE_INTERFERENCE
-7.673861546209082e-16,1.5143993568204177,1.5143993568204177,2.7418977851902913,-2.7418977851904973,5.483795570380789,0.2496248124062031,500.0,638.2367132991668,277.3522152769028,0.007903570794161067,4.537901226888006e-31,2.2934054119380947,POWER_LINE_INTERFERENCE
-2.575717417130363e-16,1.4641258975418705,1.4641258975418705,2.598796257573723,-2.5987962575737273,5.19759251514745,0.7498749374687343,1500.0,1301.9708758210777,496.38255453525574,0.13735395822782398,9.540945839041081e-30,2.1436646438527878,POWER_LINE_INTERFERENCE
-2.1049828546892967e-16,0.905473172343226,0.905473172343226,1.7891252098577302,-1.7891252098578478,3.578250419715578,0.12478119529882471,500.0,600.253893976931,304.17540014916074,0.07287586345835968,3.5493155966614706e-27,0.8198816658333054,POWER_LINE_INTERFERENCE
-2.353672812205332e-16,1.212916951934426,1.212916951934426,2.3216492691197907,-2.3216492691202477,4.643298538240039,0.1248906113264158,1000.0,1240.1103099746088,584.9140107758618,0.037153204302357176,0.22924923707086672,1.4711675322898987,POWER_LINE_INTERFERENCE
-7.815970093361102e-16,1.0608661043655416,1.0608661043655416,1.983976566071997,-1.9839765660719597,3.9679531321439567,0.09954977488744372,200.0,246.27214171343275,115.77411011991641,0.774918578289247,4.030041175551824e-32,1.12543689139172,POWER_LINE_INTERFERENCE
-3.4017233474514797e-16,0.6191421269665324,0.6191421269665324,1.2028518195908007,-1.2028518195907854,2.405703639181586,0.09954977488744372,200.0,179.76636266090435,130.4280209390016,0.854535600988045,1.2282792926261868e-32,0.38333697338464173,POWER_LINE_INTERFERENCE
-1.0311731312618235e-16,1.1096909097575103,1.1096909097575103,2.139076536766963,-2.1390765367669347,4.278153073533898,0.018051523947750364,200.0,240.461303478095,118.6236107693696,0.7818749908938786,7.516676190434332e-28,1.231413915198451,POWER_LINE_INTERFERENCE
2.1316282072803006e-17,0.6854809375282787,0.6854809375282787,1.2500892084349686,-1.2500892084349746,2.500178416869943,0.0498812351543943,50.0,358.0992875071471,439.30101483822244,0.6816091345515923,3.890142085706835e-27,0.46988411571464783,POWER_LINE_INTERFERENCE
-8.646416915780719e-16,0.9733510475634293,0.9733510475634293,1.5737789108212212,-1.5737789108212255,3.1475578216424465,0.09954977488744372,200.0,193.44039464257145,30.36127030440189,1.0,7.454903579310265e-32,0.9474122617928252,POWER_LINE_INTERFERENCE
-1.5987211554602253e-17,0.7100465691709748,0.7100465691709748,1.2414810587527694,-1.2414810587527658,2.482962117505535,0.024756189047261814,100.0,95.35967928882822,16.011768828424323,1.0,5.634762257788842e-29,0.5041661303914718,POWER_LINE_INTERFERENCE
-5.568878691519785e-16,1.0717871333094513,1.0717871333094513,1.7567639902370529,-1.7567639902370547,3.5135279804741075,0.1873984248031004,1500.0,1439.6230993674312,288.8500195385653,0.04187771027012401,2.4026708021034026e-26,1.1487276591276914,POWER_LINE_INTERFERENCE
3.694822225952521e-16,0.6736537276262055,0.6736537276262055,1.2546407309266294,-1.2546407309260117,2.509281461852641,0.37484371092773194,50.0,851.8777013014706,954.7888069014895,0.5912843399864856,0.40871566001351445,0.4538093447446819,POWER_LINE_INTERFERENCE
-1.0906830993917538e-15,1.479320794624702,1.479320794624702,2.9744766130618876,-2.974476613062487,5.948953226124375,0.37484371092773194,1500.0,1703.419723852229,848.472848838345,0.09740116057722166,0.21490448557685396,2.1883900134090597,POWER_LINE_INTERFERENCE
2.5779328281545586e-18,0.8737698013898324,0.8737698013898324,1.4163196224219112,-1.4163196224219086,2.83263924484382,0.008980406386066763,100.0,98.5584919427316,9.179004874065228,1.0,1.0483992601906327e-28,0.7634736658208272,POWER_LINE_INTERFERENCE
4.898072373493661e-17,1.4882685890935965,1.4882685890935965,2.9684252476890673,-2.9684252476892077,5.936850495378275,0.04526487663280116,500.0,593.9266354620686,307.9622234068154,0.08369908562367961,5.2271495143733136e-27,2.2149433932826446,POWER_LINE_INTERFERENCE
1.3322676295501878e-16,0.9378504296873497,0.9378504296873497,1.6908760631480257,-1.690876063148005,3.381752126296031,0.024878109763720464,200.0,255.053411749844,110.75269692830736,0.7644061298107306,8.43523881269084e-28,0.8795634284647464,POWER_LINE_INTERFERENCE
-5.022648963404208e-16,0.9708734196938613,0.9708734196938613,1.8545355133955133,-1.8545355133959225,3.7090710267914355,0.1873984248031004,1500.0,1863.4089535622675,876.1620998700898,0.03484038291019311,0.22979990883090715,0.9425951970680526,POWER_LINE_INTERFERENCE
-4.440892098500626e-16,0.8563812517218512,0.8563812517218512,1.6014339293754292,-1.6014339293754343,3.2028678587508637,0.24981245311327832,1000.0,694.5222279240146,441.1469579849279,0.3243748383466382,5.9272148460584874e-27,0.7333888483006847,POWER_LINE_INTERFERENCE
-7.815970093361102e-16,1.4562645464224935,1.4562645464224935,2.636052327242889,-2.636052327243087,5.272104654485976,0.2496248124062031,500.0,638.275799097292,277.3205975381623,0.00783671177842378,4.561062731037455e-31,2.1207064291671105,POWER_LINE_INTERFERENCE
-8.189005029635155e-16,1.2065488856546853,1.2065488856546853,2.3472794790988094,-2.347279479098771,4.694558958197581,0.09954977488744372,200.0,224.42913536600764,124.7563998725581,0.8010678115881961,3.075021712806368e-32,1.455760213474563,POWER_LINE_INTERFERENCE
8.704148513061228e-17,0.839209261885466,0.839209261885466,1.6460020330420178,-1.646002033041996,3.2920040660840137,0.04976244061015254,200.0,185.82112372265436,130.57191408273883,0.847287177531364,3.26051712016283e-28,0.7042721852343486,POWER_LINE_INTERFERENCE
-2.842170943040401e-17,0.5291139750135018,0.5291139750135018,0.9741957266102108,-0.974195726610037,1.9483914532202478,0.2496248124062031,50.0,394.4349044641006,451.7352950471283,0.6430257711973993,2.140268017205715e-26,0.2799615985545886,POWER_LINE_INTERFERENCE
1.3534147347811432e-17,0.5080967460850573,0.5080967460850573,0.9325463155587225,-0.9325463155587199,1.8650926311174425,0.04526487663280116,500.0,400.5864147790461,184.93967441800137,0.22504840683455818,2.3890239162007673e-27,0.2581623033822232,POWER_LINE_INTERFERENCE
-3.517186542012496e-16,0.7355483040270141,0.7355483040270141,1.5447399405228648,-1.5447399405232418,3.0894798810461066,0.24990623827978498,50.0,1409.6748265425115,1488.012986419499,0.4622659682136393,0.5377340317863607,0.5410313075570168,POWER_LINE_INTERFERENCE
2.30724988119833e-16,1.3676352153462057,1.3676352153462057,2.4068230983439545,-2.4068230983440038,4.813646196687959,0.13597605224963716,1500.0,1299.5866974712803,498.88306049726094,0.13900763586147255,1.839727710286236e-26,1.8704260822550627,POWER_LINE_INTERFERENCE
5.639932965095795e-17,0.916692622278502,0.916692622278502,1.4023747452380655,-1.4023747452380675,2.8047494904761328,0.024878109763720464,200.0,198.16178319178496,16.340117828821253,1.0,4.364243554222005e-28,0.8403253637398365,POWER_LINE_INTERFERENCE
1.8207657603852566e-16,1.2639919087932052,1.2639919087932054,2.3054628742122185,-2.305462874212191,4.6109257484244095,0.024878109763720464,200.0,253.84451943671505,111.49846783158333,0.7658533485051958,8.38763715531594e-28,1.597675545494691,POWER_LINE_INTERFERENCE
-5.333511410299252e-16,0.8794853924555838,0.8794853924555838,1.710536105799519,-1.7105361058001216,3.4210722115996406,0.24990623827978498,2000.0,2444.208632066657,1200.1042110815588,0.05062126866738359,0.9493787313326164,0.7734945555427523,POWER_LINE_INTERFERENCE
2.842170943040401e-17,0.827542378112498,0.827542378112498,1.4824179057933686,-1.4824179057933775,2.964835811586746,0.024878109763720464,200.0,139.77927809628244,72.3268468693896,1.0,2.7463080128490927e-28,0.6848263875720886,POWER_LINE_INTERFERENCE
-7.540453522352084e-17,0.8139823347380636,0.8139823347380636,1.5862102752415088,-1.5862102752414886,3.1724205504829976,0.018051523947750364,200.0,234.3342687886606,121.25460142583569,0.7892099363210983,7.275156820265519e-28,0.662567241265629,POWER_LINE_INTERFERENCE
0.0,0.9145853510154127,0.9145853510154127,1.7116424774324275,-1.7116424774324228,3.42328495486485,0.008980406386066763,100.0,86.50853143238581,25.019708451188148,1.0,8.623912673781209e-29,0.8364663642919856,POWER_LINE_INTERFERENCE
-2.9369099744750807e-15,1.1520599115011054,1.1520599115011054,1.748077264487498,-1.748077264487392,3.4961545289748903,0.18133164005805516,2000.0,1984.2904131863222,173.96355825687584,0.008090455765135209,0.9919095442348648,1.327242039687935,POWER_LINE_INTERFERENCE
1.2889664140772793e-18,0.7580400591580768,0.7580400591580768,1.3388085914206638,-1.33880859142067,2.6776171828413338,0.018051523947750364,50.0,121.08733604357933,73.34744951401818,1.0,2.1733520928147905e-28,0.5746247312883805,POWER_LINE_INTERFERENCE
4.2058974091341625e-15,0.9486628033666402,0.9486628033666402,1.8524960834017574,-1.8524960834019684,3.704992166803726,0.13597605224963716,1500.0,1818.05056621144,910.0611675745492,0.0590921257003416,0.224025684357062,0.8999611144914528,POWER_LINE_INTERFERENCE
-2.327027459614328e-16,1.220326024214084,1.220326024214084,2.194197960825114,-2.194197960825118,4.388395921650233,0.7498749374687343,1500.0,1262.1779479487911,535.2045718640629,0.1649545254443638,9.570045724154573e-30,1.4891956053741535,POWER_LINE_INTERFERENCE
2.1316282072803006e-17,0.5770384027388293,0.5770384027388293,1.0655861636963746,-1.0655861636963768,2.1311723273927514,0.37484371092773194,1500.0,1141.8553885188342,623.1156720535889,0.2484108345621831,9.410077749638175e-27,0.33297331823537935,POWER_LINE_INTERFERENCE
-5.186961971048731e-16,1.0975055465720711,1.0975055465720711,2.0217477190117785,-2.021747719011783,4.0434954380235615,0.1873984248031004,1500.0,1156.355293083209,614.4397959210974,0.238353630632709,1.9100316296434542e-26,1.2045184247564606,POWER_LINE_INTERFERENCE
-1.6076029396572266e-16,0.9100433303166119,0.9100433303166119,1.627661684243303,-1.6276616842433058,3.255323368486609,0.7498749374687343,1500.0,1279.476417491821,519.0602792051535,0.1529562233114319,9.637291557668118e-30,0.8281788630537499,POWER_LINE_INTERFERENCE
-4.1566750041965863e-16,0.9164860231042151,0.916486023104215,1.9276160792722887,-1.927616079272621,3.8552321585449096,0.1873984248031004,1500.0,1440.174296168764,1082.9256470936023,0.2611310129450504,0.17592118739403625,0.8399466305453798,POWER_LINE_INTERFERENCE
-5.115907697472721e-16,0.8093213617457142,0.8093213617457141,1.3022724770354204,-1.3022724770354217,2.604544954070842,0.24981245311327832,1000.0,971.3945714990818,161.69014916318199,0.03037498009352232,8.483025736178092e-27,0.6550010665779371,POWER_LINE_INTERFERENCE
1.7763568394002505e-17,1.4730167621932269,1.4730167621932269,2.7175727047958906,-2.71757270479584,5.435145409591731,0.012376547068383549,100.0,126.6327836058254,55.35443720395088,0.9536938588814231,2.098225441540559e-28,2.1697783817022174,POWER_LINE_INTERFERENCE
8.881784197001253e-18,0.9225692690402728,0.9225692690402728,1.6973503621331762,-1.6973503621331445,3.394700724266321,0.012376547068383549,100.0,126.80451118079554,55.30040940607359,0.9535775599956092,2.1023890137443915e-28,0.8511340561775033,POWER_LINE_INTERFERENCE
6.661338147750939e-17,1.2655459621061178,1.2655459621061178,2.115723256433558,-2.115723256433561,4.2314465128671195,0.1248906113264158,1000.0,945.3788250009545,220.22619898308955,0.05800007866435399,1.1405628622721962e-26,1.6016065822030994,POWER_LINE_INTERFERENCE
0.0,0.6383314287360489,0.6383314287360489,1.1388634209486859,-1.138863420948693,2.277726841897379,0.04976244061015254,200.0,156.88038916437023,66.9555799557218,1.0,1.6861252814203004e-28,0.4074670129122054,POWER_LINE_INTERFERENCE
-9.592326932761352e-17,1.4017391589607078,1.4017391589607078,2.8012496413719106,-2.8012496413720904,5.6024992827440006,0.06238279784973122,500.0,589.7679585263314,310.3557603665552,0.09081279597446153,5.345740562340327e-27,1.9648726697638725,POWER_LINE_INTERFERENCE
9.521272659185343e-16,0.7819782826827648,0.7819782826827648,1.3584199630274445,-1.3584199630274405,2.716839926054885,0.49987496874218557,2000.0,1803.5786551472029,585.5724361187424,0.10115722461117341,0.8988427753888265,0.6114900345874861,POWER_LINE_INTERFERENCE
-3.730349362740526e-17,0.6365422711128383,0.6365422711128383,1.320336458433324,-1.320336458433381,2.6406729168667047,0.06238279784973122,50.0,349.22328968990655,350.8023931777499,0.502281425774243,2.9453752789556522e-27,0.40518606291349024,POWER_LINE_INTERFERENCE
1.4122036873231991e-16,1.3437833084050201,1.3437833084050201,2.5872502121898315,-2.587250212189788,5.1745004243796195,0.04976244061015254,200.0,239.624386500055,119.00502235251018,0.7828769013892808,4.502069571883137e-28,1.8057535799479414,POWER_LINE_INTERFERENCE
-3.866899242231838e-18,0.7984974994762042,0.7984974994762042,1.4992950464371926,-1.4992950464371886,2.998590092874381,0.008980406386066763,100.0,85.23873455610386,25.81005331352221,1.0,8.437406637408322e-29,0.6375982566697507,POWER_LINE_INTERFERENCE
-1.4210854715202004e-16,0.8384274890128269,0.8384274890128269,1.7537711713670505,-1.7537711713673372,3.5075423427343875,0.1248906113264158,1000.0,999.6025086413076,706.4396818015233,0.2330930392468971,0.18259689541740498,0.7029606543323541,POWER_LINE_INTERFERENCE
-9.64561763794336e-16,1.309883988490674,1.309883988490674,2.4427619659259476,-2.442761965925901,4.885523931851848,0.09954977488744372,200.0,247.05976131764243,115.35994090598197,0.7739756838701491,5.409960551703915e-32,1.7157960633042357,POWER_LINE_INTERFERENCE
-1.3322676295501878e-16,0.6456965192450435,0.6456965192450435,1.064100952697968,-1.0641009526979688,2.1282019053959367,0.7498749374687343,1500.0,1433.9273363199566,301.5442369667518,0.045828319065381554,1.0704858371883821e-29,0.41692399496516475,POWER_LINE_INTERFERENCE
3.019806626980426e-17,0.6953879826611624,0.6953879826611624,1.2468854499863855,-1.2468854499863926,2.493770899972778,0.024878109763720464,200.0,146.0353511594396,70.88960017338977,1.0,2.9204257310927106e-28,0.4835644464295611,POWER_LINE_INTERFERENCE
1.7763568394002505e-18,1.0301956063449351,1.0301956063449351,1.814464058416341,-1.8144640584163505,3.6289281168326912,0.04976244061015254,200.0,169.4830091702778,59.64375454183877,1.0,1.8669781617626186e-28,1.0613029873324087,POWER_LINE_INTERFERENCE
8.08242361927114e-16,0.7557762460933102,0.7557762460933102,1.414463660641335,-1.414463660641328,2.828927321282663,0.49987496874218557,2000.0,1375.8525000844581,906.9826370292903,0.3214366996966408,0.6785633003033592,0.5711977341588957,POWER_LINE_INTERFERENCE
-6.679101716144942e-16,0.9997560493649947,0.9997560493649947,1.8413068392813208,-1.8413068392813128,3.6826136785626336,0.24990623827978498,2000.0,1540.9465700024782,825.1138546940987,0.23641305868050955,0.7635869413194903,0.9995121582419018,POWER_LINE_INTERFERENCE
-2.8599345114344033e-16,1.4334620013737205,1.4334620013737205,2.5586546901089102,-2.5586546901089147,5.117309380217825,0.7498749374687343,1500.0,1285.696128906605,512.9888699238314,0.14864220139471884,9.546929889700044e-30,2.0548133093823524,POWER_LINE_INTERFERENCE
-8.08242361927114e-17,0.4778616492662143,0.4778616492662143,0.851000366802018,-0.8510003668020194,1.7020007336040375,0.7498749374687343,1500.0,1292.5429393172046,506.13274799786745,0.143893220581767,9.813894629724325e-30,0.2283517558394264,POWER_LINE_INTERFERENCE
-8.890665981198253e-16,1.217864280355532,1.217864280355532,1.977625128501077,-1.977625128501073,3.95525025700215,0.24990623827978498,2000.0,1930.9581514479107,359.61325349925846,0.035556633556237845,0.9644433664437622,1.4831934053658975,POWER_LINE_INTERFERENCE
-1.2612133559741778e-15,0.7344209698263411,0.7344209698263411,1.5474855833288883,-1.5474855833291228,3.094971166658011,0.4497248624312156,1500.0,819.4144600647587,673.3948233275315,0.41399199532878106,2.8208450818299835e-30,0.5393741609206635,POWER_LINE_INTERFERENCE
-1.4210854715202004e-17,1.1492271387980646,1.1492271387980646,1.8769046857814815,-1.8769046857814782,3.7538093715629595,0.012376547068383549,100.0,98.35609853465564,9.785245391926816,1.0,1.0840334843696088e-28,1.320723016549986,POWER_LINE_INTERFERENCE
-7.105427357601002e-18,1.1456428726970809,1.1456428726970809,1.9696261358633376,-1.9696261358633462,3.9392522717266836,0.04976244061015254,200.0,180.6186135102186,49.75056975492269,1.0,2.0277793278535124e-28,1.3124975917616197,POWER_LINE_INTERFERENCE
5.712699147190502e-15,1.3052543594369714,1.3052543594369714,2.5914052052480736,-2.5914052052483596,5.182810410496433,0.13597605224963716,1500.0,1773.6182694643364,939.9663497676896,0.08284871616181105,0.21836935329480733,1.7036889428292183,POWER_LINE_INTERFERENCE
4.440892098500626e-18,0.9678220456022952,0.9678220456022952,1.8829169531635823,-1.8829169531635501,3.765833906327132,0.012376547068383549,100.0,118.65138966766224,57.244219708628926,0.9590990899423723,1.9075964523273396e-28,0.9366795119538113,POWER_LINE_INTERFERENCE
-2.486899575160351e-16,0.492792622734004,0.492792622734004,0.9344860437555657,-0.9344860437556316,1.8689720875111973,0.2496248124062031,500.0,625.0027865084122,287.55270725754417,0.03054113640641477,4.135936485862591e-31,0.24284456902105836,POWER_LINE_INTERFERENCE
1.0311731312618234e-17,1.2844882435065235,1.2844882435065235,2.4588558814655386,-2.4588558814654946,4.917711762931033,0.008980406386066763,100.0,122.63951447567159,56.44910481641883,0.9563982163538478,1.8374246444176455e-28,1.6499100477064736,POWER_LINE_INTERFERENCE
1.9334496211159187e-17,0.5382105644041054,0.5382105644041054,1.0936186027122865,-1.0936186027123362,2.1872372054246227,0.04526487663280116,500.0,572.6632577599612,319.44345444178384,0.12007159360867661,5.021055611080035e-27,0.28967061163618574,POWER_LINE_INTERFERENCE
2.3092638912203255e-17,1.236459991015691,1.236459991015691,2.270660193551236,-2.270660193551227,4.541320387102463,0.06238279784973122,500.0,399.91693604951894,185.3807165578501,0.22656394539153576,2.3604267541393376e-27,1.5288333093825226,POWER_LINE_INTERFERENCE
4.263256414560601e-17,1.069425111280202,1.069425111280202,1.9516365955840507,-1.9516365955840556,3.9032731911681062,0.1248906113264158,1000.0,804.499390966755,382.1624268474387,0.2075944119300898,9.604554567145991e-27,1.1436700686366723,POWER_LINE_INTERFERENCE
4.263256414560601e-17,1.0354253910241664,1.0354253910241664,1.8446340039614644,-1.844634003961474,3.689268007922938,0.024878109763720464,200.0,160.9667516800831,64.94385036942899,1.0,3.335679377832464e-28,1.072105740377548,POWER_LINE_INTERFERENCE
-4.9737991503207014e-17,0.7091838272055051,0.7091838272055051,1.328920510620141,-1.3289205106198723,2.657841021240013,0.49974987493746875,50.0,500.30230266228125,470.4157973509461,0.5306093425212991,2.812221383156063e-26,0.5029417007698477,POWER_LINE_INTERFERENCE
-5.5067062021407764e-17,0.8620483691341014,0.8620483691341014,1.789160425480628,-1.7891604254807303,3.578320850961358,0.06238279784973122,500.0,527.1275788987901,338.2728064455979,0.1979635854729798,4.72067051149907e-27,0.743127390726764,POWER_LINE_INTERFERENCE
-2.3092638912203255e-17,1.182839231368214,1.182839231368214,2.089628438743461,-2.0896284387434543,4.179256877486916,0.024756189047261814,100.0,94.63441950692204,17.104261203775227,1.0,5.588093750583741e-29,1.399108647263747,POWER_LINE_INTERFERENCE
-8.65085780787922e-16,1.4253989158797256,1.4253989158797256,2.8798334410844975,-2.8798334410854447,5.759666882169942,0.24990623827978498,2000.0,2306.6415270181274,1290.951930642009,0.10535971155128639,0.8946402884487136,2.031762069391097,POWER_LINE_INTERFERENCE
-6.444832070386396e-17,0.8452003631004493,0.8452003631004493,1.4999711520370342,-1.4999711520370176,2.999942304074052,0.09062046444121916,1000.0,868.9383520027094,326.120640212754,0.13916921219390824,1.0419615886983488e-26,0.7143636537851314,POWER_LINE_INTERFERENCE
-7.638334409421076e-17,1.2234546355847082,1.2234546355847082,2.481303874571221,-2.481303874571374,4.962607749142595,0.06238279784973122,500.0,572.1514829740008,319.6972793713128,0.1209470204928526,5.170114384992331e-27,1.4968412453337114,POWER_LINE_INTERFERENCE
-1.9184653865522705e-16,0.9171930812439054,0.9171930812439054,1.3927348021362635,-1.392734802135751,2.7854696042720146,0.49974987493746875,1000.0,992.6445511819534,82.9382734617392,0.007810461969479614,5.938270989508572e-26,0.8412431482816892,POWER_LINE_INTERFERENCE
-1.0658141036401503e-17,1.4295965798657735,1.4295965798657735,2.3888391725668043,-2.3888391725668128,4.7776783451336176,0.04976244061015254,200.0,188.11347078224563,40.0882632067288,1.0,2.1366489389963203e-28,2.043746381163917,POWER_LINE_INTERFERENCE
1.0053938029802778e-16,0.755885917854076,0.755885917854076,1.4118348427505132,-1.411834842750542,2.8236696855010552,0.13597605224963716,1500.0,944.2385254373482,701.9162842856974,0.38547884649907116,1.3136352107643607e-26,0.5713635208100989,POWER_LINE_INTERFERENCE
8.668621376273222e-16,1.1457602961193845,1.1457602961193845,2.0851632275462735,-2.085163227544809,4.170326455091082,0.49987496874218557,2000.0,1619.1784446471665,771.0908790118449,0.19612355083136698,0.8038764491686331,1.3127666561635798,POWER_LINE_INTERFERENCE
-4.085620730620576e-17,0.7188916954105694,0.7188916954105694,1.3469383631146952,-1.3469383631146874,2.693876726229383,0.04952476238119059,50.0,77.34341332251083,29.044526953886596,1.0,1.9107911604129804e-32,0.5168052697302828,POWER_LINE_INTERFERENCE
-2.326584377409489e-15,1.03167321141911,1.03167321141911,1.8921636931329835,-1.8921636931328893,3.784327386265873,0.18133164005805516,2000.0,1560.0372414706328,812.9569904354352,0.22658134032459734,0.7734186596754026,1.06434961515982,POWER_LINE_INTERFERENCE
-3.480209318008654e-17,0.7061865778144407,0.7061865778144407,1.2766543934370898,-1.2766543934370822,2.553308786874172,0.018051523947750364,50.0,125.81695775295103,115.92948518257711,0.9191208303671426,3.0605435728345437e-28,0.4986994826852711,POWER_LINE_INTERFERENCE
-8.184936729390723e-17,1.0329105436647317,1.0329105436647317,1.6063156966362075,-1.606315696636182,3.21263139327239,0.09062046444121916,1000.0,985.7761457576347,114.91013926434887,0.015103751704021617,1.1916887203890994e-26,1.0669041912137718,POWER_LINE_INTERFERENCE
-1.0480505352461477e-16,0.5089066219397236,0.5089066219397236,1.0722833740577786,-1.0722833740579394,2.144566748115718,0.24981245311327832,1000.0,845.5177045771885,734.0282397687903,0.35862473056174815,0.15270839748529805,0.2589859498541007,POWER_LINE_INTERFERENCE
3.866899242231838e-18,0.43274419249675283,0.43274419249675283,0.7746076890218254,-0.7746076890218281,1.5492153780436535,0.018051523947750364,200.0,153.81027604920178,68.26737740248315,1.0,3.0660484688281126e-28,0.18726753613966668,POWER_LINE_INTERFERENCE
-5.204725539442734e-16,1.1135894234297525,1.1135894234297523,2.1812191255301325,-2.181219125530111,4.362438251060244,0.04952476238119059,100.0,114.27196882254741,57.78861904541178,0.9620649605364546,1.9149625735145545e-34,1.2400814039746084,POWER_LINE_INTERFERENCE
-1.5987211554602254e-16,1.0708486434875804,1.0708486434875804,1.8832603695721402,-1.8832603695715795,3.7665207391437194,0.49974987493746875,1000.0,885.4884039264813,307.92809548446627,0.12159536261094529,5.258636076438744e-26,1.1467168172591908,POWER_LINE_INTERFERENCE
-3.3573144264664734e-16,1.3009413606450249,1.3009413606450249,2.2437909483882836,-2.2437909483882876,4.487581896776572,0.49974987493746875,1000.0,913.1216902002683,272.65196176030713,0.09225266213512663,1.0736828992609164e-31,1.6924484238369284,POWER_LINE_INTERFERENCE
-6.377121053446899e-16,0.8757687281209422,0.8757687281209422,1.6574104084124697,-1.6574104084124395,3.314820816824909,0.09954977488744372,200.0,242.29686167907636,117.76193323667229,0.7796775626247201,3.654314746036507e-32,0.7669708651545727,POWER_LINE_INTERFERENCE
5.773159728050814e-17,1.1608350550930904,1.1608350550930904,1.9976060842085803,-1.9976060842085839,3.995212168417164,0.1248906113264158,1000.0,915.9097541354621,268.67802449707807,0.08929212663647958,1.1028986026401124e-26,1.347538025132978,POWER_LINE_INTERFERENCE
-5.524469770534779e-16,1.1017602896866239,1.1017602896866239,1.956891394879836,-1.9568913948798392,3.9137827897596753,0.1873984248031004,1500.0,1300.1285447255987,498.31687910740595,0.13863180798542651,2.1599151513560234e-26,1.2138757359303531,POWER_LINE_INTERFERENCE
-1.028510610012745e-15,1.2363361569464228,1.2363361569464228,2.1250066197693904,-2.1250066197693998,4.25001323953879,0.09954977488744372,200.0,180.70465614401562,49.65673421831606,1.0,5.545933516033932e-32,1.52852709297305,POWER_LINE_INTERFERENCE
-1.2889664140772793e-18,0.65064568705432,0.65064568705432,1.1848894544217368,-1.184889454421734,2.369778908843471,0.008980406386066763,100.0,91.69902431119742,20.693964067124156,1.0,9.408999401470047e-29,0.4233398100823881,POWER_LINE_INTERFERENCE
7.37188088351104e-17,0.7186147197447608,0.7186147197447608,1.4190426326102006,-1.41904263261018,2.8380852652203803,0.04976244061015254,200.0,205.58556502099108,129.0787213450483,0.8236262867952991,3.7182728708570117e-28,0.516407115433841,POWER_LINE_INTERFERENCE
1.7763568394002505e-18,1.0385723990215192,1.0385723990215192,1.847270907625397,-1.847270907625408,3.6945418152508047,0.04976244061015254,200.0,161.16273795301802,64.83932560390768,1.0,1.7475289259600515e-28,1.078632628009314,POWER_LINE_INTERFERENCE
-6.702625353201853e-17,0.8777024930932108,0.8777024930932108,1.4631669902960507,-1.4631669902960307,2.9263339805920814,0.09062046444121916,1000.0,947.2700309517685,216.61036544030912,0.05599188140533089,1.1423318162509573e-26,0.7703616663820378,POWER_LINE_INTERFERENCE
-2.5779328281545586e-18,0.8835603317857257,0.8835603317857257,1.7356932013540443,-1.7356932013540263,3.4713864027080703,0.008980406386066763,100.0,108.44480040594763,57.99461125207315,0.9660112877027134,1.5275084379983417e-28,0.7806788599053017,POWER_LINE_INTERFERENCE
-2.3980817331903383e-16,1.347244913055557,1.347244913055557,2.109717045794986,-2.109717045794983,4.219434091589969,0.04952476238119059,100.0,99.27529922511341,6.548069779124565,1.0,5.581507985685511e-33,1.8150688557540753,POWER_LINE_INTERFERENCE
1.7834622667578515e-15,1.479041366390013,1.479041366390013,2.621942293658913,-2.6219422936589036,5.243884587317817,0.49987496874218557,2000.0,1738.8466467178685,662.5658713763117,0.13449428541342934,0.8655057145865707,2.187563363492837,POWER_LINE_INTERFERENCE
-1.4436423837665528e-16,1.4888955589730912,1.4888955589730912,2.822875022876694,-2.822875022876655,5.645750045753349,0.018051523947750364,200.0,246.58374708439152,115.61107154173264,0.7745455416562473,7.756264245648255e-28,2.216809985529794,POWER_LINE_INTERFERENCE
-2.6645352591003756e-17,1.4241519729943786,1.4241519729943786,2.496236017695183,-2.496236017695176,4.992472035390359,0.024756189047261814,100.0,95.19510843883472,16.26894282655426,1.0,5.620003135893581e-29,2.028208842183781,POWER_LINE_INTERFERENCE
1.687538997430238e-17,1.3595395911016195,1.3595395911016195,2.601041755263984,-2.601041755263937,5.202083510527921,0.012376547068383549,100.0,122.72858967893892,56.42799996374697,0.9563378920471928,2.0056527959590137e-28,1.848347899772759,POWER_LINE_INTERFERENCE
-7.354117315117037e-16,1.256005903356124,1.256005903356124,2.5604956883463155,-2.560495688347141,5.120991376693457,0.24990623827978498,2000.0,2257.3749520005094,1318.4835715681834,0.1249630578726041,0.8750369421273959,1.577550829265433,POWER_LINE_INTERFERENCE
1.804552979708191e-17,0.9697954025284952,0.9697954025284952,2.043563795137132,-2.0435637951372083,4.08712759027434,0.04526487663280116,500.0,451.65932501666225,354.713533424787,0.3270573590680129,3.849119744890812e-27,0.940503122765406,POWER_LINE_INTERFERENCE
3.866899242231838e-18,0.9396286081361934,0.9396286081361934,1.6496291487026915,-1.6496291487026955,3.299258297405387,0.018051523947750364,200.0,172.00416634309212,57.7413810305274,1.0,3.562233645175265e-28,0.8829019212279602,POWER_LINE_INTERFERENCE
-5.275779813018744e-16,0.9242169844954434,0.9242169844954434,1.936118477959927,-1.9361184779604979,3.8722369559204246,0.24990623827978498,2000.0,2007.6020622265717,1424.055307637411,0.2243485836203106,0.7756514163796895,0.8541770344298507,POWER_LINE_INTERFERENCE
-5.613287612504792e-16,0.9496864770424703,0.9496864770424703,1.6514686525283773,-1.6514686525283804,3.3029373050567576,0.24981245311327832,1000.0,902.3304458878827,287.2609465651134,0.10371146028466426,7.847126481301977e-27,0.9019044046773386,POWER_LINE_INTERFERENCE
-7.922551503725117e-16,1.5613787185914036,1.5613787185914036,3.1069678671773167,-3.106967867177957,6.213935734355274,0.1873984248031004,1500.0,1779.0169936044585,936.4962272942978,0.07996218344122458,0.21905662299018536,2.437903502870134,POWER_LINE_INTERFERENCE
1.7763568394002505e-17,0.4596890820798598,0.4596890820798598,0.8201242422541821,-0.8201242422541795,1.6402484845083616,0.12478119529882471,500.0,434.7860658006275,157.05661387400752,0.1476286360899604,1.7243397489136412e-27,0.2113140521834241,POWER_LINE_INTERFERENCE
5.773159728050814e-17,1.1238288736313748,1.1238288736313748,1.9633058062586048,-1.9633058062586088,3.9266116125172137,0.1248906113264158,1000.0,895.7598989261833,295.6099577254452,0.11068846582606938,1.0771646418246667e-26,1.2629913372075647,POWER_LINE_INTERFERENCE
-2.877698079828406e-16,0.6321507556046754,0.6321507556046754,1.3083723020821743,-1.30837230208225,2.616744604164424,0.2496248124062031,500.0,534.5945204275106,335.6813358132008,0.18519085509205077,4.400460837673429e-31,0.39961457781156207,POWER_LINE_INTERFERENCE
-4.662936703425657e-17,0.30894976181209566,0.30894976181209566,0.5366339547811618,-0.5366339547809982,1.07326790956216,0.49974987493746875,1000.0,903.9130215928247,285.19087124548696,0.10203098535199316,5.375716093421142e-26,0.09544995532375064,POWER_LINE_INTERFERENCE
2.9309887850104134e-17,0.8981588326445993,0.8981588326445993,1.554963707530893,-1.5549637075308889,3.109927415061782,0.12478119529882471,500.0,457.2926153882788,130.82434127472058,0.0966792299621518,1.8264214761325492e-27,0.8066892886575093,POWER_LINE_INTERFERENCE
4.769175732085933e-17,1.3052545528214383,1.3052545528214383,2.3605303242348104,-2.360530324234941,4.721060648469751,0.04526487663280116,500.0,638.8276236166511,276.87323503545235,0.0068927769992062045,5.662683791060853e-27,1.7036894476610926,POWER_LINE_INTERFERENCE
-7.993605777301126e-18,1.080071038120326,1.080071038120326,1.8681403197939876,-1.8681403197939828,3.7362806395879704,0.012376547068383549,100.0,96.01819362880273,14.920323024466898,1.0,1.0464296290640648e-28,1.1665534473863186,POWER_LINE_INTERFERENCE
0.0,0.9033850686333346,0.9033850686333346,1.7728227772658331,-1.7728227772658163,3.5456455545316494,0.024756189047261814,100.0,106.90051511583286,57.9509449860685,0.9670571224130117,8.994790292458051e-29,0.8161045822296545,POWER_LINE_INTERFERENCE
-2.0783375020982932e-16,1.0011169784356997,1.0011169784356997,2.098977452894939,-2.0989774528952783,4.197954905790217,0.24981245311327832,1000.0,977.590066557203,712.4896829538291,0.2510264045879601,0.17832704652667614,1.0022352045122254,POWER_LINE_INTERFERENCE
-2.4868995751603507e-17,1.4473652352707653,1.4473652352707653,2.5022571404649625,-2.5022571404649554,5.004514280929918,0.012376547068383549,100.0,96.0446874456042,14.87412539040645,1.0,1.0471864716958383e-28,2.0948661242703976,POWER_LINE_INTERFERENCE
3.286260152890463e-17,1.1705845836029858,1.1705845836029858,1.7733752327253227,-1.7733752327253212,3.5467504654506437,0.06238279784973122,500.0,496.8075288699998,37.49046293972138,0.007226985527933746,3.0194622422639936e-27,1.3702682673689757,POWER_LINE_INTERFERENCE
-7.105427357601002e-18,0.7658803752671458,0.7658803752671458,1.337703829804188,-1.3377038298041843,2.6754076596083722,0.012376547068383549,100.0,95.42752811832108,15.90403547388032,1.0,1.0370050787774003e-28,0.5865727492193441,POWER_LINE_INTERFERENCE
1.3091749906379846e-15,1.0833923533826069,1.0833923533826069,1.9160029586900602,-1.9160029586900538,3.8320059173801138,0.49987496874218557,2000.0,1747.4117906390456,653.2680564900085,0.13008322617691473,0.8699167738230853,1.1737389913679033,POWER_LINE_INTERFERENCE
-7.354117315117037e-16,1.5114669316106435,1.5114669316106435,2.965889722067164,-2.9658897220673612,5.931779444134525,0.2496248124062031,500.0,605.7015711341014,300.7702026467489,0.06355722727201088,5.244585441361115e-31,2.2845322853524936,POWER_LINE_INTERFERENCE
-8.881784197001253e-18,0.6370586683009776,0.6370586683009776,0.9916668992288128,-0.9916668992288116,1.9833337984576245,0.012376547068383549,100.0,99.36844763236013,6.117587948386123,1.0,1.1000432217514549e-28,0.405843746857415,POWER_LINE_INTERFERENCE
-1.0178524689763434e-15,1.4455050297317429,1.4455050297317429,2.5688603570200526,-2.5688603570200432,5.137720714040096,0.24990623827978498,2000.0,1729.5797549915924,672.3578194496267,0.13926674559847116,0.8607332544015288,2.089484790979767,POWER_LINE_INTERFERENCE
-8.713030297258228e-16,1.1776864193972179,1.1776864193972179,1.8862031690919656,-1.8862031690919625,3.772406338183928,0.24990623827978498,2000.0,1946.4014536489806,318.1551732264556,0.027603314681129816,0.9723966853188701,1.3869453024326395,POWER_LINE_INTERFERENCE
6.084022174945858e-16,0.7329087207411158,0.7329087207411158,1.1732894151871165,-1.1732894151860893,2.346578830373206,0.49987496874218557,2000.0,1946.8804734091743,316.77044388347275,0.02735661893881397,0.972643381061186,0.5371551929383789,POWER_LINE_INTERFERENCE
5.773159728050814e-17,1.1152388030836606,1.1152388030836606,1.9143110558262018,-1.914311055826205,3.8286221116524066,0.1248906113264158,1000.0,918.9153776121967,264.29413811343045,0.08610057321257242,1.1067231479374322e-26,1.2437575879034761,POWER_LINE_INTERFERENCE
1.687538997430238e-17,0.5107515835622384,0.5107515835622384,0.8842395248179749,-0.8842395248179761,1.768479049635951,0.37484371092773194,1500.0,1360.644944093262,426.10747526487063,0.09665734071800483,1.1308774993198475e-26,0.26086718011133414,POWER_LINE_INTERFERENCE
3.1974423109204506e-17,0.7760876965839265,0.7760876965839265,1.4335338166401672,-1.4335338166401712,2.8670676332803384,0.1248906113264158,1000.0,761.8662010951117,409.5664886346934,0.25286492041532227,9.058413490224347e-27,0.6023121127889448,POWER_LINE_INTERFERENCE
-3.7214675785435246e-16,1.5183021820089497,1.5183021820089497,2.739148787242032,-2.7391487872422395,5.478297574484271,0.12478119529882471,500.0,638.8385386158485,276.8643678949275,0.006874106122872348,3.80037633310676e-27,2.305241515893138,POWER_LINE_INTERFERENCE
3.019806626980426e-17,1.0427000228217402,1.04270002282174,1.6474055156379597,-1.6474055156379575,3.294811031275917,0.06238279784973122,500.0,490.6970339941436,63.55256879825792,0.021059673824264775,2.9774810578046865e-27,1.0872233375924574,POWER_LINE_INTERFERENCE
1.2889664140772793e-17,1.2645088565025608,1.2645088565025608,2.102883249599115,-2.1028832495991225,4.205766499198237,0.018051523947750364,200.0,189.1038643340442,38.52217880609554,1.0,4.0275123510337136e-28,1.598982648173414,POWER_LINE_INTERFERENCE
-3.705778440472178e-17,0.48961133421544334,0.48961133421544334,0.8425845175906149,-0.8425845175906046,1.6851690351812194,0.09062046444121916,1000.0,915.1800746056056,269.72650623130806,0.09006694464675104,1.1012383382160864e-26,0.23971925859222654,POWER_LINE_INTERFERENCE
-1.2889664140772793e-17,0.9466836963916848,0.9466836963916848,1.860653486198318,-1.860653486198299,3.721306972396617,0.008980406386066763,100.0,109.86967484445196,57.99841099381708,0.9650463214784389,1.5590143788463024e-28,0.8962100210138237,POWER_LINE_INTERFERENCE
-1.225686219186173e-16,0.6936015082830895,0.6936015082830895,1.434338006871994,-1.434338006872239,2.868676013744233,0.1248906113264158,1000.0,1070.59451647075,681.739412497307,0.17525640268305662,0.1963675231707002,0.48108305229257664,POWER_LINE_INTERFERENCE
3.852076128469949e-15,0.8565590342539888,0.8565590342539888,1.6273004171043532,-1.6273004171045482,3.2546008342089014,0.13597605224963716,1500.0,1868.4149604544768,872.1955733243449,0.0321638240939248,0.23043718473954222,0.733693379162126,POWER_LINE_INTERFERENCE
-2.7711166694643907e-16,1.5168259432297677,1.5168259432297677,3.0881833812502197,-3.0881833812507686,6.176366762500988,0.1248906113264158,1000.0,1129.7037667900443,654.6214851913253,0.12710055623212355,0.20783320089711285,2.3007609420548745,POWER_LINE_INTERFERENCE
-5.844214001626824e-16,0.9352226036345853,0.9352226036345853,1.8304272889406255,-1.8304272889412643,3.6608545778818895,0.24990623827978498,2000.0,2427.1014147002443,1212.622500214694,0.057428291613629404,0.9425717083863706,0.8746413183490526,POWER_LINE_INTERFERENCE
-2.842170943040401e-17,1.4464743291274154,1.4464743291274154,2.5982183387056716,-2.5982183387056628,5.196436677411334,0.012376547068383549,100.0,93.21248998148134,18.985110709127113,1.0,1.0020118583331725e-28,2.0922879848246065,POWER_LINE_INTERFERENCE
-8.378281691502315e-17,1.1938849558149918,1.1938849558149918,2.14187526851645,-2.1418752685164275,4.283750537032878,0.09062046444121916,1000.0,847.1116819488867,347.4617430143156,0.16234609515412898,1.014108464969244e-26,1.425361287721365,POWER_LINE_INTERFERENCE
-5.364597654988756e-16,1.4123979920678729,1.4123979920678729,2.4329346139216215,-2.432934613921615,4.865869227843236,0.2496248124062031,500.0,460.26630062538806,126.65487658679665,0.08994752298717956,2.849888031087833e-32,1.994868087997359,POWER_LINE_INTERFERENCE
-1.724959303638919e-15,0.7716743602588014,0.7716743602588014,1.4072560413708786,-1.4072560413710962,2.8145120827419747,0.18133164005805516,2000.0,2536.6473402923534,1125.5758676744047,0.013839576207634166,0.9861604237923658,0.5954813182808305,POWER_LINE_INTERFERENCE
1.2940759575030825e-15,1.028375843143352,1.028375843143352,1.6535265354953292,-1.6535265354953261,3.3070530709906554,0.49987496874218557,2000.0,1942.2847675627725,329.7872393654742,0.029723412878137522,0.9702765871218625,1.0575568747608002,POWER_LINE_INTERFERENCE
-5.3290705182007515e-18,0.6905209669109135,0.6905209669109135,1.3008136205544014,-1.3008136205543948,2.601627241108796,0.012376547068383549,100.0,82.67453813813674,27.156070888054106,1.0,8.344811946414967e-29,0.4768192057435829,POWER_LINE_INTERFERENCE
-1.4210854715202004e-17,1.1036498683479512,1.1036498683479512,2.0400602864247412,-2.040060286424733,4.080120572849474,0.024756189047261814,100.0,89.45264898549316,22.813053234610173,1.0,5.13912153540016e-29,1.21804303190445,POWER_LINE_INTERFERENCE
-1.1723955140041654e-16,0.9121135093807854,0.9121135093807854,1.699817191240343,-1.6998171912399187,3.3996343824802615,0.49974987493746875,1000.0,717.7296820272182,431.7136177084198,0.29973175508069383,4.197065254589514e-26,0.8319510539949321,POWER_LINE_INTERFERENCE
-2.5757174171303633e-17,0.8740673817029967,0.8740673817029967,1.4948507411408731,-1.4948507411408694,2.9897014822817427,0.024756189047261814,100.0,96.61557249125062,13.828932925288633,1.0,5.756883501306758e-29,0.7639937877571321,POWER_LINE_INTERFERENCE
-6.075140390748857e-16,1.2524013854387066,1.2524013854387066,2.4354893679684206,-2.4354893679683975,4.870978735936818,0.04952476238119059,100.0,117.81162233267972,57.37492031151072,0.9596678046954827,1.3047241945091706e-34,1.5685092302487915,POWER_LINE_INTERFERENCE
-8.615330671091215e-16,1.4823261298125072,1.4823261298125072,2.6339940137359137,-2.6339940137359195,5.267988027471834,0.24981245311327832,1000.0,867.5255115214945,327.5881663038595,0.14066945196451136,7.526028180582714e-27,2.1972907551249263,POWER_LINE_INTERFERENCE
-2.8599345114344033e-16,0.5437272476412741,0.5437272476412741,1.021059148577335,-1.0210591485773284,2.0421182971546634,0.24990623827978498,50.0,982.915348776094,969.9756286105062,0.5237997967559923,0.4762002032440078,0.29563931982755537,POWER_LINE_INTERFERENCE
3.286260152890463e-17,1.235933767951718,1.235933767951718,2.0645747900108025,-2.064574790010798,4.1291495800216005,0.06238279784973122,500.0,474.8537522507224,102.5620278098142,0.05692504682598652,2.869799279845327e-27,1.5275322787633312,POWER_LINE_INTERFERENCE
1.7363888105137449e-15,1.3983601393748493,1.3983601393748493,2.346879738546899,-2.3468797385468934,4.693759477093792,0.49987496874218557,2000.0,1881.4451728488336,464.9666906285829,0.061055876019263655,0.9389441239807363,1.9554110793924477,POWER_LINE_INTERFERENCE
2.9309887850104134e-17,0.572280779706357,0.572280779706357,1.0752252882602513,-1.0752252882602547,2.150450576520506,0.37484371092773194,1500.0,761.2305129791654,720.9186011619137,0.5124140889931338,6.110372752386062e-27,0.32750529082131596,POWER_LINE_INTERFERENCE
5.800348863347757e-18,0.8134708955134872,0.8134708955134872,1.304993152702865,-1.3049931527028686,2.6099863054057337,0.018051523947750364,200.0,194.3894821938761,28.173719081217083,1.0,4.170718830869369e-28,0.6617348978475148,POWER_LINE_INTERFERENCE
-1.1235457009206583e-15,1.5113289589279497,1.5113289589279497,2.9471031594311716,-2.9471031594318013,5.894206318862973,0.37484371092773194,1500.0,1782.757565685195,785.9827589367562,0.053873406312475954,0.2252682365922697,2.2841152220942402,POWER_LINE_INTERFERENCE
1.5983183534558262e-16,1.0757001421964705,1.0757001421964705,1.9857964926693352,-1.985796492669376,3.9715929853387113,0.13597605224963716,1500.0,1086.6993647826837,652.1296541904152,0.2866673193680401,1.5244671775817973e-26,1.157130795921507,POWER_LINE_INTERFERENCE
3.375077994860476e-17,0.6928121777789669,0.6928121777789669,1.2422636955645419,-1.2422636955645487,2.484527391129091,0.024878109763720464,200.0,146.2295949969634,70.83566521293476,1.0,2.92577280567438e-28,0.47998871367883483,POWER_LINE_INTERFERENCE
-1.0658141036401503e-17,0.8841363723272433,0.8841363723272433,1.6461103177956737,-1.6461103177956666,3.2922206355913404,0.024756189047261814,100.0,87.94114687567397,24.016454777725052,1.0,5.008202673627572e-29,0.7816971248719778,POWER_LINE_INTERFERENCE
-6.470611398667942e-16,0.6609301676114022,0.6609301676114022,1.383645117015547,-1.383645117015678,2.767290234031225,0.09062046444121916,1000.0,949.6519527693101,719.1254910856695,0.27378736857297264,0.17290776938738803,0.43682868645883627,POWER_LINE_INTERFERENCE
3.09351939378547e-17,1.2665517654316836,1.2665517654316836,2.286799565672035,-2.2867995656720295,4.573599131344064,0.04526487663280116,500.0,422.4503187631216,168.45197871625595,0.17555379553104375,2.5387315326726865e-27,1.6041533745181145,POWER_LINE_INTERFERENCE
1.9141151249047597e-16,1.1073982565437344,1.1073982565437344,1.8548619158667432,-1.8548619158667072,3.7097238317334504,0.13597605224963716,1500.0,1402.9713787903997,361.28489293251243,0.06729952091534457,1.9927652500223356e-26,1.2263308985961023,POWER_LINE_INTERFERENCE
-2.1405099914773017e-16,0.91796043836138,0.91796043836138,1.8268923535233597,-1.8268923535234776,3.653784707046837,0.12478119529882471,500.0,593.8490987241194,308.0075337218657,0.08383171768522925,3.5081869361767646e-27,0.842651366396617,POWER_LINE_INTERFERENCE
7.105427357601002e-18,0.936406405897608,0.936406405897608,1.676332550783311,-1.6763325507833302,3.3526651015666413,0.04976244061015254,200.0,146.01208772451417,70.89602120728543,1.0,1.530225440668203e-28,0.8768569570060758,POWER_LINE_INTERFERENCE
6.410352218809829e-15,1.4065823445934813,1.4065823445934813,2.533062654501174,-2.5330626545015,5.066125309002674,0.13597605224963716,1500.0,1917.143574529217,831.0247412145924,0.006110124126140312,0.23664044663663383,1.9784738921220948,POWER_LINE_INTERFERENCE
7.105427357601002e-18,1.1201853723255237,1.1201853723255237,2.2014238917440943,-2.201423891744058,4.402847783488152,0.012376547068383549,100.0,110.85872689827958,57.98046320428181,0.9643765067914728,1.7200576570515757e-28,1.2548152683720724,POWER_LINE_INTERFERENCE
-1.4823113761888712e-16,1.5471409711696325,1.5471409711696325,3.0182262986693833,-3.0182262986693456,6.036452597338728,0.018051523947750364,200.0,233.55852757024633,121.56162672743332,0.7901386105968495,7.246621929239609e-28,2.3936451846717137,POWER_LINE_INTERFERENCE
-6.83152199460958e-17,0.9139133371048334,0.9139133371048334,1.7856423627888967,-1.785642362788881,3.5712847255777778,0.018051523947750364,200.0,175.85270760360748,130.18517705161688,0.8592208113257198,5.002525976339712e-28,0.8352375877380928,POWER_LINE_INTERFERENCE
-1.5428927976505032e-15,0.6253948078098505,0.6253948078098504,1.0575733335071476,-1.057573333507089,2.1151466670142365,0.18133164005805516,2000.0,1863.3133030787308,496.7700919766464,0.0703938103681473,0.9296061896318527,0.3911186656355196,POWER_LINE_INTERFERENCE
-2.6645352591003756e-16,1.0342546915539226,1.0342546915539226,2.0848437246798217,-2.0848437246801996,4.169687449360021,0.24981245311327832,1000.0,1157.0345047334686,639.85201114379,0.10483441662309916,0.21313466270878592,1.0696827670012994,POWER_LINE_INTERFERENCE
-3.4265923432030832e-15,1.5183705703493653,1.5183705703493653,2.8823448889324856,-2.8823448889331273,5.7646897778656125,0.7498749374687343,1500.0,1317.8651442713706,349.37737170731464,0.030239538793141937,4.2799995318802765e-30,2.305449188903057,POWER_LINE_INTERFERENCE
-2.637889906509372e-16,0.4538556561168319,0.4538556561168319,0.9380856505763396,-0.938085650576631,1.8761713011529706,0.24990623827978498,2000.0,2158.326129864535,1366.8008320965503,0.16437493828758593,0.835625061712414,0.20598495658923996,POWER_LINE_INTERFERENCE
-1.7763568394002505e-18,0.8251063805345819,0.8251063805345819,1.4451975693721046,-1.4451975693721117,2.8903951387442164,0.04976244061015254,200.0,172.7583564660682,57.138382851133294,1.0,1.9146938289901394e-28,0.6808005391988782,POWER_LINE_INTERFERENCE
6.283862319378385e-17,0.45791924807857665,0.45791924807857665,0.8628212621368427,-0.8628212621368331,1.7256425242736757,0.024878109763720464,200.0,247.96728039407566,114.874175530813,0.7728892524661809,8.15411509106772e-28,0.20969003776084905,POWER_LINE_INTERFERENCE
-2.9665159217984184e-16,0.5882298363634455,0.5882298363634455,1.0182964653380948,-1.0182964653380961,2.036592930676191,0.1873984248031004,1500.0,1360.795633367568,425.90165765726493,0.09655282190859112,2.2654245852237905e-26,0.3460143403881659,POWER_LINE_INTERFERENCE
0.0,0.6230153994806175,0.6230153994806175,1.201897917942085,-1.2018979179420741,2.403795835884159,0.024756189047261814,100.0,97.06018691871151,56.692348387648636,0.9737212775760202,7.708721026688225e-29,0.38814818798999334,POWER_LINE_INTERFERENCE
-7.460698725481052e-17,0.6888142525811186,0.6888142525811186,1.2811774811372234,-1.2811774811372179,2.5623549622744415,0.04952476238119059,100.0,88.17756051999685,23.838563806744386,1.0,1.323429924798678e-32,0.47446507455888504,POWER_LINE_INTERFERENCE
6.838973831690964e-17,1.25463894111504,1.25463894111504,2.118265874874481,-2.1182658748744885,4.23653174974897,0.024878109763720464,200.0,185.8060452034645,43.431362525276484,1.0,4.0246302044055325e-28,1.574118872562269,POWER_LINE_INTERFERENCE
-5.417888360170764e-17,0.895742040068355,0.895742040068355,1.8521860345666623,-1.8521860345667696,3.7043720691334316,0.06238279784973122,500.0,536.9315573246091,334.8319121727212,0.18119318856926964,4.8179760488694506e-27,0.8023538023458184,POWER_LINE_INTERFERENCE
3.73800260082411e-17,1.0841861358630327,1.0841861358630327,1.9494638352707307,-1.9494638352707265,3.8989276705414575,0.04526487663280116,500.0,426.943808467443,164.49966980755354,0.16538161738418933,2.569480420216524e-27,1.1754595771976144,POWER_LINE_INTERFERENCE
-1.0977885267493548e-15,1.4633433587344304,1.4633433587344304,2.8823248152405303,-2.8823248152411356,5.7646496304816655,0.37484371092773194,1500.0,1761.1860029495208,804.2298314055487,0.06570838518474986,0.2224503844798235,2.141373785552164,POWER_LINE_INTERFERENCE
-5.915268275202834e-16,1.240652571557025,1.2406525715570251,2.2622039102767952,-2.2622039102767997,4.524407820553595,0.1873984248031004,1500.0,1207.7131378156503,579.7624808530235,0.20273158115236486,1.999305010980797e-26,1.5392188033110592,POWER_LINE_INTERFERENCE
-5.471179065352771e-16,1.0613022529354346,1.0613022529354346,2.0703866015769763,-2.0703866015771153,4.140773203154092,0.2496248124062031,500.0,609.8308855506243,298.09684446274775,0.0564937435822743,4.303160920607013e-31,1.126362472085829,POWER_LINE_INTERFERENCE
-1.4114182234146208e-15,1.2420633234491034,1.2420633234491034,2.350556565237564,-2.3505565652378344,4.701113130475399,0.09062046444121916,1000.0,1250.6728817131054,576.6977689747041,0.02854795926848744,0.23129810493607514,1.542721299457432,POWER_LINE_INTERFERENCE
0.0,0.7248265313791985,0.7248265313791985,1.3605294923887081,-1.3605294923887037,2.721058984777412,0.008980406386066763,50.0,78.03071399184044,28.863357835283367,1.0,7.360127583875808e-29,0.5253735005912002,POWER_LINE_INTERFERENCE
-7.70801915618213e-16,0.7443042142709991,0.7443042142709991,1.5393241199456305,-1.5393241199457754,3.0786482398914057,0.09062046444121916,1000.0,1053.397821846658,688.4762536327107,0.18926641602797617,0.19303180570762535,0.5539887633815694,POWER_LINE_INTERFERENCE
-6.270539643082884e-16,0.8708741603700793,0.8708741603700793,1.7701404060700128,-1.770140406070361,3.5402808121403737,0.37484371092773194,1500.0,1662.8304558396665,875.9519902286203,0.11966997509270061,0.2096023868826922,0.7584218032002905,POWER_LINE_INTERFERENCE
6.439293542825907e-17,1.1999223007639523,1.1999223007639523,1.8995153762410928,-1.8995153762410946,3.7990307524821874,0.1248906113264158,1000.0,979.2299096949702,138.36690306375397,0.022054942457362215,1.1838092562602827e-26,1.439813527870657,POWER_LINE_INTERFERENCE
-4.272138198757602e-16,0.7089859628213817,0.7089859628213817,1.249305924247826,-1.2493059242478286,2.4986118484956545,0.24981245311327832,1000.0,882.2924712761401,311.5924800251475,0.12498899786556968,7.66229920111736e-27,0.5026610954777617,POWER_LINE_INTERFERENCE
9.022764898540955e-18,1.3270987414286068,1.3270987414286068,2.389811156799156,-2.3898111567991513,4.779622313598307,0.008980406386066763,100.0,92.96068981715854,19.288161461131782,1.0,9.609437517265712e-29,1.7611910695013921,POWER_LINE_INTERFERENCE
-1.021405182655144e-16,0.8273696926281099,0.8273696926281099,1.5291420724212734,-1.5291420724208762,3.0582841448421494,0.49974987493746875,1000.0,759.4326661378309,410.9422038940243,0.2554489955282653,4.460269019389428e-26,0.684540608279533,POWER_LINE_INTERFERENCE
-4.192202140984591e-16,0.8701144977493159,0.8701144977493159,1.7951008827668211,-1.7951008827671595,3.5902017655339806,0.1873984248031004,1500.0,1628.0023181660454,1018.4194320427945,0.16070511281266142,0.19983211599698608,0.7570992391935443,POWER_LINE_INTERFERENCE
-6.554756737386924e-16,1.3308077744992728,1.330807774499273,2.585112708718749,-2.5851127087187242,5.170225417437473,0.04952476238119059,100.0,118.18922788636355,57.317709380711726,0.95941207928168,4.943003230814247e-34,1.7710493326677077,POWER_LINE_INTERFERENCE
-3.7214675785435246e-16,0.7193911650221986,0.7193911650221986,1.3733276026701589,-1.3733276026701453,2.7466552053403044,0.04952476238119059,100.0,122.19944860500009,56.55119658158237,0.956696241702734,5.301286125988945e-34,0.5175236483119962,POWER_LINE_INTERFERENCE
-8.961720254774263e-16,1.1746772520695339,1.1746772520695339,2.259535700293599,-2.259535700294093,4.519071400587692,0.37484371092773194,1500.0,1806.9959139715459,764.2346644519374,0.04057532756951201,0.22843444581678493,1.3798666465296314,POWER_LINE_INTERFERENCE
-2.6645352591003758e-18,0.5527686678812813,0.5527686678812813,1.0793070634929762,-1.079307063492966,2.1586141269859422,0.024756189047261814,100.0,102.57148100443484,57.60810333632915,0.969988869652169,8.421712220013039e-29,0.30555320019124627,POWER_LINE_INTERFERENCE
-1.0089706847793422e-15,1.3671177486950035,1.3671177486950035,2.103623737018056,-2.1036237370180535,4.20724747403611,0.24990623827978498,2000.0,1978.040309863705,205.3446277295642,0.011309266358876333,0.9886907336411237,1.8690109387968945,POWER_LINE_INTERFERENCE
-1.4566126083082054e-16,0.7074940116532236,0.7074940116532237,1.1722126119944816,-1.1722126119944827,2.3444252239889645,0.7498749374687343,1500.0,1427.9006909379898,314.3059884282763,0.05000842944803766,1.0204655530327433e-29,0.5005477765251718,POWER_LINE_INTERFERENCE
-7.283063041541027e-17,0.8319760841592173,0.8319760841592173,1.5648601821071604,-1.564860182106827,3.1297203642139877,0.49974987493746875,1000.0,552.2749326824463,470.68503605545584,0.4754216496601398,3.1437608556450547e-26,0.6921842046129051,POWER_LINE_INTERFERENCE
1.3469699027107568e-16,0.7762570927296928,0.7762570927296928,1.2643282422370656,-1.2643282422370405,2.528656484474106,0.13597605224963716,1500.0,1438.337523550355,291.7731798222649,0.04276939187407755,2.0452188165015154e-26,0.6025750740131549,POWER_LINE_INTERFERENCE
-8.881784197001253e-18,1.158316541011957,1.158316541011957,1.9897269830007671,-1.9897269830007756,3.9794539660015427,0.04976244061015254,200.0,180.9028548281123,49.43933726436038,1.0,2.0322966896873047e-28,1.3416972091819044,POWER_LINE_INTERFERENCE
-3.943512183468556e-16,0.7903520674026714,0.7903520674026714,1.5291602480521471,-1.5291602480521322,3.0583204961042796,0.04952476238119059,100.0,119.3792632196369,57.12070511073378,0.9586061528987861,1.4063588594626142e-34,0.6246563904476767,POWER_LINE_INTERFERENCE
3.375077994860476e-17,1.0786868625774058,1.0786868625774058,1.7526672063555604,-1.7526672063555622,3.5053344127111226,0.37484371092773194,1500.0,1448.0769893503596,268.6836901945853,0.036014051293737234,1.2067001865592551e-26,1.1635653474970873,POWER_LINE_INTERFERENCE
-3.68594044175552e-15,1.5998567837551405,1.5998567837551405,2.8295111605832575,-2.8295111605839476,5.659022321167205,0.7498749374687343,1500.0,1353.8597147516884,280.88494201564004,0.002527660203280164,4.460014084751665e-30,2.5595417285273423,POWER_LINE_INTERFERENCE
-2.327027459614328e-16,1.3409019461364882,1.3409019461364884,2.7456744157141477,-2.74567441571463,5.491348831428778,0.1248906113264158,1000.0,1110.913008483769,663.9332383539221,0.14240924085941295,0.20418827598585348,1.7980180291526218,POWER_LINE_INTERFERENCE
7.105427357601002e-17,1.3662517072115181,1.3662517072115181,2.36174242448756,-2.3617424244875647,4.723484848975125,0.1248906113264158,1000.0,910.2764657448495,276.61955740566844,0.09527389414331615,1.0957103078984101e-26,1.866643727458388,POWER_LINE_INTERFERENCE
7.105427357601002e-18,0.7622783888686415,0.7622783888686415,1.3497888876128559,-1.3497888876128727,2.6995777752257286,0.04976244061015254,50.0,123.70479696158903,73.49219966168748,1.0,1.21106645796652e-28,0.5810683421361719,POWER_LINE_INTERFERENCE
1.5205614545266144e-15,1.1897602825278497,1.1897602825278497,1.7761952486499377,-1.7761952486499364,3.552390497299874,0.49987496874218557,2000.0,1991.648647392877,127.08144788748183,0.004300956457247303,0.9956990435427526,1.4155295298807486,POWER_LINE_INTERFERENCE
-7.354117315117037e-16,1.5350706797167935,1.5350706797167935,3.054147478588943,-3.054147478589141,6.108294957178084,0.2496248124062031,500.0,594.1268472179137,307.84510405814933,0.0833566092875949,4.620438393255278e-31,2.3564419917261783,POWER_LINE_INTERFERENCE
9.022764898540955e-18,1.0345438048630258,1.0345438048630258,1.7644585994098272,-1.7644585994098225,3.5289171988196495,0.008980406386066763,100.0,96.74675836193278,13.573997865303822,1.0,1.019283293461996e-28,1.0702808841804663,POWER_LINE_INTERFERENCE
-1.474376176702208e-16,0.8916521145728856,0.8916521145728856,1.8723930236784274,-1.872393023678696,3.7447860473571235,0.1248906113264158,1000.0,764.9069053873782,735.3019842689558,0.4242977216266402,0.13707197104127578,0.7950434934222983,POWER_LINE_INTERFERENCE
-1.5454304502782178e-16,0.6384320763293735,0.6384320763293735,1.2610139157071463,-1.261013915707229,2.522027831414375,0.12478119529882471,500.0,600.5603129884257,303.98746944232954,0.07235171211709628,3.5518096744177314e-27,0.407595516086235,POWER_LINE_INTERFERENCE
3.552713678800501e-17,0.6461815181354763,0.6461815181354763,1.0945415498908004,-1.0945415498908044,2.189083099781605,0.024878109763720464,200.0,184.9927153883308,44.52149551206528,1.0,4.0035591808070735e-28,0.41755055437986893,POWER_LINE_INTERFERENCE
-3.485365183664963e-15,1.397583403934111,1.397583403934111,2.30869668209675,-2.308696682096619,4.617393364193369,0.18133164005805516,2000.0,1904.7727562923355,419.37544909471666,0.04904214299142666,0.9509578570085734,1.9532393709520568,POWER_LINE_INTERFERENCE
3.552713678800501e-18,0.9399424353280318,0.9399424353280318,1.8300470291792956,-1.830047029179279,3.660094058358575,0.012376547068383549,100.0,100.97457999747087,57.39874492942013,0.9710703372493052,1.4824553561611675e-28,0.8834917817303912,POWER_LINE_INTERFERENCE
4.938272013532697e-16,0.625600974473236,0.625600974473236,1.1539504841364057,-1.1539504841363972,2.307900968272803,0.24981245311327832,50.0,752.4581639084337,930.8769166304068,0.6424855191777968,0.35751448082220305,0.3913765792618625,POWER_LINE_INTERFERENCE
2.042810365310288e-17,0.7006968198077933,0.7006968198077933,1.1405415372882428,-1.140541537288244,2.281083074576487,0.37484371092773194,1500.0,1446.4221513542257,272.7692418793604,0.03716185493089025,1.2053457937023183e-26,0.4909760332887551,POWER_LINE_INTERFERENCE
-8.277822871605168e-16,1.0511930056850756,1.0511930056850756,1.8456637897668156,-1.8456637897668249,3.6913275795336404,0.09954977488744372,200.0,171.4064684764818,58.20788222303126,1.0,3.881501381959333e-32,1.1050067352012234,POWER_LINE_INTERFERENCE
7.733798484463675e-18,0.8699353205886051,0.8699353205886051,1.5008104936556503,-1.5008104936556534,3.001620987311304,0.018051523947750364,200.0,179.59567416507798,50.84173764942824,1.0,3.7685780449172883e-28,0.7567874620075992,POWER_LINE_INTERFERENCE
-3.730349362740526e-16,1.1507534672119102,1.1507534672119102,2.098790221273404,-2.0987902212733967,4.197580442546801,0.2496248124062031,500.0,410.1137084369047,178.2729498063813,0.20348090924979004,2.513024092285174e-32,1.3242335423002327,POWER_LINE_INTERFERENCE
-7.736034035588091e-16,1.4518942434915743,1.4518942434915743,2.7108645581821285,-2.710864558182102,5.42172911636423,0.04952476238119059,100.0,124.98596577201063,55.84308726663314,0.9548091315989492,3.231210999258897e-34,2.1079968942839704,POWER_LINE_INTERFERENCE
-2.007283228522283e-16,0.6683759534474327,0.6683759534474327,1.2332470226830654,-1.2332470226830603,2.466494045366126,0.2496248124062031,500.0,391.783498347563,190.4695673636066,0.24497608889129047,1.468345332262202e-32,0.4467264151467647,POWER_LINE_INTERFERENCE
2.9309887850104134e-17,1.1058614476727573,1.1058614476727573,1.7944247296931006,-1.7944247296930975,3.588849459386198,0.06238279784973122,500.0,484.4620344900132,81.5414364948914,0.035174210604123846,2.935498051138398e-27,1.2229295414488865,POWER_LINE_INTERFERENCE
-3.872457909892546e-16,0.9589693693360629,0.9589693693360629,2.0159976916252575,-2.015997691625361,4.031995383250619,0.2496248124062031,500.0,456.92499130498686,354.11356019516234,0.31805006531620883,4.114189161187692e-31,0.9196222513248064,POWER_LINE_INTERFERENCE
-1.0800249583553523e-15,1.2821461450004223,1.2821461450004223,2.1898431590783907,-2.1898431590783995,4.37968631815679,0.09954977488744372,200.0,182.70536728096258,47.37845365049203,1.0,5.079517907137904e-32,1.6438987371394442,POWER_LINE_INTERFERENCE
-1.2889664140772793e-18,0.5500049506616805,0.5500049506616805,1.0309204946642976,-1.030920494664295,2.0618409893285925,0.008980406386066763,100.0,85.96462609485243,25.369043436258504,1.0,8.53962654304794e-29,0.30250544575235766,POWER_LINE_INTERFERENCE
-2.806643806252396e-16,1.1132512626655928,1.1132512626655928,2.0526733082061996,-2.0526733082063506,4.10534661641255,0.12478119529882471,500.0,634.3352466364748,280.46289554406513,0.014577304823157246,3.7711452033245046e-27,1.2393283738265368,POWER_LINE_INTERFERENCE
-5.995204332975846e-16,0.835836948476833,0.835836948476833,1.589597245697592,-1.589597245697563,3.179194491395155,0.09954977488744372,200.0,240.26746455627378,118.7125838386987,0.7821070440787069,4.2817205336030127e-32,0.698623404439064,POWER_LINE_INTERFERENCE
1.9334496211159187e-17,0.6368775120593769,0.6368775120593769,1.3419999848240456,-1.3419999848240944,2.68399996964814,0.04526487663280116,500.0,435.74997967876226,356.0473502725014,0.35427141689296004,3.695148513278202e-27,0.40561296536694175,POWER_LINE_INTERFERENCE
-1.0698421236841418e-16,1.121423275687545,1.121423275687545,2.1640080439217124,-2.164008043921684,4.328016087843396,0.018051523947750364,200.0,239.9557694089239,118.8548509919562,0.7824801881870104,7.497435523533349e-28,1.2575901632537836,POWER_LINE_INTERFERENCE
3.286260152890463e-17,0.9928655410744351,0.9928655410744351,1.7926959875145716,-1.7926959875145654,3.585391975029137,0.12478119529882471,500.0,422.5947862203118,168.3282205441335,0.1752267560121705,1.66910979797556e-27,0.9857819826530309,POWER_LINE_INTERFERENCE
-1.5499821129279283e-15,0.6534306800637897,0.6534306800637897,1.1599821149948406,-1.1599821149947798,2.3199642299896204,0.18133164005805516,2000.0,1727.1978849638597,674.8311353729345,0.1404934114762075,0.8595065885237925,0.4269716536486267,POWER_LINE_INTERFERENCE
1.7763568394002505e-17,0.8076711120933755,0.8076711120933755,1.5186949465830955,-1.518694946583088,3.0373898931661834,0.06238279784973122,500.0,335.08034816069835,214.32787535625326,0.3733383603423445,1.9201382013570617e-27,0.65233262531015,POWER_LINE_INTERFERENCE
-4.867217739956687e-16,1.05313590271435,1.0531359027143499,2.212629147082778,-2.2126291470831623,4.425258294165941,0.1873984248031004,1500.0,1458.1817721042046,1078.3276609405402,0.2515029661781249,0.17821357948139946,1.1090952295859686,POWER_LINE_INTERFERENCE
3.5349501104064986e-16,0.46371118506924774,0.46371118506924774,0.8398707951811246,-0.8398707951805271,1.6797415903616517,0.49987496874218557,2000.0,1645.3042356407898,750.3714735933156,0.18266873760998767,0.8173312623900123,0.21502806315832612,POWER_LINE_INTERFERENCE
-4.085620730620576e-16,0.8179532614286226,0.8179532614286226,1.6410043246166492,-1.6410043246167532,3.2820086492334024,0.2496248124062031,500.0,585.6053567240564,312.67782705152257,0.09793322008641403,5.247973742161979e-31,0.6690475378817207,POWER_LINE_INTERFERENCE
-5.577760475716786e-16,1.0951474943137673,1.0951474943137673,2.1083909627498274,-2.108390962749807,4.216781925499634,0.04952476238119059,100.0,120.58589498731952,56.89484851017945,0.957788986929992,3.1470236770908827e-37,1.199348034301723,POWER_LINE_INTERFERENCE
-3.7836400679225334e-16,1.398865105627638,1.398865105627638,2.3492524971411406,-2.349252497141144,4.698504994282285,0.49974987493746875,1000.0,941.4066341595626,227.5826167999701,0.06221799197864288,1.0640240628501677e-31,1.9568235837426227,POWER_LINE_INTERFERENCE
8.348877145181177e-17,0.8364304025439739,0.8364304025439739,1.5488665000340838,-1.548866500034056,3.09773300006814,0.04976244061015254,200.0,251.4038857666566,112.94968285290177,0.7687751394995546,4.769695095943532e-28,0.6996158182998743,POWER_LINE_INTERFERENCE
4.098913196765748e-15,0.9271469347689453,0.9271469347689453,1.8199823115771272,-1.819982311577333,3.6399646231544605,0.13597605224963716,1500.0,1805.428562825289,918.8739184699083,0.06584072496710383,0.22241887500783286,0.8596014386514509,POWER_LINE_INTERFERENCE
8.378281691502316e-18,0.9749042038108121,0.9749042038108121,1.6309800632540983,-1.6309800632541047,3.261960126508203,0.018051523947750364,200.0,187.91808439230192,40.38718374613238,1.0,3.995129146894864e-28,0.9504382066079934,POWER_LINE_INTERFERENCE
-7.460698725481052e-17,0.5665707391720175,0.5665707391720175,1.058860295530453,-1.0588602955304571,2.11772059106091,0.49974987493746875,50.0,477.18150892294256,468.44645654524766,0.5551604045533294,6.931110087643771e-32,0.32100240248592626,POWER_LINE_INTERFERENCE
0.0,1.4292274532113043,1.4292274532113043,2.4779779059399676,-2.47797790593996,4.955955811879928,0.008980406386066763,100.0,95.87819910009136,15.161327982145714,1.0,1.0064030127071496e-28,2.042691113012871,POWER_LINE_INTERFERENCE
-7.746688148604448e-16,0.8672609544522265,0.8672609544522265,1.818438905995375,-1.8184389059955315,3.6368778119909067,0.09062046444121916,1000.0,798.9592619318584,735.842262185153,0.3965555316277753,0.14367725437433965,0.7521415631173869,POWER_LINE_INTERFERENCE
-6.465938895416912e-16,1.016911021479504,1.016911021479504,2.1464978437608493,-2.146497843761204,4.292995687522053,0.37484371092773194,1500.0,1314.5106024114468,1019.0540643748499,0.3107714801913171,0.1641020285258784,1.0341080256064885,POWER_LINE_INTERFERENCE
-1.5725390251742808e-15,1.4498038163257054,1.4498038163257054,2.9276415845769943,-2.9276415845772923,5.855283169154287,0.09062046444121916,1000.0,1147.2512981864393,645.3107170154442,0.1128047188978147,0.21123697169099717,2.1019311058325796,POWER_LINE_INTERFERENCE
-1.892202695865446e-15,0.8319436147869053,0.8319436147869053,1.5188883784581648,-1.518888378458088,3.037776756916253,0.18133164005805516,2000.0,1590.4283107770952,792.2713062542438,0.2109299037339788,0.7890700962660212,0.6921301781847027,POWER_LINE_INTERFERENCE
-1.865174681370263e-16,1.1321816400333284,1.1321816400333284,2.3785182240978586,-2.3785182240982374,4.7570364481960965,0.1248906113264158,1000.0,953.6424683323936,718.2479530613845,0.2705363265841474,0.17368182700377402,1.2818352660285575,POWER_LINE_INTERFERENCE
5.413658939124573e-17,1.3632537342138182,1.3632537342138182,2.4482669675108975,-2.448266967510892,4.89653393502179,0.04526487663280116,500.0,428.2096980350009,163.3466627970845,0.16251594837351832,2.577697321469786e-27,1.85846074384792,POWER_LINE_INTERFERENCE
-8.597567102697212e-16,1.6003617866525712,1.6003617866525712,2.844125177297844,-2.8441251772980634,5.688250354595907,0.2496248124062031,500.0,640.8524980426771,275.21596706442966,0.003429086410575442,3.954712815928216e-31,2.56115784817781,POWER_LINE_INTERFERENCE
-9.022764898540955e-17,1.1884200514903385,1.1884200514903385,1.9665623328216655,-1.9665623328216384,3.933124665643304,0.09062046444121916,1000.0,953.1159977242908,204.92020170283593,0.04978427908477656,1.1497666888143265e-26,1.4123422187842989,POWER_LINE_INTERFERENCE
-1.687538997430238e-17,0.5864307411017256,0.5864307411017256,0.9998910519135186,-0.9998910519135161,1.9997821038270347,0.024756189047261814,100.0,96.76224077904503,13.543510282339327,1.0,5.759207770156543e-29,0.3439010141091191,POWER_LINE_INTERFERENCE
4.382485807862749e-17,1.264795151516292,1.264795151516292,2.2704405815255333,-2.270440581525528,4.540881163051061,0.04526487663280116,500.0,428.6628704872037,162.92952688861308,0.1614900751172336,2.580736056201231e-27,1.5997067752991203,POWER_LINE_INTERFERENCE
-5.3290705182007515e-18,0.6849017848924793,0.6849017848924793,1.1308286296157701,-1.1308286296157737,2.261657259231544,0.04976244061015254,200.0,190.36052437318943,36.39952899502063,1.0,2.168405817289596e-28,0.46909045494890406,POWER_LINE_INTERFERENCE
-1.0658141036401503e-17,1.1331480402554959,1.1331480402554959,1.8547395413442902,-1.8547395413442866,3.709479082688577,0.012376547068383549,100.0,98.29287239426712,9.966231747331989,1.0,1.083242923940623e-28,1.284024481134871,POWER_LINE_INTERFERENCE
-7.780442956573097e-16,1.5385645622011563,1.5385645622011563,3.005401819634382,-3.005401819634584,6.010803639268966,0.2496248124062031,500.0,608.9337132889829,298.684571440506,0.0580284200437303,4.761262545016698e-31,2.3671809120612357,POWER_LINE_INTERFERENCE
-3.1619151741324457e-16,1.3154741609539307,1.3154741609539307,2.372177272669445,-2.3721772726694508,4.744354545338895,0.49974987493746875,1000.0,836.4553019480704,356.9338547015834,0.173661686192502,1.2951453255398558e-31,1.7304722681374476,POWER_LINE_INTERFERENCE
1.0871303857129533e-15,0.9939696737718277,0.9939696737718277,1.854964362012813,-1.854964362012804,3.709928724025617,0.49987496874218557,2000.0,1414.8736546464368,891.0782705262021,0.3013407590056149,0.698659240994385,0.9879757123780735,POWER_LINE_INTERFERENCE
-1.285743998042086e-15,1.135341956346877,1.135341956346877,2.1695540628914487,-2.1695540628916947,4.339108125783143,0.09062046444121916,1000.0,1241.610875921891,583.7654693432169,0.0359307048973345,0.22954030835777814,1.289001357841554,POWER_LINE_INTERFERENCE
-3.0553337637684306e-16,0.954560108455948,0.954560108455948,1.7385406157598098,-1.7385406157598031,3.477081231519613,0.2496248124062031,500.0,411.99530487451847,176.86592320733843,0.19922142821760108,1.9718188520111972e-32,0.9111850006554312,POWER_LINE_INTERFERENCE
-1.0658141036401503e-17,1.107615211076045,1.107615211076045,2.055151362006565,-2.0551513620065562,4.110302724013121,0.012376547068383549,100.0,88.71152556890196,23.423029675697443,1.0,9.301225539386311e-29,1.2268114558070318,POWER_LINE_INTERFERENCE
1.675656338300463e-17,1.2191696949151944,1.2191696949151944,1.9159346329509361,-1.9159346329509332,3.8318692659018696,0.008980406386066763,100.0,99.2157284624116,6.808452594032204,1.0,1.0592651326332705e-28,1.486374744999608,POWER_LINE_INTERFERENCE
5.026969014901389e-17,1.3921986307406424,1.3921986307406424,2.1988321132673976,-2.1988321132674007,4.397664226534799,0.04526487663280116,500.0,490.7339464527314,63.42905726898345,0.020976112910742927,3.0055517991476e-27,1.93821702743612,POWER_LINE_INTERFERENCE
-2.1049828546892967e-16,0.7388853194631878,0.7388853194631878,1.181087953335959,-1.1810879533359604,2.3621759066719195,0.49974987493746875,1000.0,974.7746249458015,152.1176992734518,0.02678583420270477,8.583722628814299e-32,0.5459515153182171,POWER_LINE_INTERFERENCE
1.59187352138544e-16,0.897203318716287,0.897203318716287,1.4472664662623251,-1.4472664662622965,2.894532932524622,0.13597605224963716,1500.0,1447.9603255222917,268.97408287778853,0.03609496988908822,2.0595739559148232e-26,0.8049737951155194,POWER_LINE_INTERFERENCE
-2.9217646191096726e-15,1.3061961502219126,1.3061961502219128,2.369115250964393,-2.3691152509647613,4.738230501929154,0.18133164005805516,2000.0,2541.993069644486,1120.881209583079,0.011712491388110802,0.9882875086118893,1.7061483828545456,POWER_LINE_INTERFERENCE
-5.773159728050814e-16,0.8896692009267246,0.8896692009267246,1.7416955993231729,-1.7416955993231464,3.483391198646319,0.09954977488744372,200.0,213.09981071404616,127.70643922986575,0.8146306494472164,2.630966883842163e-32,0.7915112870775968,POWER_LINE_INTERFERENCE
-1.06597522444191e-15,1.0302153766884445,1.0302153766884445,2.1347825439712276,-2.1347825439714265,4.269565087942654,0.09062046444121916,1000.0,1041.5550632643467,692.8294581309653,0.19891461932550816,0.19073461444630818,1.0613437223653135,POWER_LINE_INTERFERENCE
-6.927791673660977e-17,1.0762614658533693,1.0762614658533693,2.161440129728458,-2.161440129728595,4.322880259457053,0.06238279784973122,500.0,584.4619849110566,313.30295139125207,0.09988903825325259,5.292701427827855e-27,1.1583387428808432,POWER_LINE_INTERFERENCE
-7.218211918832764e-17,0.9233105265760357,0.9233105265760357,1.3930753766131947,-1.3930753766131714,2.786150753226366,0.09062046444121916,1000.0,993.8694189026112,75.7679339169392,0.00650982308441676,1.2020278159457761e-26,0.8525023284861164,POWER_LINE_INTERFERENCE
-2.2204460492503132e-17,1.175379088613032,1.175379088613032,1.9743013806170628,-1.9743013806170584,3.9486027612341212,0.024756189047261814,100.0,97.41199242777621,12.177777904980505,1.0,5.814388254636956e-29,1.3815160019488018,POWER_LINE_INTERFERENCE
-1.4299672557172017e-16,0.760896126259019,0.760896126259019,1.5750798262254921,-1.57507982622576,3.150159652451252,0.1248906113264158,1000.0,1065.7302500976043,683.6956042695688,0.1792192826603246,0.19542398031896974,0.578962914955981,POWER_LINE_INTERFERENCE
-6.616929226765933e-16,1.2497736727444013,1.2497736727444013,1.9222082339745756,-1.9222082339745765,3.844416467949152,0.1873984248031004,1500.0,1483.853437662524,151.74639140407405,0.011199333724370703,2.4797423219315778e-26,1.5619342330850299,POWER_LINE_INTERFERENCE
-1.7763568394002505e-17,0.910427492471519,0.910427492471519,1.5931857679389814,-1.5931857679389767,3.1863715358779583,0.024756189047261814,100.0,95.30404445911013,16.099356972902683,1.0,5.625955891064995e-29,0.8288782190479778,POWER_LINE_INTERFERENCE
3.019806626980426e-17,0.7233739719322789,0.7233739719322789,1.34464714668669,-1.3446471466866816,2.6892942933733717,0.09977494373593399,50.0,234.84149198516448,217.43415648395253,0.6002549817989006,8.220392067526831e-28,0.5232699032690814,POWER_LINE_INTERFERENCE
-1.0977885267493548e-15,1.4396622176768679,1.4396622176768679,2.564090771336169,-2.5640907713361156,5.1281815426722845,0.09954977488744372,200.0,254.77337597486095,110.92707087392911,0.7647413730778724,5.190176067978784e-32,2.0726273010062775,POWER_LINE_INTERFERENCE
3.68594044175552e-17,1.2372357508744276,1.2372357508744276,1.948149229532806,-1.9481492295328033,3.8962984590656093,0.12478119529882471,500.0,491.3432352126638,61.35121463388626,0.019596829944333087,1.9806998524242805e-27,1.5307523032418089,POWER_LINE_INTERFERENCE
-2.5224267119483554e-16,1.0288992689356904,1.0288992689356906,2.1335391114532705,-2.133539111453632,4.267078222906902,0.24981245311327832,1000.0,1056.907189881634,687.1417685338844,0.1864073611876708,0.1937125330505545,1.0586337056163986,POWER_LINE_INTERFERENCE
-8.15347789284715e-16,1.5252281515584276,1.5252281515584276,2.846587919901941,-2.846587919901913,5.693175839803853,0.04952476238119059,100.0,125.0256533438243,55.83193252067454,0.9547822540262391,6.647138008299332e-34,2.326320914306338,POWER_LINE_INTERFERENCE
-4.253589166455022e-17,0.607899076387839,0.607899076387839,1.119341104879432,-1.119341104879422,2.2386822097588537,0.09062046444121916,1000.0,772.7121293177124,403.1994992496867,0.24134805557106037,9.188531698931806e-27,0.3695412870731878,POWER_LINE_INTERFERENCE
2.0913480068403855e-16,1.1754384552926302,1.1754384552926302,1.8064057416403336,-1.8064057416402972,3.612811483280631,0.13597605224963716,1500.0,1481.3707568658472,162.85368424101617,0.012921333131547244,2.1092402418145947e-26,1.381655562180725,POWER_LINE_INTERFERENCE
-1.0889067425523535e-15,1.426938360741588,1.426938360741588,2.6447827623228655,-2.644782762323474,5.289565524646339,0.37484371092773194,1500.0,1851.0002172590891,721.0020577021407,0.01643289495678573,0.23418264405791034,2.03615308535589,POWER_LINE_INTERFERENCE
-4.312106227644108e-16,0.5971955571731015,0.5971955571731015,1.1276223159327914,-1.1276223159327707,2.255244631865562,0.09954977488744372,200.0,243.15717581365772,117.34601116054391,0.7786476423537773,4.150456996052901e-32,0.3566425335072911,POWER_LINE_INTERFERENCE
3.019806626980426e-17,0.6594055010070533,0.6594055010070533,1.2094142949871454,-1.2094142949871407,2.418828589974286,0.12478119529882471,500.0,401.9215375243613,184.0496903317407,0.2220260105886732,1.576128526795133e-27,0.43481561475836294,POWER_LINE_INTERFERENCE
5.009326287108706e-16,0.8203658283757149,0.8203658283757149,1.5444226760254096,-1.5444226760245687,3.0888453520499786,0.49987496874218557,2000.0,1053.7300824424005,970.7499693156637,0.48733012527180875,0.5126698747281914,0.673000092366573,POWER_LINE_INTERFERENCE
-9.521272659185343e-16,1.3585301274119401,1.3585301274119401,2.805437679795191,-2.8054376797957183,5.61087535959091,0.37484371092773194,1500.0,1582.0720972211934,922.9154610320264,0.16397707883482018,0.1990530764679018,1.8456041070859022,POWER_LINE_INTERFERENCE
-1.5987211554602254e-16,0.8530534352228198,0.8530534352228197,1.7937182505526996,-1.7937182505527907,3.5874365011054903,0.12478119529882471,500.0,450.1323651635056,354.87271296242034,0.32966933164498374,2.574572214092016e-27,0.7277001633454535,POWER_LINE_INTERFERENCE
-4.369837824924616e-16,0.951085258961544,0.951085258961544,1.9551346980601094,-1.9551346980602258,3.910269396120335,0.2496248124062031,500.0,549.7884696968922,329.82382578154665,0.1592005327233967,4.678540285722525e-31,0.904563169813947,POWER_LINE_INTERFERENCE
-1.0613732115416497e-15,1.3834163781505522,1.3834163781505522,2.535093456846868,-2.5350934568474606,5.070186913694329,0.37484371092773194,1500.0,1859.6914082478881,711.8313553793422,0.011664577381108545,0.2353179577664049,1.9138408753351919,POWER_LINE_INTERFERENCE
3.1974423109204506e-17,1.372100034461245,1.372100034461245,2.1677171797411696,-2.1677171797411665,4.335434359482337,0.06238279784973122,500.0,490.70794646824146,63.516082177663904,0.021034970611872778,2.9776503090869513e-27,1.8826585045685498,POWER_LINE_INTERFERENCE
2.2737367544323206e-16,1.6293269498995877,1.6293269498995877,3.1544083978145174,-3.1544083978144846,6.308816795629002,0.024878109763720464,200.0,237.7505707505217,119.83339133580373,0.7851201294694471,7.744486115796522e-28,2.6547063096690935,POWER_LINE_INTERFERENCE
-8.37108160567368e-16,1.580604053475742,1.580604053475742,2.8284764758969576,-2.8284764758976375,5.656952951794596,0.1873984248031004,1500.0,1919.772775301705,828.6637041150783,0.004704370866332881,0.23697514979373102,2.498309173863946,POWER_LINE_INTERFERENCE
-3.339550858072471e-16,1.2211886074813627,1.2211886074813627,1.9694076745807696,-1.9694076745807718,3.9388153491615414,0.49974987493746875,1000.0,970.1857872739728,164.96188691565297,0.03165854054687746,8.459060927244699e-32,1.4913016150422698,POWER_LINE_INTERFERENCE
-3.2507330161024583e-16,1.3618701610695634,1.3618701610695634,2.58633708078663,-2.5863370807868122,5.172674161573442,0.12478119529882471,500.0,624.375676363971,288.01201877946374,0.0316138525597797,3.706352457350157e-27,1.8546903356116387,POWER_LINE_INTERFERENCE
-7.993605777301126e-18,0.9817610420825119,0.9817610420825119,1.7513867854404892,-1.7513867854404834,3.5027735708809726,0.012376547068383549,100.0,93.84537890271118,18.18575192279449,1.0,1.0116786965518743e-28,0.9638547437509398,POWER_LINE_INTERFERENCE
6.590283874174929e-16,0.8753645206162776,0.8753645206162777,1.5963821885176968,-1.5963821885165825,3.1927643770342793,0.49987496874218557,2000.0,1607.0566089678898,780.2204253601986,0.2023663105244507,0.7976336894755492,0.7662630439537655,POWER_LINE_INTERFERENCE
4.9737991503207014e-17,0.4728135930706969,0.4728135930706969,0.9288509489633585,-0.9288509489633442,1.8577018979267028,0.04976244061015254,200.0,223.540423957149,125.02743999842497,0.8021317274977571,4.132836468120798e-28,0.22355269379242257,POWER_LINE_INTERFERENCE
-1.865174681370263e-17,0.8381006962283584,0.8381006962283584,1.5803931721131554,-1.5803931721131264,3.160786344226282,0.024756189047261814,100.0,124.75743986300348,55.90672618299704,0.9549638959610602,1.140606153839026e-28,0.7024127770184591,POWER_LINE_INTERFERENCE
-7.638334409421076e-17,1.1692015407543097,1.1692015407543097,2.375462695667945,-2.3754626956680913,4.750925391336036,0.06238279784973122,500.0,569.6437224416188,320.9263540950487,0.1252367218407002,5.145000512574218e-27,1.3670322429022517,POWER_LINE_INTERFERENCE
4.3915085727612906e-15,0.9983064443467085,0.9983064443467085,1.9706912048198248,-1.9706912048200453,3.9413824096398704,0.13597605224963716,1500.0,1790.5167855041018,928.9567415955621,0.07381359634236469,0.22052057229943747,0.9966157568241678,POWER_LINE_INTERFERENCE
-7.105427357601002e-16,1.4463932546386384,1.4463932546386384,2.886767397263014,-2.886767397263199,5.773534794526213,0.2496248124062031,500.0,591.0729936342653,309.61265061228437,0.08858044133405522,4.545075860587109e-31,2.092053447064153,POWER_LINE_INTERFERENCE
-2.4868995751603507e-17,1.3297986997248838,1.3297986997248838,2.5336852979296025,-2.5336852979295563,5.067370595859159,0.024756189047261814,100.0,123.40083938747838,56.263918511224475,0.9558826250808627,1.123205179567913e-28,1.768364581789992,POWER_LINE_INTERFERENCE
-1.1102230246251565e-16,0.4963184937709851,0.4963184937709851,0.8901037570285233,-0.8901037570285253,1.7802075140570486,0.49974987493746875,1000.0,848.9307962605787,345.786053370272,0.16041444917288758,7.424344941968788e-32,0.24633204725909935,POWER_LINE_INTERFERENCE
-7.105427357601002e-18,1.0594820223663488,1.0594820223663488,1.8693364676421895,-1.8693364676421993,3.738672935284389,0.04976244061015254,200.0,168.2907657062225,60.485970369006054,1.0,1.8509004007206374e-28,1.1225021557174886,POWER_LINE_INTERFERENCE
-3.09351939378547e-17,0.45839218156742506,0.45839218156742506,0.8602793880355876,-0.860279388035581,1.7205587760711687,0.09062046444121916,1000.0,656.9326885428006,453.4997834959678,0.3642896926335579,7.706207984574076e-27,0.21012339212214318,POWER_LINE_INTERFERENCE
-9.29478716216181e-16,0.43223318201446204,0.4322331820144621,0.876968202559129,-0.8769682025593022,1.7539364051184312,0.7498749374687343,1500.0,1207.0020699412153,488.61156568244365,0.1155919687552109,3.835693792685893e-30,0.1868255236343471,POWER_LINE_INTERFERENCE
-6.492584248007915e-16,0.9688784478860764,0.9688784478860764,1.8871132560119497,-1.8871132560119195,3.774226512023869,0.09954977488744372,200.0,222.95454723653899,125.20235031414204,0.802833106548241,2.763760123907867e-32,0.9387254467781324,POWER_LINE_INTERFERENCE
-1.1085111161064602e-16,1.5181467581440415,1.5181467581440415,2.69235371636551,-2.69235371636548,5.384707432730989,0.09062046444121916,1000.0,870.2294397171434,324.76840632349166,0.1377982569004517,1.0437359442134149e-26,2.304769579263263,POWER_LINE_INTERFERENCE
-1.0533796057643485e-15,1.1715273568032012,1.1715273568032012,1.861653072607801,-1.8616530726078053,3.7233061452156067,0.09954977488744372,200.0,195.36493422935493,25.69583311226874,1.0,7.905402480750047e-32,1.3724763477382953,POWER_LINE_INTERFERENCE
-8.01136934569513e-16,1.5863515242166544,1.5863515242166544,3.1973241372261496,-3.1973241372267904,6.3946482744529405,0.1873984248031004,1500.0,1737.9633937018664,961.8094088325552,0.10191228801056537,0.21383040761653282,2.516511158384503,POWER_LINE_INTERFERENCE
1.7075230118734908e-16,0.7157301715320624,0.7157301715320624,0.9607419981868204,-0.9607419981868204,1.9214839963736408,0.06238279784973122,500.0,578.2370783263548,580.0593498839846,6.71871665146769e-28,0.011678629701177471,0.5122696784413154,DISTORTED_SIGNAL
-1.687538997430238e-16,1.0422259038551367,1.0422259038551367,1.368862901718305,-1.368862901718305,2.73772580343661,0.04952476238119059,100.0,111.60274581699808,106.67016806090894,0.9759100912871677,1.547770254969915e-31,1.0862348346666568,DISTORTED_SIGNAL
8.879125703772218e-15,0.7740017169078115,0.7740017169078115,1.354086248578686,-1.354086248578686,2.708172497157372,0.12236937590711175,1000.0,1763.649050647344,1934.9894765955744,9.248255886630773e-07,0.23692453162150248,0.59907865777624,DISTORTED_SIGNAL
-2.4309906569497486e-15,0.8853629453315901,0.8853629453315901,1.3670375726547972,-1.3670375726547972,2.7340751453095944,0.029299709724238027,100.0,193.69348046585876,745.1547052076284,0.9459972734972223,0.008418641872420612,0.7838675449662282,DISTORTED_SIGNAL
3.427125250254903e-14,1.2388347768326184,1.2388347768326184,1.7714460576945334,-1.7714460576946154,3.542892115389149,0.7498749374687343,1500.0,1455.6996219205794,156.8635506261482,5.805701243636744e-27,1.0805604676172523e-27,1.5347116042899234,DISTORTED_SIGNAL
6.498135363131041e-16,0.39059821756066015,0.39059821756066015,0.7004579481939448,-0.7004579481939448,1.4009158963878896,0.24990623827978498,500.0,2268.1634087917564,2556.9753093018353,1.864128784696655e-26,0.3197316247801389,0.15256696756156482,DISTORTED_SIGNAL
-5.4819741590706685e-15,1.0397413627389855,1.0397413627389855,1.681405822792534,-1.681405822792534,3.362811645585068,0.049800435413642964,200.0,432.38754718108527,1200.2614871343378,0.8043488855618237,0.02300779002317371,1.0810621013903225,DISTORTED_SIGNAL
1.0862422072932532e-15,1.0199613063895894,1.0199613063895894,1.2637253179892554,-1.2637253179892896,2.527450635978545,0.24990623827978498,2000.0,2310.4284072752807,1070.2092473239309,5.7879048405207986e-27,1.0,1.040321066531958,DISTORTED_SIGNAL
-4.560796185160143e-16,0.4008583014974593,0.4008583014974593,0.6575436896864926,-0.6575436896867148,1.3150873793732074,0.24990623827978498,1000.0,2167.698605826855,1948.422455857851,9.652494268959798e-27,0.34347191559140855,0.160687377879428,DISTORTED_SIGNAL
-2.9616309404900674e-15,0.7150049707446563,0.7150049707446563,1.1543526831375284,-1.1543526831375284,2.3087053662750567,0.04976244061015254,200.0,310.3910927201654,424.7057104494611,0.8066142849035127,0.02221085499568007,0.5112321081895668,DISTORTED_SIGNAL
-1.0627054791711997e-15,0.4178357851541181,0.4178357851541181,0.6425472073451546,-0.6425472073451546,1.2850944146903092,0.04952476238119059,100.0,135.3201720933025,136.51619015872163,0.9476285835056311,3.686870773275086e-32,0.17458674335535834,DISTORTED_SIGNAL
1.06439301816863e-14,0.9523975267246121,0.9523975267246121,1.563378863902781,-1.5633788639027155,3.1267577278054963,0.2496248124062031,500.0,639.5972633251589,310.2350810670916,9.603479897260436e-28,1.7641922317965634e-28,0.9070610489111582,DISTORTED_SIGNAL
-7.354117315117037e-16,0.6473457349539067,0.6473457349539067,1.0854866525270586,-1.0854866525270586,2.170973305054117,0.07488436054506814,100.0,364.2055757770506,1161.7482469856845,0.9151567220593043,0.04067082567309072,0.41905650056301363,DISTORTED_SIGNAL
-1.9539925233402755e-16,0.7615319930248569,0.7615319930248569,0.9211804137273577,-0.9211804137273496,1.8423608274547072,0.24981245311327832,1000.0,1113.7627596484535,463.23164163739455,3.6066686333930678e-28,0.056881379824226835,0.5799309764004107,DISTORTED_SIGNAL
-1.3589129821411916e-16,0.8440270379182538,0.8440270379182538,1.0815247627328706,-1.0815247627328706,2.163049525465741,0.04952476238119059,100.0,107.57027266026611,76.13564961998854,0.9787445331118277,9.985596303966226e-32,0.7123816407370616,DISTORTED_SIGNAL
4.860556401808935e-16,0.34255631881432264,0.34255631881432264,0.5961058548018991,-0.5961058548018991,1.1922117096037983,0.24990623827978498,500.0,1811.9864546648398,2329.5627857822988,1.3795641231269883e-26,0.23657612002739967,0.11734483155961985,DISTORTED_SIGNAL
5.004618941484296e-14,1.0401033219886389,1.0401033219886389,1.661064824715117,-1.6610648247150108,3.322129649430128,0.24990623827978498,2000.0,2411.1852647021387,1038.0324737924109,1.8927185795457956e-26,1.0,1.0818149204118022,DISTORTED_SIGNAL
1.2404448846273577e-14,0.434242714424164,0.434242714424164,0.7740519401489634,-0.7740519401489634,1.5481038802979268,0.16681785195936139,1500.0,2464.68290473677,2073.604654983301,7.370242213201738e-07,0.25275493792180964,0.18856673503046606,DISTORTED_SIGNAL
3.142108795373133e-14,0.6910458372233327,0.6910458372233327,1.1715740602848004,-1.1715740602846116,2.343148120569412,0.24990623827978498,2000.0,2885.6811201393634,1553.3124061062454,2.836058215709414e-26,1.0,0.47754434914369687,DISTORTED_SIGNAL
1.0960121699099545e-15,0.7215077618170955,0.7215077618170955,1.1486694813873335,-1.1486694813872687,2.297338962774602,0.49987496874218557,2000.0,2043.7162380559776,204.46302498547513,1.534373185144194e-26,1.0,0.5205734503623146,DISTORTED_SIGNAL
-6.397784796272576e-15,1.134615752177422,1.134615752177422,1.89190428381013,-1.89190428381013,3.78380856762026,0.06449564586357039,200.0,551.2843113891348,1528.5277924363065,0.7921450121623385,0.03783069484787597,1.287352905089137,DISTORTED_SIGNAL
-2.1677192668744642e-15,0.8706879581442779,0.8706879581442779,1.3263478084634697,-1.3263478084634697,2.6526956169269393,0.08209361393323658,500.0,1005.5642080106481,1883.7141897104095,4.570578754750901e-10,0.06365220668199544,0.7580975204574518,DISTORTED_SIGNAL
1.6702195182460855e-14,0.8537458388105947,0.8537458388105947,1.274286824768272,-1.274286824768272,2.548573649536544,0.37484371092773194,1500.0,1881.0079786356273,697.9048070252409,2.0596839739846216e-27,0.2506279574171835,0.728881957286406,DISTORTED_SIGNAL
1.6764367671839864e-16,0.6109532080797818,0.6109532080797818,0.7801541478327981,-0.7801541478327981,1.5603082956655963,0.1248906113264158,1000.0,1067.0749880170404,464.3833518498726,3.483840970159656e-28,0.025072008566493307,0.3732638224629772,DISTORTED_SIGNAL
-1.63069557856943e-15,1.1016456535606383,1.1016456535606383,1.5788313701152794,-1.5788313701153018,3.157662740230581,0.12478119529882471,500.0,658.0549155004035,403.48534162686065,3.8480892772513953e-28,0.023137280188564483,1.2136231460090456,DISTORTED_SIGNAL
2.260591713820759e-14,0.9780736620146525,0.9780736620146525,1.6131378370026168,-1.613137837002529,3.226275674005146,0.24981245311327832,1000.0,1296.0909010497414,640.3069622592504,3.8846165577159994e-27,0.19530493777355348,0.9566280883267526,DISTORTED_SIGNAL
-1.5187850976872143e-16,0.5996446165912738,0.5996446165912738,0.845402149519593,-0.845402149519593,1.690804299039186,0.04976244061015254,200.0,269.53423009581985,413.8281827837542,0.9596277616998399,0.021981511819045334,0.3595736662068957,DISTORTED_SIGNAL
-6.494804694057165e-16,0.795977665923196,0.795977665923196,1.0626217981514168,-1.0626217981514168,2.1252435963028335,0.09954977488744372,200.0,217.7531829551941,128.86462505929472,0.9746912342961823,2.800692487883027e-32,0.633580444648539,DISTORTED_SIGNAL
-2.0649241953518013e-15,0.933523289459187,0.933523289459187,1.3709621096544504,-1.3709621096544504,2.741924219308901,0.09062046444121916,1000.0,1335.4486502488064,1463.2742164342494,2.4008892400517967e-10,0.05857160327296897,0.8714657319627009,DISTORTED_SIGNAL
-2.487705179169149e-16,1.149838446486091,1.149838446486091,1.44892824170543,-1.44892824170543,2.89785648341086,0.018051523947750364,200.0,219.63235881985977,309.7660163491632,0.9800412068285053,0.0015186147214110441,1.322128453017547,DISTORTED_SIGNAL
-2.1284057912451075e-15,1.0878951824563132,1.0878951824563132,1.5617251343883152,-1.5617251343883152,3.1234502687766303,0.09062046444121916,1000.0,1259.5847990501136,1277.8210903406568,2.395700751173741e-10,0.04827072908047952,1.1835159280116552,DISTORTED_SIGNAL
-3.0574283341913063e-15,0.8825992574340551,0.882599257434055,1.4504914566625466,-1.4504914566625466,2.9009829133250933,0.05705732946298984,100.0,368.1682622797677,1386.2817583191434,0.9255577988149732,0.0298428290074883,0.7789814492231453,DISTORTED_SIGNAL
-3.737454790098127e-15,1.2277994219914907,1.227799421991491,2.0073590660200433,-2.0073590660200433,4.014718132040087,0.0498812351543943,200.0,407.4924779779872,945.0096987679655,0.8004111789201946,0.02758906625336937,1.5074914206426393,DISTORTED_SIGNAL
-3.1605456473174888e-15,1.3197250619059055,1.3197250619059055,1.969182738366124,-1.969182738366124,3.938365476732248,0.01696298984034833,100.0,147.502875806156,428.1224670501376,0.9514084790268722,0.002746782952745298,1.7416742390225464,DISTORTED_SIGNAL
8.242295734817163e-16,0.8820025249121082,0.8820025249121083,1.0615583300013596,-1.061558330001376,2.1231166600027356,0.24990623827978498,2000.0,2212.5333295302476,897.1972480785803,4.2619598488687e-27,1.0,0.7779284539513341,DISTORTED_SIGNAL
-8.038014698286133e-17,0.7612532792036075,0.7612532792036075,1.0864359729157573,-1.0864359729157573,2.1728719458315147,0.12478119529882471,500.0,602.6263380789006,466.94172706747565,2.238160981245567e-28,0.03359480618832101,0.5795065550982457,DISTORTED_SIGNAL
9.402083546083634e-15,0.705336849585794,0.705336849585794,1.1099287760333907,-1.1099287760333907,2.2198575520667814,0.09062046444121916,1000.0,1345.6559557284206,1044.4493345099133,9.842448809266864e-07,0.18788929287414016,0.497500071383613,DISTORTED_SIGNAL
1.0627165814014461e-14,0.5298729876047897,0.5298729876047897,0.7706565017243102,-0.7706565017243102,1.5413130034486204,0.37484371092773194,1500.0,1831.1349045021343,671.1816517824996,2.007014072985028e-27,0.21722871352647993,0.2807653829932257,DISTORTED_SIGNAL
2.0586199411809503e-14,0.8966630208909235,0.8966630208909235,1.4859997693877158,-1.4859997693876292,2.971999538775345,0.24981245311327832,1000.0,1315.0488379396756,661.3429993236327,3.870505545284385e-27,0.20425809038875414,0.8040045730332368,DISTORTED_SIGNAL
1.563610352306455e-14,0.6328290096681123,0.6328290096681123,1.1305704979631699,-1.1305704979634983,2.2611409959266684,0.3124140517564696,1500.0,2436.2560759725443,1665.0020332513707,8.868458721051954e-27,0.2910855226681173,0.40047255547752375,DISTORTED_SIGNAL
-2.886579864025407e-18,0.7007092394804448,0.7007092394804448,0.9326051280425339,-0.9326051280425339,1.8652102560850679,0.12478119529882471,500.0,549.6641157970678,305.08377857485846,1.5087695130155913e-28,0.012245207040745065,0.49099343829326336,DISTORTED_SIGNAL
-3.835964048293983e-15,0.8687470193555958,0.8687470193555958,1.2975962072319902,-1.2975962072319902,2.5951924144639804,0.022587082728592164,200.0,273.6900045059002,448.2698013231465,0.8206382558993858,0.003222963678794814,0.754721383639232,DISTORTED_SIGNAL
-8.43769498715119e-17,0.41765164172269387,0.41765164172269387,0.6594035908248279,-0.6594035908248279,1.3188071816496558,0.04952476238119059,100.0,226.94811842206732,396.5776877687517,0.8948333585513308,1.28760941918808e-30,0.17443289383366142,DISTORTED_SIGNAL
-4.072742143534924e-15,0.9012158325390163,0.9012158325390163,1.4280317139517387,-1.4280317139517387,2.8560634279034773,0.09954977488744372,200.0,271.0055882597793,207.50181141542168,0.8122402702490666,9.115776669612024e-31,0.8121899768189922,DISTORTED_SIGNAL
-4.233946526710497e-15,1.2647198385549652,1.2647198385549652,1.933321129013259,-1.933321129013259,3.866642258026518,0.024878109763720464,200.0,287.4169358650858,475.6849443693689,0.8175966374723035,0.0067106374687223086,1.599516270034497,DISTORTED_SIGNAL
-7.744915819785092e-16,0.5098329966809692,0.509832996680969,0.6296705342211435,-0.6296705342211435,1.259341068442287,0.7498749374687343,1500.0,1485.7154450307828,118.66130986361472,7.369626007996974e-28,5.8692949589402245e-30,0.259929684504697,DISTORTED_SIGNAL
3.77570486843587e-15,0.5344520662459398,0.5344520662459399,0.8425006341807064,-0.8425006341807064,1.6850012683614128,0.055787373004354136,500.0,732.2443795874274,954.4946935134848,7.066227346683128e-07,0.026028746885765605,0.2856390111145545,DISTORTED_SIGNAL
1.6098163366714e-14,0.5605719764713042,0.5605719764713042,0.9950237226734372,-0.9950237226734372,1.9900474453468744,0.1635522496371553,1500.0,2434.9390743253907,2036.7486713411338,7.407765106648677e-07,0.24892539174581751,0.31424094080494436,DISTORTED_SIGNAL
3.321469076094993e-14,1.0564620047186783,1.0564620047186783,1.6806845053433837,-1.6806845053433837,3.3613690106867673,0.13597605224963716,1500.0,1982.2285902029516,1274.4570893128823,7.977378751084468e-07,0.1906364673298888,1.1161119674142086,DISTORTED_SIGNAL
1.247890679678676e-16,1.0991388358523648,1.0991388358523646,1.5914567390739354,-1.5914567390739354,3.1829134781478707,0.1873984248031004,1500.0,1714.1532833265553,919.5772226321881,2.387121361881527e-27,0.05326707606604521,1.2081061804788915,DISTORTED_SIGNAL
-3.739231146937527e-16,0.45652998012929613,0.45652998012929613,0.6184851546520226,-0.6184851546520226,1.2369703093040452,0.09954977488744372,200.0,221.60276426573458,146.55214304708176,0.9717650011332555,4.944824139865175e-32,0.20841962275685552,DISTORTED_SIGNAL
-1.2647660696529783e-15,0.8080705553456928,0.8080705553456928,0.9932082617175853,-0.9932082617175853,1.9864165234351705,0.7498749374687343,1500.0,1484.8065740076872,122.32164893807169,7.424342401885803e-28,5.616117934413857e-30,0.6529780224166963,DISTORTED_SIGNAL
3.983480212355062e-16,0.36926842942382093,0.36926842942382093,0.458022880351519,-0.4580228803515316,0.9160457607030505,0.24990623827978498,2000.0,2314.7149681969477,1076.9467775060127,5.854131455781842e-27,1.0,0.13635917296913544,DISTORTED_SIGNAL
-2.4795282984798463e-15,0.6659632046806341,0.6659632046806341,0.8814266889734697,-0.8814266889734697,1.7628533779469393,0.18133164005805516,2000.0,2121.564290497206,773.3877028104517,5.9534682476246275e-05,0.9999368848585326,0.44350698998850013,DISTORTED_SIGNAL
2.0827783941967935e-16,0.8003723543691169,0.8003723543691169,1.0360249382965485,-1.0360249382965485,2.072049876593097,0.024878109763720464,200.0,231.3358884402386,370.6931616650937,0.9774785042973447,0.004089048102237633,0.6405959056383633,DISTORTED_SIGNAL
-3.730349362740526e-16,0.8270657181377176,0.8270657181377176,1.2605074563983956,-1.2605074563983603,2.5210149127967556,0.49974987493746875,1000.0,1007.211208279655,59.61210124609771,2.1002147077356787e-27,5.7576798744743225e-31,0.6840377021186584,DISTORTED_SIGNAL
-3.7481129311345284e-16,0.9623699460463372,0.9623699460463372,1.2370500249912801,-1.2370500249912535,2.4741000499825336,0.24981245311327832,1000.0,1242.0440810988252,652.3057756931757,4.295384238722961e-28,0.12102204054941255,0.9261559130532299,DISTORTED_SIGNAL
-9.530154443382343e-16,0.5523381476167583,0.5523381476167583,0.8870439997336547,-0.88704399973375,1.7740879994674046,0.12478119529882471,500.0,931.6977591394733,842.4691286125621,6.228656241686037e-28,0.1372780831746916,0.30507742931271187,DISTORTED_SIGNAL
-4.270345729838026e-15,1.018112475912646,1.018112475912646,1.4863353920201268,-1.4863353920201268,2.9726707840402535,0.019321480406386066,200.0,257.5014151197364,267.6866777049846,0.8223000087199851,0.0012047528101551239,1.0365530136089784,DISTORTED_SIGNAL
-1.7763568394002506e-16,1.0249897586283332,1.0249897586283332,1.4332145568667762,-1.4332145568667762,2.8664291137335525,0.04952476238119059,100.0,131.03630169408441,194.48159491487306,0.9622501656189901,3.8268167641887183e-31,1.0506040052929688,DISTORTED_SIGNAL
-1.7337242752546444e-15,0.8696888170417783,0.8696888170417783,1.0133243125621494,-1.0133243125621494,2.0266486251242988,0.7498749374687343,1500.0,1473.504982521689,160.60209066863047,8.353534206061303e-28,4.326700865829573e-30,0.7563586384875277,DISTORTED_SIGNAL
-3.801403636316536e-16,0.8484315030274351,0.8484315030274351,1.2855152674723604,-1.2855152674723276,2.571030534944688,0.49974987493746875,1000.0,1005.9895774611111,54.39589775335017,2.1024444494465724e-27,7.529136073320566e-31,0.7198360153293927,DISTORTED_SIGNAL
-1.5187850976872143e-16,0.831307842192415,0.831307842192415,1.2423131563807355,-1.2423131563807355,2.484626312761471,0.12478119529882471,500.0,661.6626574261612,592.2096037934962,3.004259320037023e-28,0.05739293434286115,0.6910727284906093,DISTORTED_SIGNAL
-2.3447910280083307e-16,1.0705236209035178,1.0705236209035178,1.5402857660266356,-1.5402857660266356,3.080571532053271,0.04976244061015254,100.0,194.74495266594482,505.2154971894747,0.9506798991280677,0.03128926224943465,1.1460208229123787,DISTORTED_SIGNAL
-9.947598300641404e-16,0.40045144474447414,0.4004514447444742,0.7099716263310472,-0.7099716263310472,1.4199432526620943,0.14957478739369684,100.0,243.33584314523782,391.02555246048223,0.8726229043256546,7.698276339910532e-31,0.16036135959793665,DISTORTED_SIGNAL
-3.979039320256561e-16,0.9523900480933646,0.9523900480933646,1.406270916830496,-1.406270916830474,2.81254183366097,0.49974987493746875,1000.0,1002.137459161943,32.621478343303046,2.1127138295277536e-27,4.230476174772686e-31,0.9070468037072813,DISTORTED_SIGNAL
2.2612134387145488e-14,0.8274470075143096,0.8274470075143096,1.1793418411158965,-1.1793418411159542,2.3586836822318507,0.7498749374687343,1500.0,1456.7553365407873,155.13040349552423,5.6868585801638655e-27,1.0591325402132125e-27,0.6846685502443859,DISTORTED_SIGNAL
-2.1488366641619905e-16,0.6891094465546566,0.6891094465546566,0.8730835590786742,-0.8730835590786742,1.7461671181573484,0.37484371092773194,1500.0,1542.3924528946752,289.557433128684,4.42793394864314e-28,0.02299157181564586,0.474871829330865,DISTORTED_SIGNAL
-3.9256680546736736e-15,1.0411137360984757,1.0411137360984757,1.5175237199317535,-1.5175237199317535,3.035047439863507,0.13597605224963716,1500.0,1808.668276597108,1344.8185593995272,6.876614855864955e-09,0.05493369636193504,1.0839178114929264,DISTORTED_SIGNAL
-7.815842417713271e-14,0.3129268796424957,0.3129268796424957,0.5364785783930024,-0.53647857839291,1.0729571567859124,0.49987496874218557,2000.0,2473.021884630095,499.27165079852875,1.4100700670206764e-25,1.0,0.097923232002789,DISTORTED_SIGNAL
3.4123774604678372e-15,0.640287018308901,0.640287018308901,1.125003796622752,-1.125003796622752,2.250007593245504,0.10477140783744557,500.0,1214.842310380314,2063.272972034086,6.614688087147401e-07,0.08839577830041982,0.40996746581490295,DISTORTED_SIGNAL
9.059419880941278e-16,0.5196519355622665,0.5196519355622665,0.7112832522626829,-0.7112832522627379,1.4225665045254208,0.24990623827978498,2000.0,3026.450326534416,1747.0549600098605,1.6555811954720173e-26,1.0,0.27003813413361,DISTORTED_SIGNAL
-2.128510701027153e-13,0.6226347893425869,0.6226347893425869,0.9267934894224963,-0.9267934894224753,1.8535869788449717,0.49987496874218557,2000.0,2006.1893355516763,78.42848766299932,2.6259081433572564e-25,1.0,0.3876740808996875,DISTORTED_SIGNAL
-3.4283687000424835e-16,0.758227569644639,0.758227569644639,1.148304434587707,-1.1483044345876776,2.2966088691753845,0.49974987493746875,1000.0,1005.8982115356165,53.98441319945461,2.1029954772303073e-27,5.683810518149432e-31,0.5749090473692159,DISTORTED_SIGNAL
1.977973340672179e-14,0.41073244037441187,0.41073244037441187,0.6549466704249384,-0.6549466704248978,1.309893340849836,0.24990623827978498,2000.0,2404.8913470903485,1027.9950363531805,1.8779189268598576e-26,1.0000000000000002,0.1687011375759198,DISTORTED_SIGNAL
-2.183142555622908e-15,0.5318969271091032,0.5318969271091032,0.8273088359381672,-0.8273088359381672,1.6546176718763344,0.04976244061015254,200.0,277.710692875834,305.94297463783005,0.8164151437865449,0.010330116448265885,0.2829143410681066,DISTORTED_SIGNAL
-7.483702546551285e-14,0.42896913197637426,0.42896913197637426,0.6365560213588108,-0.6365560213587996,1.2731120427176106,0.49974987493746875,1000.0,1002.7037448985911,36.66827256387798,6.002004849517264e-26,3.0522692136919877e-26,0.18401451618856401,DISTORTED_SIGNAL
4.507505479978136e-17,0.8716651978147141,0.8716651978147141,1.110939982175868,-1.110939982175868,2.221879964351736,0.12478119529882471,500.0,533.0142462698545,229.42006673549437,1.248780337626874e-28,0.0055334788512847064,0.7598002170813646,DISTORTED_SIGNAL
1.2921219649797422e-14,1.1412699301830276,1.1412699301830276,1.849061094737968,-1.8490610947379047,3.698122189475873,0.2496248124062031,500.0,619.8323616039703,284.7109184798874,9.629926338894232e-28,1.7748794595414427e-28,1.3024970535399725,DISTORTED_SIGNAL
9.054978988842777e-16,0.6804292122579402,0.6804292122579402,1.1255089914907601,-1.1255089914906697,2.2510179829814296,0.49987496874218557,2000.0,2095.60842734446,294.0534916731632,1.4552527177787805e-26,1.0,0.462983912893961,DISTORTED_SIGNAL
1.4065193454371183e-14,1.2350558612918696,1.2350558612918694,1.9870352147310113,-1.9870352147309511,3.974070429461962,0.2496248124062031,500.0,611.0118543945852,272.08696785644213,9.640599438414625e-28,1.788947369133656e-28,1.5253629805114015,DISTORTED_SIGNAL
9.852174505799245e-15,0.3825782489726876,0.3825782489726876,0.7233669959157827,-0.7233669959157827,1.4467339918315654,0.24827648766328012,1500.0,3060.4687944844045,2638.4921194761882,6.61766560189882e-07,0.3294616187457449,0.14636611658700777,DISTORTED_SIGNAL
-5.210646728907401e-15,1.055018828907346,1.055018828907346,1.6562367266735853,-1.6562367266735853,3.3124734533471707,0.03619375907111756,200.0,351.3681793900129,902.2360594527081,0.8126649805613835,0.01290708780560616,1.113064729349028,DISTORTED_SIGNAL
-3.297780290216279e-15,1.0202054438830896,1.0202054438830896,1.4114672229763268,-1.4114672229763268,2.8229344459526535,0.13597605224963716,1500.0,1676.1878730191409,985.99498714051,7.0285701931439175e-09,0.03555296278816948,1.0408191477286919,DISTORTED_SIGNAL
1.1343710047888855e-14,0.9244301775251942,0.9244301775251942,1.555109318956537,-1.555109318956537,3.110218637913074,0.10640420899854862,1000.0,1552.797390996351,1565.06246851714,9.547975342031743e-07,0.21218972631008742,0.8545711531192621,DISTORTED_SIGNAL
-7.656097977815079e-16,0.4453291225679015,0.4453291225679016,0.714311011386463,-0.7143110113865387,1.4286220227730018,0.12478119529882471,500.0,925.039207188456,835.5973510413388,6.1662032201495435e-28,0.1345006947500325,0.19831802740709709,DISTORTED_SIGNAL
-3.152811848833025e-15,1.3291435501465947,1.3291435501465947,1.9801768946076486,-1.9801768946076486,3.960353789215297,0.01696298984034833,100.0,146.0772386911118,414.41585739245727,0.9515754927988779,0.0025717254057803294,1.7666225768962935,DISTORTED_SIGNAL
-6.661338147750939e-16,0.5284913181733795,0.5284913181733795,0.8627718680392484,-0.8627718680392484,1.7255437360784969,0.0498812351543943,100.0,281.752670066971,947.5857152857056,0.9285456651672328,0.026635629922207516,0.27930307338463617,DISTORTED_SIGNAL
8.991918321044068e-15,0.8049279249992619,0.8049279249992619,1.3209220066480059,-1.3209220066479508,2.6418440132959566,0.2496248124062031,500.0,639.10508492007,309.6403516594236,9.613010995308328e-28,1.7735731061975571e-28,0.6479089644436175,DISTORTED_SIGNAL
-1.3787107006574098e-15,0.5502522854403732,0.5502522854403732,0.8392825857514652,-0.8392825857514652,1.6785651715029304,0.0831821480406386,500.0,1012.4032144786096,1895.9607132631395,4.56819044412161e-10,0.06453384180141573,0.3027775776323539,DISTORTED_SIGNAL
-3.8807959113836086e-15,0.7326648511908714,0.7326648511908714,1.129689370821997,-1.129689370821997,2.259378741643994,0.18133164005805516,2000.0,2519.1111695543095,1686.8104706435456,5.568233478697842e-05,0.9999409714407913,0.5367977841705418,DISTORTED_SIGNAL
-3.93574062229618e-16,0.4741350258046537,0.4741350258046537,0.7654029496818597,-0.7654029496818597,1.5308058993637195,0.09954977488744372,200.0,350.5589942441146,409.3147915071804,0.8737397962374515,9.229980650855173e-31,0.22480402269477967,DISTORTED_SIGNAL
-2.5313084961453567e-16,0.5844155635134453,0.5844155635134451,0.8870491284377139,-0.8870491284376906,1.7740982568754045,0.49974987493746875,1000.0,1006.3420550738939,55.95360465945537,2.1024064532910093e-27,5.76915378833437e-31,0.34154155087673765,DISTORTED_SIGNAL
-5.408118397554063e-15,1.324199177725837,1.3241991777258368,2.024271757445996,-2.024271757445996,4.048543514891992,0.04976244061015254,200.0,267.4192141510333,256.57876179720313,0.8195015604509661,0.006588718895664001,1.7535034622897827,DISTORTED_SIGNAL
4.506395256953511e-15,0.8155949438673717,0.8155949438673717,1.197364375140018,-1.197364375140018,2.394728750280036,0.06238279784973122,500.0,634.6566165597649,380.6328878979689,2.2481501152360944e-28,0.014798738014984887,0.6651951124620213,DISTORTED_SIGNAL
1.2674306049120787e-15,0.7756178632058045,0.7756178632058045,1.1911104353778537,-1.191110435377809,2.3822208707556625,0.49987496874218557,2000.0,2018.0333552693505,133.07198565843942,1.576718761424238e-26,1.0,0.601583069723938,DISTORTED_SIGNAL
-4.0678571622265737e-16,0.7801621518280063,0.7801621518280063,1.1503137815235347,-1.1503137815235347,2.3006275630470694,0.37484371092773194,1500.0,1607.6330726523115,413.4364061396455,5.612997408918268e-28,0.06672119951259656,0.6086529831449052,DISTORTED_SIGNAL
-2.247091401841317e-16,0.767696086740937,0.767696086740937,1.1560624121479544,-1.1560624121479544,2.3121248242959087,0.09977494373593399,100.0,263.6341671006762,661.4232720164305,0.9273338609515885,0.05507808736946972,0.5893572815973483,DISTORTED_SIGNAL
-2.1227464230832994e-15,0.8350558584521809,0.8350558584521809,1.2476584745955985,-1.2476584745955985,2.495316949191197,0.04952476238119059,100.0,128.9133077251409,99.69853895225187,0.9520774862312078,8.002428548736105e-33,0.6973182867353087,DISTORTED_SIGNAL
-5.588958371439083e-15,1.0465038598628904,1.0465038598628902,1.701676328633584,-1.701676328633584,3.403352657267168,0.05088896952104499,200.0,450.8660401210604,1257.6567003587238,0.8024522001461428,0.025311509641854208,1.0951703287079277,DISTORTED_SIGNAL
1.048938713665848e-15,1.2155203264225605,1.2155203264225605,1.4431280790602712,-1.443128079060286,2.886256158120557,0.24990623827978498,2000.0,2175.438690829034,819.1312648631659,3.675689969475102e-27,1.0,1.477489663946408,DISTORTED_SIGNAL
-3.836930773104541e-16,0.5485483384704806,0.5485483384704806,0.9879505166673568,-0.9879505166673568,1.9759010333347136,0.1248906113264158,100.0,736.1305171766604,1793.977375345491,0.8547624662361255,0.10398016950063219,0.3009052796387249,DISTORTED_SIGNAL
-1.9128261584906826e-15,0.48739552166478817,0.48739552166478817,0.8335611817846899,-0.8335611817846899,1.6671223635693797,0.15810957910014514,100.0,1713.216023615157,3248.0526674752605,0.7880088391495129,0.19708244162260982,0.23755439453889102,DISTORTED_SIGNAL
-1.2121117916379215e-15,0.38175141979821536,0.38175141979821536,0.6050588998414741,-0.6050588998414741,1.2101177996829482,0.11783381712626996,1000.0,1727.1316985414178,2140.7037492139543,2.4289117222142095e-10,0.111754572792206,0.14573414651795324,DISTORTED_SIGNAL
-1.7587946720084476e-15,0.9649459787764064,0.9649459787764064,1.428683953797068,-1.428683953797068,2.857367907594136,0.06848693759071117,200.0,571.3803609495553,1673.1498686119055,0.9372141658921349,0.04515133129640773,0.931120741956757,DISTORTED_SIGNAL
6.963963293656021e-15,1.1018507178723544,1.1018507178723544,1.8308691836511892,-1.8308691836511892,3.6617383673023784,0.07265965166908563,500.0,898.7694659573826,1455.4291611889216,6.910499437573473e-07,0.04754917963634143,1.214075004475823,DISTORTED_SIGNAL
-5.115907697472721e-15,1.2304360331821773,1.2304360331821773,2.0235100878261045,-2.0235100878261045,4.047020175652209,0.04976244061015254,200.0,332.90743937097733,488.79248476222887,0.7998616277408946,0.030396520681396706,1.513972831753092,DISTORTED_SIGNAL
-1.675104499554436e-15,0.8590641753631829,0.8590641753631829,1.0052661588265919,-1.0052661588265919,2.0105323176531837,0.7498749374687343,1500.0,1474.4909396568949,157.66530431111627,8.257738467543905e-28,4.5871354722983734e-30,0.7379912573924255,DISTORTED_SIGNAL
-1.5987211554602254e-16,1.105360022250782,1.105360022250782,1.337321189177189,-1.3373211891771954,2.6746423783543847,0.2496248124062031,500.0,557.0143343049422,231.87000666042724,2.0150999469341906e-28,1.4304851158680527e-31,1.2218207787902493,DISTORTED_SIGNAL
-2.3465673848477308e-15,1.2652015500845653,1.265201550084565,1.8931920153863533,-1.8931920153863533,3.7863840307727066,0.024756189047261814,100.0,134.31757706857636,172.7533441104284,0.9506569652431559,0.003045675645054159,1.6007349623363862,DISTORTED_SIGNAL
-8.304468224196171e-17,0.39972119496816205,0.399721194968162,0.6522389638928681,-0.6522389638928681,1.3044779277857361,0.2496248124062031,100.0,274.64160512425644,458.0648258713664,0.8613094122736313,1.6890831556094568e-30,0.15977703370677537,DISTORTED_SIGNAL
-2.1193830263465662e-15,0.4359699119915445,0.4359699119915445,0.6799417109659286,-0.6799417109659286,1.3598834219318572,0.03619375907111756,200.0,337.3080212596927,839.0190055952967,0.8141081703281541,0.011154206893417973,0.19006976416191507,DISTORTED_SIGNAL
-1.0480505352461477e-15,0.5511056170480864,0.5511056170480865,0.6498599066683687,-0.6498599066683687,1.2997198133367374,0.7498749374687343,1500.0,1476.2158873873645,152.37594495150688,8.09892396158586e-28,4.676896998988416e-30,0.3037174011419521,DISTORTED_SIGNAL
-1.0809131367750525e-15,0.49922669491274196,0.49922669491274196,0.9308068928762914,-0.9308068928762914,1.8616137857525827,0.14978744686171544,100.0,574.3718362700511,1045.3080505659502,0.8046740596541757,0.15613800477095366,0.24922729291349993,DISTORTED_SIGNAL
-7.753797603982093e-16,0.6153989343866068,0.6153989343866068,1.0045129088308653,-1.0045129088308653,2.0090258176617306,0.0498812351543943,100.0,281.3907513255128,946.5230303229093,0.9286044345871499,0.02657402384127521,0.3787158484441711,DISTORTED_SIGNAL
-2.2115642650533118e-16,0.4629276506128816,0.4629276506128816,0.7919836179838086,-0.7919836179837358,1.5839672359675445,0.49974987493746875,1000.0,1098.0393885533106,198.5144140075179,1.869386247328233e-27,3.1160561743066398e-30,0.21430200970196217,DISTORTED_SIGNAL
-1.0125233984581428e-16,1.0568311455841417,1.0568311455841417,1.3984362071444445,-1.3984362071444445,2.796872414288889,0.024756189047261814,100.0,124.96917643891906,246.94919230522726,0.9743263864476901,0.007194289590803706,1.1168920702766891,DISTORTED_SIGNAL
1.9895236881483246e-14,0.618905907500437,0.618905907500437,0.9403469656418788,-0.9403469656418788,1.8806939312837576,0.13597605224963716,1500.0,1909.6711343354284,1087.0193654663924,8.067807412232418e-07,0.18129313255853496,0.3830445223389394,DISTORTED_SIGNAL
1.5039841380355674e-14,0.517534522586135,0.517534522586135,0.7813345942675369,-0.7813345942675369,1.5626691885350739,0.18133164005805516,2000.0,2515.1401770983716,1301.118332052453,2.8261386548151763e-05,0.9998122245951523,0.2678419820684586,DISTORTED_SIGNAL
-3.3706471728120854e-15,0.7597254277594184,0.7597254277594184,1.3395747478375082,-1.3395747478375082,2.6791494956750164,0.1013243831640058,100.0,779.717307361707,2214.4829737299274,0.8773455983880617,0.08037794242044367,0.5771827255842313,DISTORTED_SIGNAL
-4.366285111245816e-15,1.0542646497422656,1.0542646497422656,1.7069893953230566,-1.7069893953230566,3.413978790646113,0.04976244061015254,200.0,313.602699899102,434.49650321109374,0.8056511232256132,0.023378413085290255,1.1114739516961822,DISTORTED_SIGNAL
5.670002134724192e-15,0.7378881358763554,0.7378881358763554,1.1033369454790667,-1.1033369454790667,2.2066738909581334,0.04526487663280116,500.0,650.0941115898297,543.2228402683759,7.142918561672068e-07,0.015412131747968889,0.5444789010670826,DISTORTED_SIGNAL
6.563638521583925e-16,0.6600733589622945,0.6600733589622945,1.0460326498548447,-1.0460326498548447,2.0920652997096894,0.09988748593574197,200.0,758.138814641915,1698.909189694937,0.888213723681813,0.09503710705486422,0.43569683921176605,DISTORTED_SIGNAL
-1.509903313490213e-16,1.009445531639359,1.009445531639359,1.3201540086868866,-1.3201540086868866,2.640308017373773,0.04976244061015254,200.0,221.55011188681576,202.3409065664053,0.9764918778742985,0.004794204340324115,1.0189802813466677,DISTORTED_SIGNAL
-1.3936873877185006e-13,0.4610049465923122,0.4610049465923122,0.7926743097726852,-0.7926743097725912,1.5853486195452764,0.49987496874218557,2000.0,2225.4675792725534,417.88987780218883,2.056432937250848e-25,1.0,0.21252556078258067,DISTORTED_SIGNAL
1.0835776720341528e-15,1.0022522903382303,1.0022522903382303,1.2445853750054565,-1.2445853750054914,2.489170750010948,0.24990623827978498,2000.0,2319.292943328121,1084.077390988923,5.924864491204458e-27,1.0,1.0045096534882283,DISTORTED_SIGNAL
1.9971579945377017e-14,0.6744949725258029,0.6744949725258029,0.9825332992536456,-0.9825332992536755,1.9650665985073212,0.7498749374687343,1500.0,1449.314340727989,166.82076551796368,6.529227757002415e-27,1.2179199663915464e-27,0.4549434679625836,DISTORTED_SIGNAL
3.737277154414187e-14,0.7860241971676608,0.7860241971676608,1.2834026480102354,-1.2834026480101153,2.566805296020351,0.24990623827978498,2000.0,2523.7968618908094,1197.9822703179707,2.1482579117269993e-26,0.9999999999999998,0.6178340385330657,DISTORTED_SIGNAL
-6.59472476627343e-16,0.7962484058471456,0.7962484058471456,1.1595212687539385,-1.1595212687539385,2.319042537507877,0.09954977488744372,200.0,252.69279805887302,244.40546231002423,0.9481321224945047,2.4978405581263714e-31,0.6340115238141207,DISTORTED_SIGNAL
1.2877580080640818e-14,0.9806086662106928,0.9806086662106929,1.5650840950529206,-1.5650840950529206,3.130168190105841,0.09170899854862119,1000.0,1377.1580924361685,1141.4959872372463,9.797661382444079e-07,0.19158502913447595,0.961593356247514,DISTORTED_SIGNAL
-3.47277762102749e-16,0.4950543575188051,0.4950543575188051,0.6902287436294144,-0.6902287436293822,1.3804574872587967,0.24981245311327832,1000.0,1669.8503061149622,943.9285882033746,8.242908064089807e-28,0.33492515305748105,0.24507881689835692,DISTORTED_SIGNAL
-2.4976731793913134e-13,0.7332740463605874,0.7332740463605874,1.1159574068390277,-1.1159574068389906,2.231914813678018,0.49987496874218557,2000.0,2013.796656185261,116.64608207465375,2.6056623152719876e-25,1.0,0.5376908270660288,DISTORTED_SIGNAL
-9.50350909079134e-17,0.5843988771941062,0.5843988771941062,0.7768069717820817,-0.7768069717820817,1.5536139435641634,0.04952476238119059,100.0,114.23234583578034,122.47852333158782,0.9740617347115216,1.9543952143677786e-31,0.3415220476657321,DISTORTED_SIGNAL
-1.0835776720341528e-16,1.1374267047640412,1.1374267047640412,1.4201576119839343,-1.4201576119839343,2.8403152239678686,0.04976244061015254,200.0,210.24946650235037,97.8896399839062,0.9804635127343974,0.0007464553312706727,1.2937395087103851,DISTORTED_SIGNAL
2.475042393257354e-14,1.3078543592951972,1.3078543592951972,2.0058836644479303,-2.0058836644479303,4.011767328895861,0.37484371092773194,1500.0,1943.935085102283,725.35200262588,2.1203136481061153e-27,0.29276928944316866,1.7104830251274508,DISTORTED_SIGNAL
-3.285371974470763e-15,0.7834100574969186,0.7834100574969186,1.3684089646717421,-1.3684089646717421,2.7368179293434842,0.14978744686171544,200.0,446.2682219730972,719.9001803379903,0.7658647048621744,0.071608067236561,0.6137313181873253,DISTORTED_SIGNAL
6.119045809228364e-15,0.9277029317507157,0.9277029317507157,1.5133719337871785,-1.5133719337871785,3.026743867574357,0.06485849056603774,500.0,828.8125647917743,1271.9593954946126,6.975939378689252e-07,0.03850850308518776,0.8606327295788732,DISTORTED_SIGNAL
2.2256418930055587e-14,1.1484217425647378,1.1484217425647378,1.728897628960722,-1.728897628960722,3.457795257921444,0.37484371092773194,1500.0,1899.5747445669726,706.6970905439423,2.077265434850133e-27,0.2630618399154386,1.3188724987954288,DISTORTED_SIGNAL
-1.823001311509672e-15,0.4646241355052881,0.4646241355052881,0.7804595683287958,-0.7804595683287958,1.5609191366575916,0.142144412191582,500.0,1809.8235032319244,2889.7141871975814,4.316641634089377e-10,0.16733159218301855,0.2158755872940363,DISTORTED_SIGNAL
1.8587258212798326e-14,0.65275212937337,0.65275212937337,1.027053259307403,-1.027053259307403,2.054106518614806,0.18133164005805516,2000.0,2566.599361137299,1403.989696720989,2.8008741797715596e-05,0.9998139267369847,0.42608534240146884,DISTORTED_SIGNAL
-7.577272143066693e-17,0.5358236968185308,0.5358236968185308,0.7212275184581645,-0.7212275184581645,1.442455036916329,0.1873984248031004,1500.0,1607.8750584690363,632.3008245963487,9.245180320349168e-28,0.02979047943965778,0.28710703407227683,DISTORTED_SIGNAL
-4.935130157898383e-16,0.8254111287385323,0.8254111287385323,1.0462472426962717,-1.0462472426962717,2.0924944853925433,0.04526487663280116,500.0,534.9663631586619,372.2779778083832,4.777897783508519e-10,0.0029863197926627088,0.681303531445418,DISTORTED_SIGNAL
-9.325873406851315e-16,0.6338757919085903,0.6338757919085904,0.7892552830861796,-0.7892552830861796,1.5785105661723593,0.7498749374687343,1500.0,1487.1989426590192,112.41525818114562,7.2878907583716825e-28,6.158404665611855e-30,0.4017985195677426,DISTORTED_SIGNAL
1.1652900866465644e-15,1.0288877111774142,1.0288877111774142,1.2888178760610627,-1.2888178760611035,2.5776357521221662,0.24990623827978498,2000.0,2355.445954769003,1138.1748513802102,6.482017164412226e-27,1.0,1.0586099222118979,DISTORTED_SIGNAL
8.139267038131947e-15,0.7500385447459917,0.7500385447459917,1.2569990277345438,-1.256999027734473,2.513998055469017,0.2496248124062031,500.0,684.0233537546538,357.1090809062433,9.57506420571314e-28,1.7479350776784616e-28,0.562557818604685,DISTORTED_SIGNAL
3.177902385687048e-14,1.0700213720557037,1.0700213720557037,1.559889868207221,-1.5598898682072675,3.119779736414489,0.7498749374687343,1500.0,1449.0360896549405,167.23564790741418,6.56310839954107e-27,1.2259898021273089e-27,1.1449457366559705,DISTORTED_SIGNAL
-3.0211761537953828e-15,0.9578043178878739,0.9578043178878739,1.3145132696715025,-1.3145132696715025,2.629026539343005,0.13597605224963716,1500.0,1661.1636484109363,935.4795098788804,7.046336785642635e-09,0.03335503748738052,0.9173891113646554,DISTORTED_SIGNAL
4.305444889496357e-16,0.7317193905165845,0.7317193905165845,1.0836381077551578,-1.0836381077551578,2.1672762155103156,0.06238279784973122,500.0,774.774839692227,1162.4224620447924,2.767158565009226e-27,0.04750507073792814,0.535413266457962,DISTORTED_SIGNAL
-1.6120438317557272e-16,0.3658475155120793,0.3658475155120793,0.5818198585512369,-0.5818198585512101,1.163639717102447,0.49974987493746875,1000.0,1021.3511245250896,101.09249103696554,2.0640884362790063e-27,1.2430256857471742e-30,0.13384440460636107,DISTORTED_SIGNAL
-1.5762448036147528e-15,0.4242392459611864,0.42423924596118645,0.6973362728877458,-0.6973362728877458,1.3946725457754916,0.13470609579100146,1000.0,2020.2877857897752,2491.8167425131774,2.450556380351484e-10,0.1515593972768449,0.17997893781371604,DISTORTED_SIGNAL
2.5378366075301528e-14,0.5513376616931512,0.5513376616931512,0.9282587862934129,-0.9282587862932777,1.8565175725866907,0.24990623827978498,2000.0,2789.3916942424453,1475.8830656847194,2.665829772557619e-26,0.9999999999999998,0.30397321720127174,DISTORTED_SIGNAL
-1.0658141036401503e-17,1.084070553619901,1.084070553619901,1.5178569242692492,-1.5178569242692492,3.0357138485384985,0.1873984248031004,1500.0,1655.7142668742888,776.7089788615211,1.5884061218774766e-27,0.04035804208159575,1.1752089652257582,DISTORTED_SIGNAL
-5.585091472196851e-15,1.3179952114774378,1.3179952114774378,1.932569722561296,-1.932569722561296,3.865139445122592,0.019321480406386066,200.0,259.78351128320713,299.85623093159353,0.8220657454707359,0.0014892572177259188,1.7371113774774563,DISTORTED_SIGNAL
2.4534992329555732e-14,0.7693576833022934,0.7693576833022934,1.1901321638578888,-1.1901321638578888,2.3802643277157776,0.13597605224963716,1500.0,1932.323397155522,1149.315425992086,8.039681647100556e-07,0.18421024224046603,0.591911244856272,DISTORTED_SIGNAL
2.9765079290200447e-16,0.33322075472650997,0.33322075472650997,0.5651097494509945,-0.5651097494509945,1.130219498901989,0.3124140517564696,1500.0,2378.830042827405,1766.7442441111393,1.12622718109919e-26,0.20009252587625415,0.11103607138050492,DISTORTED_SIGNAL
-8.49428866876927e-16,1.0440519718020227,1.0440519718020227,1.4104783820659106,-1.4104783820659106,2.820956764131821,0.03329100145137881,100.0,195.77108004453484,860.7309070517199,0.9704079297531076,0.011232699934868336,1.0900445198236914,DISTORTED_SIGNAL
1.2150280781497714e-15,0.8308133202914215,0.8308133202914215,1.099333862048695,-1.0993338620487576,2.1986677240974526,0.24990623827978498,2000.0,2679.085342201875,1501.7271612427016,1.1387483546999369e-26,1.0,0.6902507731736561,DISTORTED_SIGNAL
-4.3165471197426085e-16,0.5238945353393231,0.5238945353393231,0.8396048465240711,-0.8396048465240711,1.6792096930481422,0.09954977488744372,200.0,340.6187742310468,396.8160110575641,0.8812957871628506,9.001440401056596e-31,0.27446548415840527,DISTORTED_SIGNAL
-2.779998453661392e-16,0.8342138797315681,0.8342138797315682,1.283839211846074,-1.283839211846074,2.567678423692148,0.09977494373593399,100.0,307.02819594238537,739.8661723762832,0.9126279499859521,0.07006291441154922,0.6959127971367953,DISTORTED_SIGNAL
-5.696587067014536e-15,1.1810025686500039,1.1810025686500039,1.8351717414364972,-1.8351717414364972,3.6703434828729944,0.03274673439767779,200.0,330.0096648654165,804.1505850567526,0.8148573038337922,0.010244320655765202,1.3947670671579073,DISTORTED_SIGNAL
5.582201367815287e-16,0.8040785004317063,0.8040785004317063,1.1869113237864846,-1.1869113237864846,2.373822647572969,0.09988748593574197,200.0,460.2191240981611,1183.183942058941,0.9386950982048816,0.04360379825743223,0.6465422348565014,DISTORTED_SIGNAL
-3.242961454930082e-16,0.3951819681267223,0.3951819681267223,0.5567557459092795,-0.5567557459092795,1.113511491818559,0.09954977488744372,200.0,235.6773663353519,197.57507494925773,0.9610662876865885,1.3019544342490717e-31,0.15616878793250977,DISTORTED_SIGNAL
2.967559531441566e-14,1.1615684057168616,1.1615684057168616,1.715793785244906,-1.715793785245552,3.431587570490458,0.1873984248031004,1500.0,1903.2668953482328,1001.6630878346397,2.0204844125654788e-27,0.18506114087728925,1.3492411611596118,DISTORTED_SIGNAL
-1.652011860642233e-15,0.6503481193401569,0.6503481193401569,1.0033358160122041,-1.0033358160122041,2.0066716320244082,0.04952476238119059,100.0,136.2606059596531,141.08980794673155,0.9469755497357851,4.9027796092247146e-32,0.4229526763292789,DISTORTED_SIGNAL
1.5471401937361408e-14,0.8634845743175444,0.8634845743175444,1.3693146863872927,-1.3693146863872927,2.7386293727745854,0.37484371092773194,1500.0,2041.8243095358023,755.7524870856495,2.2140676098552698e-27,0.35832422340163633,0.7456056100843509,DISTORTED_SIGNAL
2.390310172017962e-14,1.228533725674336,1.228533725674336,1.8425626649247435,-1.8425626649247435,3.685125329849487,0.37484371092773194,1500.0,1891.3090363222839,702.8570261196028,2.0679062184909278e-27,0.2575264200442907,1.509295115119265,DISTORTED_SIGNAL
-1.129005777755765e-13,0.37829218558536215,0.37829218558536215,0.6521206880974719,-0.6521206880973915,1.3042413761948635,0.49987496874218557,2000.0,2245.30200713516,430.266118153198,2.004401533923326e-25,1.0,0.1431049776749501,DISTORTED_SIGNAL
2.381383978899976e-14,1.0080506503711908,1.0080506503711908,1.6284491125747862,-1.6284491125747222,3.2568982251495084,0.24981245311327832,1000.0,1232.0351164347505,558.7107219468696,3.9165691811053706e-27,0.16505369161348535,1.0161661137137805,DISTORTED_SIGNAL
-1.334080238569984e-15,0.6091008184368658,0.6091008184368658,0.9317024547944767,-0.9317024547944767,1.8634049095889533,0.08300072568940493,100.0,638.8022814421057,2020.0682342338064,0.9171549096666787,0.0654931375861272,0.3710038070204597,DISTORTED_SIGNAL
-4.368505557295066e-15,0.96408671455532,0.96408671455532,1.4257771334579736,-1.4257771334579736,2.8515542669159473,0.09954977488744372,200.0,253.2348266586147,146.7093108324804,0.8239849356987846,4.674517083381784e-31,0.929463193182071,DISTORTED_SIGNAL
-2.336295601423899e-13,0.7121943359058434,0.7121943359058434,1.1720435171533123,-1.1720435171532226,2.344087034306535,0.49987496874218557,2000.0,2086.401007553737,280.955287274392,2.41840295706494e-25,1.0,0.5072207720963653,DISTORTED_SIGNAL
-8.72191208145523e-16,0.6120217802943214,0.6120217802943214,0.7642507017334068,-0.7642507017334068,1.5285014034668136,0.7498749374687343,1500.0,1487.7121103796392,110.16758774266896,7.265486130219554e-28,6.230813896290743e-30,0.37457065955463065,DISTORTED_SIGNAL
-3.735678433258727e-15,1.2353910781607584,1.2353910781607584,2.028188455379762,-2.028188455379762,4.056376910759524,0.0498812351543943,200.0,418.68926480951575,976.6002820297698,0.798808671759918,0.02953593496922441,1.5261911159992014,DISTORTED_SIGNAL
1.4087675470619843e-14,0.5524659090070374,0.5524659090070374,0.8847037342760821,-0.8847037342763852,1.7694074685524672,0.1873984248031004,1500.0,2017.8397318688492,1196.4599284724336,3.419630823608321e-27,0.20785243684298044,0.3052185806149721,DISTORTED_SIGNAL
3.167466289255572e-16,0.6188941108244705,0.6188941108244705,0.982230941487171,-0.982230941487171,1.964461882974342,0.1873984248031004,1500.0,1993.8079794019534,1382.3151581188258,6.147000876729955e-27,0.1150421057415865,0.38302992041321204,DISTORTED_SIGNAL
-1.8333533230227303e-15,0.5864223482330563,0.5864223482330563,0.8025350230443834,-0.8025350230443834,1.6050700460887668,0.13597605224963716,1500.0,1656.1605258975637,917.9863740729669,7.05229322117338e-09,0.03262311933975419,0.34389117050717194,DISTORTED_SIGNAL
3.04645197957143e-16,0.5410324093135641,0.5410324093135641,0.7907304733386976,-0.7907304733386976,1.5814609466773952,0.0498812351543943,100.0,330.2394428466949,1132.7089643458628,0.9437925425521763,0.038358312791609075,0.29271606792764,DISTORTED_SIGNAL
-3.89999144090325e-15,0.930518268643478,0.930518268643478,1.6004270821006237,-1.6004270821006237,3.2008541642012474,0.14978744686171544,200.0,410.24531331434736,657.4772160382248,0.7766679828515044,0.0585121821944376,0.8658642482792558,DISTORTED_SIGNAL
8.161471498624451e-15,0.5135990984483333,0.5135990984483333,0.8499067555641799,-0.8499067555641799,1.6998135111283599,0.6249062265566392,1500.0,2226.4605824838545,777.1260302791186,2.3855908333410927e-27,0.48197234452519727,0.2637840339269408,DISTORTED_SIGNAL
-2.2604140781368188e-16,0.6555745029035714,0.6555745029035714,0.9817034939631971,-0.9817034939631971,1.9634069879263942,0.04976244061015254,200.0,345.75508482264615,607.2742693444834,0.9328397869072023,0.04928286308645453,0.4297779288572648,DISTORTED_SIGNAL
-3.5145220067533954e-15,0.7967528320023273,0.7967528320023273,1.3941187465776665,-1.3941187465776665,2.788237493155333,0.09954977488744372,200.0,345.0737888759201,354.9723621656743,0.7632887252211852,2.000958626048343e-30,0.6348150753037287,DISTORTED_SIGNAL
2.9536665378580852e-15,0.45450429895159705,0.45450429895159705,0.7464917797159907,-0.7464917797159907,1.4929835594319814,0.0670355587808418,500.0,852.9940056663529,1338.6390542105069,6.953321498540946e-07,0.041633523585615305,0.2065741577654827,DISTORTED_SIGNAL
2.2179147407541676e-14,1.091407977775277,1.091407977775277,1.5612240980707337,-1.5612240980707337,3.1224481961414674,0.37484371092773194,1500.0,1803.335910855051,654.1655634181686,1.9786636729328996e-27,0.19861214767674207,1.1911713739515195,DISTORTED_SIGNAL
7.36724866046045e-15,0.5808169386017668,0.5808169386017668,0.9541650300543747,-0.9541650300543747,1.9083300601087494,0.09969158200290276,1000.0,1460.8980103569772,1362.8211290917948,9.678614357021431e-07,0.2014088886886673,0.3373483161667285,DISTORTED_SIGNAL
-1.5896750582555797e-13,0.4652867197564713,0.4652867197564713,0.6955732745430708,-0.6955732745430536,1.3911465490861246,0.49987496874218557,2000.0,2007.3882891304493,85.63703821462903,2.6235269203076346e-25,1.0,0.21649173158173707,DISTORTED_SIGNAL
-3.3255333483193806e-16,0.8892104461573191,0.8892104461573191,1.141647054193275,-1.141647054193275,2.28329410838655,0.02149854862119013,200.0,232.67860662264522,447.9341579470256,0.9784527525682465,0.003136942483745037,0.7906952175552986,DISTORTED_SIGNAL
4.602984660095899e-16,0.8903009349649492,0.8903009349649491,1.2946180222691488,-1.2946180222691488,2.5892360445382976,0.06238279784973122,500.0,723.478973202813,1045.8619430479253,2.220902095161612e-27,0.038154458807476276,0.7926357547994626,DISTORTED_SIGNAL
1.2230216839270724e-15,0.8771144466127063,0.8771144466127064,1.1476998977344226,-1.1476998977344814,2.295399795468904,0.24990623827978498,2000.0,2595.9641079376697,1424.3185085509267,1.0138256862116196e-26,1.0,0.7693297524567142,DISTORTED_SIGNAL
2.867628029718427e-15,0.5158820017269007,0.5158820017269007,0.8961159762386579,-0.8961159762386579,1.7922319524773158,0.09479317851959361,500.0,1134.8057096338714,1932.4569581306662,6.689609042894434e-07,0.07805253644768767,0.266134239705754,DISTORTED_SIGNAL
-2.6756374893466274e-16,0.32095601356833414,0.32095601356833414,0.5151807699449591,-0.5151807699449591,1.0303615398899182,0.09954977488744372,200.0,342.7190488055237,399.5100783778789,0.8796992776686211,9.402592365238242e-31,0.10301276264567667,DISTORTED_SIGNAL
-3.611683892244536e-15,1.3399298933099066,1.3399298933099066,2.0586353064628984,-2.0586353064628984,4.117270612925797,0.029299709724238027,100.0,185.11655555694446,697.5022024512207,0.9470020526611748,0.007365460071449215,1.795412118985498,DISTORTED_SIGNAL
-2.417621658423741e-15,0.5791589885519117,0.5791589885519117,0.9681412316094239,-0.9681412316094239,1.9362824632188478,0.04976244061015254,200.0,357.0177754068372,548.1619098020309,0.7926309328217522,0.039161670437727975,0.33542513402047347,DISTORTED_SIGNAL
1.1874220427782756e-14,0.43954541688857024,0.43954541688857024,0.8126123888476298,-0.8126123888476298,1.6252247776952595,0.20400943396226415,1500.0,2784.8936302210104,2412.1948157420597,6.965951295318719e-07,0.29398191916594923,0.193200173507747,DISTORTED_SIGNAL
4.498623695781134e-16,0.5615853053126988,0.5615853053126988,0.8516772704994112,-0.8516772704994112,1.7033545409988224,0.09988748593574197,200.0,553.7852765919334,1373.2665678183814,0.922840664487863,0.05975720122793186,0.3153780551431571,DISTORTED_SIGNAL
1.1292744517277242e-14,0.47921352424735847,0.47921352424735847,0.6573858893652488,-0.6573858893653023,1.314771778730551,0.7498749374687343,1500.0,1467.8047449083354,135.17484717539654,4.435058050434468e-27,8.129479604932995e-28,0.22964560182157362,DISTORTED_SIGNAL
-1.5234435934985412e-13,0.4460006595540638,0.4460006595540638,0.6678131315080511,-0.6678131315080342,1.3356262630160853,0.49987496874218557,2000.0,2007.8671554136015,88.34740108967401,2.621413763817135e-25,1.0,0.19891658832265993,DISTORTED_SIGNAL
-1.7545964681175974e-15,0.8056785834521487,0.8056785834521487,1.2004144889699007,-1.2004144889700255,2.400828977939926,0.1248906113264158,1000.0,1406.3617599031052,1026.2741648565886,1.4069197607694458e-27,0.21304401610417503,0.6491179798334609,DISTORTED_SIGNAL
-4.100202163179825e-15,1.1196727388406489,1.1196727388406489,1.867416812677166,-1.867416812677166,3.734833625354332,0.06413280116110305,100.0,431.4843018795729,1550.0403655467617,0.9181404332018264,0.03761756057135849,1.25366704210292,DISTORTED_SIGNAL
-1.3855583347321954e-16,0.7898510601425461,0.7898510601425461,1.0299333758164244,-1.0299333758164386,2.059866751632863,0.2496248124062031,500.0,643.080083782222,350.1544993386409,2.0323168212286238e-28,6.84846579248828e-31,0.6238646972083041,DISTORTED_SIGNAL
-2.3780977187470855e-15,0.772189558594688,0.772189558594688,1.253294456297514,-1.253294456297514,2.506588912595028,0.0498812351543943,200.0,389.070701991025,890.2930651568039,0.8030477413883658,0.02438593486405717,0.5962767144026591,DISTORTED_SIGNAL
-1.865174681370263e-16,0.6340705535061656,0.6340705535061656,0.7813677626550194,-0.7813677626550096,1.562735525310029,0.24981245311327832,1000.0,1144.9669281351219,518.5734721496177,3.7297350181386103e-28,0.07248346406756101,0.40204546682361525,DISTORTED_SIGNAL
-2.2164492463616624e-15,0.49738067383743556,0.4973806738374355,0.8496922649856504,-0.8496922649856504,1.6993845299713009,0.09954977488744372,200.0,319.7074390803589,314.3774753669914,0.7800533017044947,1.6822742484274635e-30,0.2473875347069814,DISTORTED_SIGNAL
-3.2681743428929415e-15,0.6591749207760719,0.6591749207760719,1.037206942513569,-1.037206942513569,2.074413885027138,0.03837082728592162,200.0,356.6292789524573,924.7255924350799,0.8121249615670302,0.013562989671830634,0.43451157618014064,DISTORTED_SIGNAL
1.8662864149024046e-14,0.6556822866455931,0.6556822866455931,1.032392294176601,-1.032392294176601,2.064784588353202,0.18133164005805516,2000.0,2567.7824095324186,1406.2441399604381,2.800293293452537e-05,0.9998139657451662,0.42991926102079375,DISTORTED_SIGNAL
-5.346389997384904e-15,1.1807232273411055,1.1807232273411055,1.721953904334487,-1.721953904334487,3.443907808668974,0.09954977488744372,200.0,251.7887047658298,140.5116416361791,0.8249406751438042,3.886549478273967e-31,1.3941073395827959,DISTORTED_SIGNAL
-1.354472090042691e-16,0.3459221677925413,0.3459221677925413,0.5490184176418843,-0.5490184176418843,1.0980368352837686,0.09977494373593399,100.0,383.2669250310249,855.2200102854259,0.886791216406765,0.09638967410165555,0.1196621461702911,DISTORTED_SIGNAL
-1.0458300891968975e-15,0.6310987595016582,0.6310987595016582,0.9857205005608153,-0.9857205005608939,1.9714410011217092,0.12478119529882471,500.0,813.1899979726843,700.9045216629017,5.1138973715998335e-28,0.08784660219831802,0.39828564424453183,DISTORTED_SIGNAL
9.201528428093297e-15,0.8026099067955926,0.8026099067955926,1.2766969526458418,-1.2766969526458107,2.5533939052916526,0.2496248124062031,500.0,598.7819431088657,253.03746457122796,9.640944355547512e-28,1.7775629207119336e-28,0.6441826624864299,DISTORTED_SIGNAL
1.0546081518777659e-14,0.7702587733698795,0.7702587733698795,1.178456836890262,-1.178456836890262,2.356913673780524,0.09062046444121916,1000.0,1298.7074257808297,878.0883814887699,9.909203311736255e-07,0.18238122893135353,0.5932985779532713,DISTORTED_SIGNAL
-2.1316282072803005e-16,0.7936802556794758,0.7936802556794758,1.176381803448385,-1.176381803448385,2.35276360689677,0.09977494373593399,100.0,236.54891496391664,605.7741098657478,0.936512849790305,0.04572500747589812,0.6299283482554381,DISTORTED_SIGNAL
-1.4863665853681596e-15,0.8751040071803721,0.8751040071803721,1.3884180912426247,-1.388418091242756,2.776836182485381,0.12478119529882471,500.0,872.4879677681508,777.2406295129239,5.663237344517876e-28,0.11258073300142044,0.7658070233831448,DISTORTED_SIGNAL
1.0369090318044673e-14,0.3718597020555621,0.3718597020555621,0.6745188002078832,-0.6745188002078832,1.3490376004157665,0.17679608127721336,1500.0,2602.2461350392628,2231.022150017017,7.196624943956286e-07,0.2704662300984014,0.13827963801285142,DISTORTED_SIGNAL
3.2754650591725665e-14,1.155150704771055,1.155150704771055,1.8308795184630728,-1.8308795184630728,3.6617590369261457,0.18133164005805516,2000.0,2579.40626285113,1428.1535327249253,2.794585812085918e-05,0.999814348844033,1.3343731507330652,DISTORTED_SIGNAL
-2.0992407812059355e-13,0.6130982004674058,0.6130982004674058,0.8987646150425782,-0.8987646150425641,1.7975292300851424,0.49987496874218557,2000.0,2002.8913757251576,53.69372096971546,2.6341292004757135e-25,1.0,0.3758894034163714,DISTORTED_SIGNAL
-2.12851958281135e-15,1.0257591509711133,1.0257591509711133,1.5506218747492033,-1.550621874749407,3.10124374949861,0.1248906113264158,1000.0,1457.71839465116,1129.043757235043,1.9046991258329987e-27,0.2218421427557162,1.0521818358009791,DISTORTED_SIGNAL
-6.452560707970179e-14,0.2204601899988087,0.2204601899988087,0.3810650381002795,-0.3810650381002299,0.7621300762005094,0.49987496874218557,2000.0,2274.4685550048202,446.24608381294087,1.9284470339191267e-25,1.0,0.048602695374310834,DISTORTED_SIGNAL
4.0722980543250744e-16,0.9627139089186161,0.9627139089186161,1.2907471618182438,-1.2907471618182438,2.5814943236364876,0.1248906113264158,1000.0,1107.136185029569,640.2456792121917,8.078746501135752e-28,0.032989579225477725,0.9268180704253614,DISTORTED_SIGNAL
-1.6575705283029412e-15,0.3649749557915126,0.3649749557915126,0.5683062064281608,-0.5683062064281608,1.1366124128563215,0.13597605224963716,1500.0,2091.340396565965,1864.323126362375,6.564283298420027e-09,0.09628591644755258,0.1332067183550166,DISTORTED_SIGNAL
-2.899902540320909e-16,0.8704397963452201,0.8704397963452201,1.2936325410682228,-1.2936325410682228,2.5872650821364456,0.04976244061015254,200.0,333.8208597254282,581.9118516169854,0.9370340946490889,0.04500817379503668,0.7576654390615082,DISTORTED_SIGNAL
-2.5277557824665565e-15,1.3759717556401516,1.3759717556401518,1.635777754385789,-1.635777754385789,3.271555508771578,0.7498749374687343,1500.0,1478.0013580696443,146.6789067438666,7.936894411360621e-28,4.9760312920686745e-30,1.8932982723194416,DISTORTED_SIGNAL
1.0936980723946814e-14,0.4014131480508379,0.4014131480508379,0.7386625278380428,-0.7386625278380428,1.4773250556760855,0.1971153846153846,1500.0,2736.481966576992,2366.899055294315,7.02710733705919e-07,0.2877489841093104,0.16113251542808388,DISTORTED_SIGNAL
3.532107939463458e-14,1.2393808413745577,1.2393808413745577,1.7863302209397052,-1.7863302209397756,3.5726604418794805,0.7498749374687343,1500.0,1453.0502465591387,161.10044488531318,6.105629548518899e-27,1.1365726863466292e-27,1.5360648699663066,DISTORTED_SIGNAL
-2.029043599804936e-15,0.46653743211338466,0.4665374321133847,0.8403559542264942,-0.8403559542264942,1.6807119084529885,0.19959979989994997,200.0,385.2571598017662,407.9404310494409,0.7367316052306129,2.4987765828317983e-30,0.21765717556295106,DISTORTED_SIGNAL
-2.3275825711266405e-16,0.35894110303339,0.35894110303339,0.5695272941966372,-0.5695272941966372,1.1390545883932743,0.37484371092773194,1500.0,1689.567413716016,517.9195631738133,7.061820885614809e-28,0.12164033185102582,0.1288387154468267,DISTORTED_SIGNAL
9.340084261566517e-15,0.8305223136399204,0.8305223136399204,1.3575804159508336,-1.35758041595078,2.7151608319016134,0.2496248124062031,500.0,632.6943714911434,301.7135319044282,9.621727679231352e-28,1.768742534753706e-28,0.6897673134538063,DISTORTED_SIGNAL
3.539835091714849e-14,1.1500604863735797,1.1500604863735797,1.6937099133157487,-1.6937099133157842,3.387419826631533,0.7498749374687343,1500.0,1445.2316057264413,172.7634372798211,6.997598065669724e-27,1.308533540681317e-27,1.3226391223178346,DISTORTED_SIGNAL
1.5614176618328202e-15,0.9693291849511305,0.9693291849511305,1.505276953339042,-1.5052769533389772,3.010553906678019,0.49987496874218557,2000.0,2024.3385781500638,154.09805892254758,1.5659240812973594e-26,1.0,0.9395990687980229,DISTORTED_SIGNAL
-1.5154544286133387e-15,0.36755486962728356,0.36755486962728356,0.5818368239330517,-0.5818368239330517,1.1636736478661034,0.04976244061015254,200.0,291.19070361587865,360.0727646004114,0.8123724856907368,0.015230683270632511,0.1350965821867294,DISTORTED_SIGNAL
-1.91389358380234e-15,0.3923616219937134,0.39236162199371344,0.6872468999230403,-0.6872468999230403,1.3744937998460807,0.18532293178519593,1000.0,2830.9931299317404,3132.465163044328,2.511811708310203e-10,0.2616370275597893,0.15394764241353767,DISTORTED_SIGNAL
-3.7743141945156824e-15,0.837000471783272,0.8370004717832721,1.3394071317108227,-1.3394071317108227,2.6788142634216454,0.09954977488744372,200.0,275.3086176646403,219.49061710638634,0.809396405595732,9.638969854678239e-31,0.7005697897654201,DISTORTED_SIGNAL
-3.324562847240031e-16,0.6024402101917602,0.6024402101917602,0.9050909702099952,-0.9050909702099952,1.8101819404199904,0.37484371092773194,1500.0,1624.2056869186172,437.8306569244261,5.907330067752549e-28,0.07782952825813827,0.36293420685589217,DISTORTED_SIGNAL
-4.195827359024184e-15,1.021794607371742,1.021794607371742,1.4094021483544428,-1.4094021483544428,2.8188042967088855,0.18133164005805516,2000.0,2178.877745239384,970.35984296428,5.897906857359554e-05,0.9999374755922282,1.0440642196539727,DISTORTED_SIGNAL
-3.013563195912239e-15,1.0956074118865582,1.0956074118865582,1.439823712216961,-1.439823712216961,2.879647424433922,0.13597605224963716,1500.0,1600.5588143327707,692.0987033113494,7.1206527108919055e-09,0.024488971754371675,1.2003556009807625,DISTORTED_SIGNAL
-1.246430522412729e-15,0.6790795691704647,0.6790795691704647,1.009534791726665,-1.009534791726665,2.01906958345333,0.07048258345428157,100.0,490.35654649707885,1733.5911616495869,0.9349983058965734,0.047312181009997185,0.461149061264744,DISTORTED_SIGNAL
5.740963260336685e-16,0.5235291883590809,0.523529188359081,0.8652045897750633,-0.8652045897750633,1.7304091795501266,0.1248906113264158,500.0,1314.5319424319061,1934.0789122300168,8.508621918123728e-27,0.14589621898893465,0.27408281106391813,DISTORTED_SIGNAL
4.9085180364727425e-15,0.8750653190015718,0.8750653190015718,1.319705787113081,-1.319705787113081,2.639411574226162,0.06238279784973122,500.0,645.7408380423257,451.58596127354934,4.103910839348577e-28,0.016834057697681173,0.7657393125193226,DISTORTED_SIGNAL
1.5727645942967443e-14,0.4950258253637279,0.4950258253637279,0.7718430842873205,-0.7718430842873205,1.543686168574641,0.13597605224963716,1500.0,1944.5046013998951,1181.2788028432724,8.024505904602795e-07,0.18577884234048975,0.24505056777704004,DISTORTED_SIGNAL
6.510347816401918e-16,0.6102086064943107,0.6102086064943107,0.996791437838548,-0.996791437838548,1.993582875677096,0.1248906113264158,100.0,856.8098115710545,1967.7707523497622,0.8561392488863632,0.1276693185580111,0.37235454343972857,DISTORTED_SIGNAL
5.659916979539048e-16,0.4070220412651215,0.4070220412651214,0.6939571773341102,-0.6939571773341102,1.3879143546682204,0.14989373671708964,200.0,1318.1985371158912,2280.3505797724124,0.7933137036331461,0.19172666993146617,0.1656669420756262,DISTORTED_SIGNAL
1.1778494531437298e-14,0.9597044766568192,0.9597044766568193,1.6143834513159434,-1.6143834513159434,3.228766902631887,0.10640420899854862,1000.0,1552.6196717248308,1564.7017996064462,9.548227972555718e-07,0.21216887799099568,0.9210326825151396,DISTORTED_SIGNAL
-2.540190280342358e-16,0.377124204682526,0.377124204682526,0.523775017508476,-0.5237750175084526,1.0475500350169287,0.24981245311327832,1000.0,1629.7922820751803,928.9490005317284,7.811695187597766e-28,0.3148961410375901,0.14222266575742776,DISTORTED_SIGNAL
1.4916483266508434e-14,1.055691888815211,1.055691888815211,1.5537816536771027,-1.5537816536771027,3.1075633073542055,0.09062046444121916,1000.0,1262.7170982429143,723.1054372983455,9.96039228386158e-07,0.17815831158235465,1.1144853641102277,DISTORTED_SIGNAL
-3.8542502522886936e-15,0.9373106386193405,0.9373106386193405,1.4718047360001767,-1.4718047360001767,2.9436094720003534,0.04976244061015254,200.0,284.589598530027,334.7291990372285,0.8143521585137947,0.012830896119233486,0.878551233268996,DISTORTED_SIGNAL
-1.1164402735630573e-15,0.7969811157584619,0.7969811157584619,1.2599691985114647,-1.2599691985114647,2.5199383970229294,0.024878109763720464,100.0,210.80839896530276,705.938289670355,0.9400658026497565,0.014559442627889807,0.6351788988756027,DISTORTED_SIGNAL
5.346834086594754e-16,0.7607412950731361,0.7607412950731361,1.1503708116621587,-1.1503708116621587,2.3007416233243174,0.07488436054506814,100.0,443.98896500343284,1374.511705305926,0.92485771282732,0.05765124082680548,0.5787273180295525,DISTORTED_SIGNAL
-2.227551476607914e-15,0.8871665174789928,0.8871665174789928,1.5249396894787774,-1.5249396894787774,3.049879378957555,0.14957478739369684,100.0,204.47165809210256,327.5362834127454,0.8996100494991092,4.877928903502129e-31,0.787064429735804,DISTORTED_SIGNAL
-5.949019055151439e-15,1.3138082663906412,1.313808266390641,1.9697493974518432,-1.9697493974518432,3.9394987949036864,0.09954977488744372,200.0,255.27194393043496,154.9971321781672,0.8226386084351405,5.457996368446035e-31,1.7260921608363815,DISTORTED_SIGNAL
1.652011860642233e-16,0.7050310187638202,0.7050310187638202,1.052146820693666,-1.052146820693666,2.104293641387332,0.1873984248031004,1500.0,1784.0320845014971,1061.3395129431635,3.333461338938944e-27,0.06870313016008917,0.49706873741915025,DISTORTED_SIGNAL
1.866728993604738e-14,0.3896628034332472,0.3896628034332472,0.6284909624039293,-0.6284909624038811,1.2569819248078105,0.24990623827978498,2000.0,2456.2023701323287,1106.131511704345,1.9986753653131854e-26,0.9999999999999998,0.15183710037945747,DISTORTED_SIGNAL
-8.928502381877479e-14,0.5379344413870655,0.5379344413870655,0.8919873330773546,-0.891987333077294,1.7839746661546485,0.49974987493746875,1000.0,1050.1813105523281,150.24144350815735,5.463194094853272e-26,2.788679921357832e-26,0.28937346323041424,DISTORTED_SIGNAL
-1.6697754290362354e-16,1.0616040071324204,1.0616040071324204,1.46571706910834,-1.46571706910834,2.93143413821668,0.024756189047261814,100.0,152.70692682631056,373.3269974494125,0.9649262708448733,0.01677269019535714,1.1270030679596121,DISTORTED_SIGNAL
-4.21995771660022e-16,0.9286022033105186,0.9286022033105186,1.3094035490194984,-1.3094035490194984,2.618807098038997,0.37484371092773194,1500.0,1577.3502953684927,362.7195199878535,5.072658436757222e-28,0.04642319221023525,0.8623020519931496,DISTORTED_SIGNAL
-3.1601388172930454e-15,1.2426205070087988,1.2426205070087988,1.8699441559411325,-1.8699441559411325,3.739888311882265,0.04952476238119059,100.0,130.18729260755433,108.05407673269994,0.9511928358796444,1.1403023767742825e-32,1.544105724438804,DISTORTED_SIGNAL
1.482547418163449e-14,1.2815346655897035,1.2815346655897035,2.008518060601933,-2.0085180606018986,4.017036121203832,0.2496248124062031,500.0,585.96035788507,230.69339813151757,9.64931517442134e-28,1.7776582902858165e-28,1.642331099108113,DISTORTED_SIGNAL
-7.904787935331114e-17,0.3388662340464929,0.33886623404649296,0.5805536058367571,-0.5805536058367571,1.1611072116735142,0.2496248124062031,100.0,375.4762369775052,553.1256429988432,0.790432338381175,2.555800967578316e-30,0.11483032457685254,DISTORTED_SIGNAL
2.787503561307858e-14,0.5826957535427856,0.5826957535427856,0.9420611847322501,-0.9420611847321749,1.884122369464425,0.24990623827978498,2000.0,2468.139673937386,1123.194708428308,2.0260302739235638e-26,1.0,0.33953434119679476,DISTORTED_SIGNAL
-1.7763568394002506e-16,0.966248967182516,0.966248967182516,1.2650703218179067,-1.2650703218179247,2.530140643635831,0.2496248124062031,500.0,650.0085363376047,357.07978851155127,2.046354772400578e-28,6.633653332057716e-31,0.9336370665812789,DISTORTED_SIGNAL
2.3907098523068272e-14,1.2345000736123188,1.2345000736123188,1.85949712975714,-1.85949712975714,3.71899425951428,0.37484371092773194,1500.0,1900.7904221415156,707.2519600047984,2.0788009402263726e-27,0.26387596081153436,1.5239904317488209,DISTORTED_SIGNAL
-2.430944334719243e-15,0.9595113068556531,0.959511306855653,1.5631497878266223,-1.5631497878266223,3.1262995756532446,0.04952476238119059,100.0,160.40912611771356,227.82225130568088,0.9302069073896594,2.167771820744284e-31,0.9206619479838432,DISTORTED_SIGNAL
-2.282618538629322e-16,0.5079992371453713,0.5079992371453713,0.8277327399785017,-0.8277327399785017,1.6554654799570034,0.09977494373593399,100.0,465.4038296219002,957.4064549507967,0.8589556353798801,0.12475319189244971,0.25806322494027917,DISTORTED_SIGNAL
-7.047695760320494e-16,0.5610231061799718,0.5610231061799718,0.9146834518506316,-0.9146834518509199,1.8293669037015516,0.24990623827978498,1000.0,2061.4731653979193,1866.3352443565022,8.444195680518176e-27,0.32527397713429634,0.31474692566782386,DISTORTED_SIGNAL
7.562003429587439e-15,0.5438542925284375,0.5438542925284375,0.8171095671517757,-0.8171095671517757,1.6342191343035515,0.09062046444121916,1000.0,1278.1259123105183,793.3737665486462,9.938472747933504e-07,0.17996641381485737,0.29577749150160726,DISTORTED_SIGNAL
-1.1478245917358172e-15,1.0960956874633463,1.0960956874633463,1.511109920187771,-1.511109920187771,3.022219840375542,0.040003628447024674,200.0,339.7029118274976,1023.0417905178973,0.9654220020761315,0.016412815353833248,1.2014257560757455,DISTORTED_SIGNAL
-2.2311041902867146e-15,1.2520238646012192,1.2520238646012192,1.4994130810693804,-1.4994130810693804,2.998826162138761,0.7498749374687343,1500.0,1479.5765697238346,141.44367703054147,7.803882752461327e-28,5.233819179581061e-30,1.5675637575309718,DISTORTED_SIGNAL
-2.0383694732117875e-16,0.9313422139811138,0.9313422139811138,1.2805682285762439,-1.2805682285762439,2.5611364571524877,0.04976244061015254,200.0,248.6934156176888,339.4428120491559,0.9669523084383812,0.014516594260647664,0.8673983195432429,DISTORTED_SIGNAL
6.046219206832998e-15,0.9605906663738725,0.9605906663738725,1.5987464322800244,-1.5987464322800244,3.197492864560049,0.07374818577648766,500.0,905.6459760848544,1472.0504661223206,6.904065972940786e-07,0.048437844398347495,0.9227344283246003,DISTORTED_SIGNAL
1.4703516182379417e-14,0.5954507100570745,0.5954507100570745,1.0647443339379823,-1.064744333938291,2.1294886678762732,0.3124140517564696,1500.0,2441.862059408972,1669.6759403714364,8.94144229763124e-27,0.29220068775923735,0.35456154810747414,DISTORTED_SIGNAL
1.8629542353210126e-16,0.5868429347171042,0.5868429347171042,0.8065101910979484,-0.8065101910979484,1.6130203821958968,0.06238279784973122,500.0,609.4906427759092,709.2262812242022,1.0056646347227722e-27,0.01737577398611633,0.3443846300273835,DISTORTED_SIGNAL
2.687894351538489e-14,1.0190397712746115,1.0190397712746115,1.438746587855658,-1.43874658785574,2.8774931757113977,0.7498749374687343,1500.0,1459.7126804542797,150.12940496453604,5.351354191412199e-27,9.917395659120655e-28,1.0384420554394125,DISTORTED_SIGNAL
-2.2078383465126198e-15,0.43390785614401856,0.43390785614401856,0.6572447574306371,-0.6572447574306371,1.3144895148612743,0.18133164005805516,2000.0,2440.8492295938295,1558.1802640976127,5.644056456433437e-05,0.9999401679923081,0.18827602762349832,DISTORTED_SIGNAL
-1.034727858950646e-15,0.4070446889706097,0.4070446889706097,0.6542880202293174,-0.6542880202293174,1.3085760404586348,0.04952476238119059,100.0,152.8564630504481,204.99045799654448,0.9354514484591253,1.4677371079175808e-31,0.16568537881918038,DISTORTED_SIGNAL
-1.2168044349891717e-16,0.6304425064542322,0.6304425064542322,0.9584634340104161,-0.9584634340104161,1.9169268680208322,0.04952476238119059,100.0,186.01424561222754,329.46068134702557,0.9236059446611291,9.197530046171313e-31,0.39745775394429456,DISTORTED_SIGNAL
-4.159339539455686e-15,1.245918814090798,1.245918814090798,1.907917843252614,-1.907917843252614,3.815835686505228,0.024878109763720464,200.0,289.3114820745077,486.8472926494008,0.8173254861222103,0.00704005632802211,1.5523136913054205,DISTORTED_SIGNAL
-6.759037773917953e-16,0.8126843572582743,0.8126843572582743,1.1958299226257663,-1.1958299226257663,2.3916598452515325,0.09954977488744372,200.0,259.1912061926627,259.7808704593103,0.9431924015603701,2.9085226865351784e-31,0.6604558645322943,DISTORTED_SIGNAL
-1.1013412404281553e-16,0.8070750125490143,0.8070750125490143,0.9624145118539383,-0.9624145118539416,1.92482902370788,0.2496248124062031,500.0,546.6997425081457,210.99496808648937,2.041740537481016e-28,8.806700651687452e-32,0.6513700758809916,DISTORTED_SIGNAL
1.9523271888033377e-16,0.5185968629977608,0.5185968629977608,0.6850668386249824,-0.6850668386249824,1.3701336772499648,0.1248906113264158,1000.0,1092.0350845360972,580.5721306705384,6.339599038742186e-28,0.03000504458593382,0.2689427063111183,DISTORTED_SIGNAL
-4.427191946376752e-14,0.283107058450839,0.283107058450839,0.4848733527750045,-0.48487335277495935,0.9697467055499638,0.49974987493746875,1000.0,1100.8637996941538,200.64494451227654,4.872077267024389e-26,2.4910645976881956e-26,0.08014960654468678,DISTORTED_SIGNAL
2.2803980925800713e-16,0.3071602257588196,0.3071602257588196,0.4718957675309875,-0.4718957675309875,0.943791535061975,0.06238279784973122,500.0,904.9168252829778,1407.357784446493,4.152445858454937e-27,0.07122837022383706,0.09434740428820904,DISTORTED_SIGNAL
-1.603162047558726e-16,0.7495427129898852,0.7495427129898852,1.1401119561619217,-1.1401119561619217,2.2802239123238435,0.12478119529882471,500.0,691.066735707732,643.5791639229433,3.3779600801239977e-28,0.06924601107508167,0.5618142785962374,DISTORTED_SIGNAL
4.014566457044566e-16,0.9812058651866584,0.9812058651866584,1.3719528019428915,-1.3719528019428915,2.743905603885783,0.0498812351543943,100.0,225.31610315649874,837.1821431773554,0.961258159405138,0.020562383600222042,0.9627649498766988,DISTORTED_SIGNAL
-5.941913627793838e-16,0.7276264456750389,0.7276264456750389,0.9693430942660588,-0.9693430942660588,1.9386861885321176,0.09954977488744372,200.0,217.262100730017,126.42199850416064,0.9750645271239252,2.706123066391607e-32,0.5294402444456903,DISTORTED_SIGNAL
6.508127370352668e-16,0.38406503836463884,0.38406503836463884,0.6835201997245413,-0.6835201997245413,1.3670403994490825,0.1998999874984373,200.0,1892.3143737363964,2630.7081282869563,0.6960319277452632,0.29084290174717325,0.14750595369403152,DISTORTED_SIGNAL
-6.741294345624171e-16,0.813689586229586,0.813689586229586,1.099846292304774,-1.099846292304774,2.199692584609548,0.03329100145137881,100.0,196.73223870537512,865.1753275881746,0.970292396925123,0.011350418235906086,0.6620907427384749,DISTORTED_SIGNAL
-2.027711332175386e-15,0.9848930246964224,0.9848930246964223,1.4914945921061356,-1.4914945921063363,2.982989184212472,0.1248906113264158,1000.0,1464.8557310843007,1142.412203920348,1.975779524474853e-27,0.2230648706505926,0.9700142700956674,DISTORTED_SIGNAL
1.7321452913973998e-14,1.2365556075342754,1.2365556075342754,1.841051466725047,-1.841051466725047,3.682102933450094,0.09062046444121916,1000.0,1270.3459394406498,758.7474616870984,9.949538831650667e-07,0.1790535323406322,1.529069770524461,DISTORTED_SIGNAL
-2.764832958195764e-16,0.8814887763298256,0.8814887763298256,1.1225316957403821,-1.1225316957403821,2.2450633914807643,0.019321480406386066,200.0,226.3164266367144,386.82556966943156,0.979227383153179,0.002347743031834282,0.7770224627954533,DISTORTED_SIGNAL
-2.8199664825478977e-16,0.46782226241269786,0.46782226241269786,0.8538196622193981,-0.8538196622193981,1.7076393244387962,0.14989373671708964,100.0,840.6609860473332,1921.913765988622,0.8377885040852265,0.12177342469154231,0.21885766920893512,DISTORTED_SIGNAL
-1.6187051699034782e-16,0.8188801277193577,0.8188801277193577,1.234631587565062,-1.234631587565062,2.469263175130124,0.12478119529882471,500.0,675.8638502550408,617.7279131246357,3.185012926120297e-28,0.06311757657370669,0.6705646635736716,DISTORTED_SIGNAL
1.787414660725517e-14,0.4083851412695451,0.4083851412695451,0.7007956080497688,-0.7007956080496289,1.4015912160993977,0.24990623827978498,2000.0,3151.595818333463,1721.6846102544207,3.276100530441923e-26,1.0,0.16677842360974632,DISTORTED_SIGNAL
-1.3553602684623911e-15,0.962415661996093,0.962415661996093,1.5172845412232694,-1.5172845412232694,3.034569082446539,0.024878109763720464,100.0,205.89156206459518,685.7721465076679,0.9408642129540095,0.01372249494506047,0.9262439064553779,DISTORTED_SIGNAL
-5.201172825763933e-15,1.148525671535306,1.148525671535306,1.7651226172782524,-1.7651226172782524,3.5302452345565047,0.09954977488744372,200.0,260.7008411519889,175.0638662845608,0.819050659698949,6.664637492361913e-31,1.319111218175626,DISTORTED_SIGNAL
9.2237328885858e-16,0.4709498813227443,0.4709498813227443,0.6567492586341951,-0.6567492586342563,1.3134985172684512,0.24990623827978498,2000.0,3344.055706671101,1889.3747865495748,2.1226448730863682e-26,1.0,0.22179379071790692,DISTORTED_SIGNAL
-1.0953749018938197e-13,0.3816379125103065,0.3816379125103065,0.6606550051478902,-0.6606550051478002,1.3213100102956905,0.49987496874218557,2000.0,2302.5489024809863,459.36158316574205,1.855466864264684e-25,1.0,0.14564749626522433,DISTORTED_SIGNAL
-2.6219026949547696e-15,1.0309131543712384,1.0309131543712382,1.5356286129636065,-1.5356286129636065,3.071257225927213,0.04952476238119059,100.0,128.43318452544588,96.35745073070476,0.9524108819906608,5.2431842480679295e-33,1.0627819318556566,DISTORTED_SIGNAL
-3.6770586575585183e-16,0.4477386283196777,0.4477386283196777,0.6212126616701276,-0.6212126616701276,1.2424253233402551,0.09954977488744372,200.0,229.4620523070468,177.0056933574929,0.9657908165536198,9.842168266598498e-32,0.2004698792895865,DISTORTED_SIGNAL
6.532552276894421e-16,0.7242944371461009,0.7242944371461009,1.121757927943807,-1.121757927943807,2.243515855887614,0.09988748593574197,200.0,642.3795544475829,1526.3806980272745,0.9078286962864023,0.07505225219390985,0.5246024316807871,DISTORTED_SIGNAL
-2.1373077155423285e-15,0.7392762985266159,0.7392762985266159,0.9866772515454894,-0.9866772515454894,1.9733545030909787,0.13597605224963716,1500.0,1618.4837915627108,772.6095871753015,7.0980381401671385e-09,0.02711128504196329,0.5465294455632141,DISTORTED_SIGNAL
-8.517631044924201e-16,0.5641930580218627,0.5641930580218627,0.8204125960666103,-0.8204125960666302,1.6408251921332404,0.12478119529882471,500.0,671.483602597586,439.4722325747459,3.9308226504961233e-28,0.028738600171715728,0.31831380672006093,DISTORTED_SIGNAL
-7.833733661755105e-16,0.4252033542966896,0.4252033542966896,0.7092907391551574,-0.7092907391552828,1.4185814783104402,0.24981245311327832,500.0,1362.2980794381556,1125.693256134015,1.0573997774129422e-27,0.3168883579085775,0.18079789250515615,DISTORTED_SIGNAL
-1.8586895690994367e-15,1.0137029217965527,1.0137029217965527,1.5066433562700843,-1.5066433562700843,3.0132867125401686,0.07048258345428157,100.0,489.2867908688494,1731.3084897038439,0.9351268921122476,0.04718116222201569,1.0275936136588681,DISTORTED_SIGNAL
-2.700506485098231e-15,0.6230037593367456,0.6230037593367456,1.1253510699230083,-1.1253510699230083,2.2507021398460165,0.19959979989994997,200.0,389.827409334656,413.28789869145396,0.7337111352591965,2.5252675316715106e-30,0.38813368414771754,DISTORTED_SIGNAL
-1.3324791006024973e-15,0.3228312870844408,0.3228312870844408,0.48576210169785955,-0.48576210169785955,0.9715242033957191,0.13597605224963716,1500.0,1925.6019122810055,1586.6873181430065,6.746182508948555e-09,0.07203999248453907,0.10422003992059664,DISTORTED_SIGNAL
1.0011325102254887e-14,0.5215372409852567,0.5215372409852566,0.7912702884483833,-0.7912702884483833,1.5825405768967666,0.37484371092773194,1500.0,1917.3593050637626,714.5653648858811,2.095485988066925e-27,0.27497189125759836,0.2720010937345136,DISTORTED_SIGNAL
-1.7674750552032492e-15,0.9610609854423412,0.9610609854423412,1.4203717511439997,-1.4203717511439997,2.8407435022879994,0.024756189047261814,100.0,130.56856901786418,138.29403165387131,0.9519006552583656,0.0017414174487200035,0.9236382177394039,DISTORTED_SIGNAL
-1.4210854715202004e-16,0.8841461897635453,0.8841461897635453,1.1672735585613068,-1.1672735585613068,2.3345471171226135,0.04952476238119059,100.0,112.68276671469451,113.4372298349795,0.975150940194289,1.6755122908844765e-31,0.781714484873395,DISTORTED_SIGNAL
-2.2598400852805497e-15,0.7814029535569498,0.7814029535569498,1.2128876873915293,-1.2128876873915293,2.4257753747830586,0.11003265602322206,1000.0,1594.5590032769635,1946.9490085092416,2.4192728942627005e-10,0.09375379048210375,0.6105905758275246,DISTORTED_SIGNAL
1.3722356584366934e-15,0.9812227913477923,0.9812227913477923,1.283250398260973,-1.2832503982610386,2.5665007965220115,0.24990623827978498,2000.0,2592.3231852872714,1420.7202347120376,1.0083508609773385e-26,1.0,0.9627981662603533,DISTORTED_SIGNAL
2.314631819544388e-14,0.9125934694465633,0.9125934694465633,1.5170598613506017,-1.5170598613510962,3.034119722701698,0.1873984248031004,1500.0,2114.939294828598,1331.8590305270084,4.658437926402426e-27,0.22716787796114368,0.8328268404765153,DISTORTED_SIGNAL
-2.2648549702353194e-16,0.5370559772875795,0.5370559772875794,0.8981889433023633,-0.8981889433023633,1.7963778866047266,0.12478119529882471,500.0,946.1563568778826,944.6419461011491,6.515087133153917e-28,0.17207517730056768,0.28842912274031696,DISTORTED_SIGNAL
-3.957126891217247e-15,1.2446226176671833,1.2446226176671833,1.9961496186787833,-1.9961496186787833,3.9922992373575665,0.0443577648766328,100.0,283.6156977017362,1125.6764852143447,0.9354629985956171,0.019460412227581658,1.5490854604087116,DISTORTED_SIGNAL
-1.047919528929242e-13,0.3313307209850297,0.3313307209850297,0.5605956452388718,-0.5605956452388166,1.1211912904776884,0.49987496874218557,2000.0,2151.562640307825,358.5964394284273,2.2488231062651376e-25,1.0,0.10978004666845961,DISTORTED_SIGNAL
7.688072400924285e-15,0.6849780290520411,0.6849780290520411,1.11720424510712,-1.1172042451070776,2.2344084902141974,0.2496248124062031,500.0,629.2962824980564,297.3701141216504,9.613396938289098e-28,1.7711388866217146e-28,0.4691949002840188,DISTORTED_SIGNAL
-5.197757064766629e-15,0.9654187297509592,0.9654187297509592,1.5766284081898982,-1.5766284081898982,3.1532568163797965,0.05524310595065312,200.0,466.2241492599802,1303.2386986248134,0.8008758014550571,0.027226210390268225,0.9320333237539556,DISTORTED_SIGNAL
-1.389999226830696e-15,0.5500483933066211,0.5500483933066213,0.9285573769378288,-0.9285573769378288,1.8571147538756576,0.04952476238119059,100.0,186.82498502549424,292.5203090495631,0.911863833470803,3.756566137585047e-31,0.30255323497919545,DISTORTED_SIGNAL
2.176436808554172e-14,1.0829709887116257,1.0829709887116257,1.571116883184016,-1.571116883184016,3.142233766368032,0.37484371092773194,1500.0,1826.7106615888451,668.5798469681947,2.0016482589905987e-27,0.21426586492209826,1.172826162391036,DISTORTED_SIGNAL
-1.0182965581861936e-15,0.40183300811924444,0.40183300811924444,0.6763033681238386,-0.6763033681238386,1.3526067362476772,0.04952476238119059,100.0,184.17731041318453,286.80443977714253,0.9137023688482151,3.4331738721678194e-31,0.16146976641416075,DISTORTED_SIGNAL
9.300859402378127e-15,1.3094784324159754,1.3094784324159754,2.0579490273741614,-2.0579490273741614,4.115898054748323,0.0546988388969521,500.0,725.4843557263675,927.837497664602,7.072544471082705e-07,0.02515512805902736,1.7147337649626,DISTORTED_SIGNAL
-2.0101698083863086e-15,0.4477704774250647,0.44777047742506476,0.7370754485544238,-0.7370754485544238,1.4741508971088475,0.09954977488744372,200.0,290.7807119632393,257.4425264808354,0.7991709253703024,1.2375549672264025e-30,0.20049840045347042,DISTORTED_SIGNAL
-1.0518641513357351e-13,0.3645926865687983,0.3645926865687983,0.6309603709291036,-0.6309603709290186,1.2619207418581222,0.49987496874218557,2000.0,2295.211388093109,456.13772529056257,1.8743880336614263e-25,1.0,0.13292782709945397,DISTORTED_SIGNAL
-2.625584305274978e-15,0.819097845574821,0.819097845574821,1.1300318001116851,-1.1300318001116851,2.2600636002233703,0.13597605224963716,1500.0,1670.7602463287756,968.0769307148323,7.034969064778936e-09,0.03475894432901622,0.6709212806253133,DISTORTED_SIGNAL
4.884981308350689e-15,0.8652208139627058,0.8652208139627058,1.3210367043788787,-1.3210367043788787,2.6420734087577573,0.06238279784973122,500.0,654.3083957547061,499.40272890891146,5.346444985888824e-28,0.018407259647144174,0.7486070569142871,DISTORTED_SIGNAL
-1.7421992294272025e-15,0.8566212928835663,0.8566212928835663,1.2564328718421438,-1.2564328718421438,2.5128657436842876,0.06776124818577649,500.0,831.5025428395056,1529.3149615062132,4.6340256666936594e-10,0.04121344986511389,0.7338000394215126,DISTORTED_SIGNAL
-3.8780090250156717e-16,0.46757767908761017,0.4675776790876102,0.7157387671817116,-0.7157387671817116,1.4314775343634232,0.09954977488744372,200.0,289.86410136892994,320.83673461699567,0.9198766080162722,5.001122608652227e-31,0.2186288859809562,DISTORTED_SIGNAL
-2.1600499167107045e-15,1.0816783653964812,1.0816783653964812,1.2588681716819536,-1.2588681716819536,2.5177363433639073,0.7498749374687343,1500.0,1473.2381931206357,161.38653156913674,8.37800925720447e-28,4.5263502150442835e-30,1.1700280861668033,DISTORTED_SIGNAL
-7.906564292170514e-14,0.23811983518279198,0.23811983518279198,0.3859387394208036,-0.38593873942077783,0.7718774788415814,0.49987496874218557,2000.0,2063.665552485347,244.1561998231508,2.4774418512002936e-25,1.0,0.05670105590748002,DISTORTED_SIGNAL
2.090949635658035e-14,0.8640787215795889,0.8640787215795889,1.344069434324004,-1.344069434323982,2.688138868647986,0.24981245311327832,1000.0,1161.1166535784841,440.75898926035023,3.957173258858299e-27,0.131561449030659,0.7466320370866167,DISTORTED_SIGNAL
-4.106492923483529e-15,0.9859946989359991,0.9859946989359991,1.6411076460133274,-1.6411076460133274,3.2822152920266547,0.04976244061015254,200.0,350.22004753823853,532.2046900827421,0.79466957285929,0.03669040240220849,0.9721855463298916,DISTORTED_SIGNAL
-1.4432899320127036e-16,1.1261083768009936,1.1261083768009936,1.62978604143249,-1.62978604143249,3.25957208286498,0.12478119529882471,500.0,618.1772560198397,503.6464961373673,2.4431791404256007e-28,0.039863536051074185,1.2681200763013685,DISTORTED_SIGNAL
1.518607462003274e-14,0.6581662184899738,0.6581662184899738,1.086274518325389,-1.0862745183253293,2.172549036650718,0.24981245311327832,1000.0,1298.732400808999,643.3127611683044,3.8807944851740835e-27,0.1965524232259503,0.433182771161392,DISTORTED_SIGNAL
1.6555645743210335e-14,0.6885180688868557,0.6885180688868557,1.083457556010455,-1.08345755601043,2.166915112020885,0.24981245311327832,1000.0,1178.2804094886246,472.99341985338924,3.9448891513422395e-27,0.13966727441691873,0.4740571311836851,DISTORTED_SIGNAL
3.930189507173054e-16,1.0156176400906671,1.0156176400906671,1.4250422220577574,-1.4250422220577574,2.850084444115515,0.06238279784973122,500.0,644.4027086254708,828.685194176143,1.3781614039963932e-27,0.023739818533779825,1.0314791908633358,DISTORTED_SIGNAL
-1.225686219186173e-16,0.704732189857356,0.704732189857356,0.9894234403141218,-0.9894234403141218,1.9788468806282435,0.04952476238119059,100.0,132.83962466459232,200.59585855409517,0.9609826025497992,3.8621829809982384e-31,0.4966474594211444,DISTORTED_SIGNAL
-4.1744385725905884e-16,1.0651172809059157,1.0651172809059157,1.3591130987490616,-1.3591130987490345,2.718226197498096,0.24981245311327832,1000.0,1221.9740844459986,628.2321821797717,4.1601348125504625e-28,0.1109870422229993,1.1344748220844112,DISTORTED_SIGNAL
-9.379164112033323e-16,0.4993706896122272,0.4993706896122272,0.5907845548827417,-0.5907845548827417,1.1815691097654835,0.7498749374687343,1500.0,1476.9402288936853,150.09336448637185,8.033862819779976e-28,4.8426884583442166e-30,0.24937108564379135,DISTORTED_SIGNAL
2.9887908726416913e-15,0.47399386341467803,0.47399386341467803,0.7883527817349774,-0.7883527817349774,1.5767055634699547,0.07374818577648766,500.0,902.7770928434524,1465.1428973486986,6.906750035375367e-07,0.04806709306308577,0.22467018255477245,DISTORTED_SIGNAL
1.8134271861924844e-14,0.7094323881803877,0.7094323881803877,1.0728332266713079,-1.0728332266717016,2.1456664533430096,0.1873984248031004,1500.0,1925.957689370822,1044.13361450987,2.2853516786927168e-27,0.18957488617652776,0.5032943133993283,DISTORTED_SIGNAL
-2.765565554341265e-16,0.9732006455607226,0.9732006455607227,1.2041739242660563,-1.2041739242660563,2.4083478485321126,0.37484371092773194,1500.0,1539.8011528854722,283.2114912670233,4.374275279826237e-28,0.021254669482796845,0.9471194965198074,DISTORTED_SIGNAL
4.485301019485632e-16,0.9022593466229836,0.9022593466229836,1.2613731031453597,-1.2613731031453597,2.5227462062907193,0.0498812351543943,200.0,327.38523526485994,824.6068176116264,0.961203302611615,0.020671153521338373,0.8140719285685332,DISTORTED_SIGNAL
-2.34168240353938e-15,1.0719945455737523,1.0719945455737523,1.5950588883345165,-1.5950588883346783,3.1901177766691946,0.1248906113264158,1000.0,1402.1515696134725,1017.2738891653139,1.3671969367663197e-27,0.21232275024287017,1.1491723057398757,DISTORTED_SIGNAL
-3.4661162828797386e-15,0.8282093234293632,0.8282093234293632,1.4168281420930469,-1.4168281420930469,2.8336562841860937,0.14978744686171544,200.0,398.9844820863271,636.2910706598368,0.7800451085383743,0.05441838308904291,0.6859306834153235,DISTORTED_SIGNAL
2.282618538629322e-16,0.7877016816340978,0.7877016816340978,1.033647136102082,-1.033647136102082,2.067294272204164,0.024878109763720464,200.0,242.14060776340148,446.506549932024,0.9756476851199559,0.005954391290542948,0.6204739392491856,DISTORTED_SIGNAL
-4.418375466454714e-15,1.1777010130156935,1.1777010130156935,1.7134768935970461,-1.7134768935970461,3.4269537871940923,0.13597605224963716,1500.0,1802.8675401295602,1331.4096405551888,6.883151797617535e-09,0.05408510147884818,1.3869796760581907,DISTORTED_SIGNAL
-2.6769697569761773e-15,1.053623171402441,1.053623171402441,1.690206493007178,-1.690206493007178,3.380412986014356,0.04952476238119059,100.0,151.82397782922655,201.64652758319988,0.9361684023465271,1.3681359793854018e-31,1.1101217873161378,DISTORTED_SIGNAL
-1.8483778377868183e-15,1.013533971821076,1.0135339718210763,1.5006728305700001,-1.5006728305700001,3.0013456611400002,0.06848693759071117,200.0,571.5276473152084,1673.472638413227,0.9371962330833549,0.04516960148786298,1.0272511120354062,DISTORTED_SIGNAL
1.056488230233299e-15,0.6004721362873187,0.6004721362873187,0.8808882239116202,-0.880888223911606,1.7617764478232263,0.49987496874218557,2000.0,2003.0154323542308,54.83009686247185,1.605876039012009e-26,1.0,0.36056678645745616,DISTORTED_SIGNAL
1.499035715411524e-14,0.5777965488478626,0.5777965488478626,1.0176901791956836,-1.0176901791956836,2.035380358391367,0.1938497822931785,2000.0,2948.662692393517,1967.6868457388562,2.613250685450218e-05,0.999826462920949,0.3338488518605005,DISTORTED_SIGNAL
1.1159961843532073e-14,0.5195383074885133,0.5195383074885133,0.8862764905289483,-0.8862764905288694,1.7725529810578178,0.24981245311327832,1000.0,1498.6729895011083,815.7143221942742,3.7722361640594635e-27,0.2909771813062441,0.269920052948029,DISTORTED_SIGNAL
2.6932234220566898e-14,0.8892096187621832,0.8892096187621832,1.3035497768308613,-1.3035497768308937,2.607099553661755,0.7498749374687343,1500.0,1446.9762023971196,170.2614319648707,6.798632320006869e-27,1.2714666949951122e-27,0.7906937460991872,DISTORTED_SIGNAL
-6.954437026251981e-16,0.8470089961363124,0.8470089961363124,1.18118639947645,-1.18118639947645,2.3623727989529,0.09954977488744372,200.0,231.42424978151791,183.77111992897633,0.9642992654318686,9.976914170564883e-32,0.7174242395358437,DISTORTED_SIGNAL
5.933031843596837e-16,0.37548505227623097,0.37548505227623097,0.6663278755105934,-0.6663278755105934,1.3326557510211867,0.1998999874984373,100.0,1766.8448364083665,2653.169569965234,0.704654144490002,0.2820193317343471,0.1409890244828839,DISTORTED_SIGNAL
-1.1938245806382e-15,0.7980530555104757,0.7980530555104757,1.095767114304463,-1.095767114304463,2.191534228608926,0.09062046444121916,1000.0,1150.6736289576138,939.6363522543448,2.3885849031236877e-10,0.03348260896394798,0.6368886794096064,DISTORTED_SIGNAL
2.1183055309847986e-16,0.41465338725690487,0.41465338725690487,0.602283728606643,-0.602283728606643,1.204567457213286,0.06238279784973122,500.0,720.5759825712336,1038.7987667634254,2.189857860289403e-27,0.03762527895944236,0.17193743156362473,DISTORTED_SIGNAL
-3.1263880373444406e-16,0.7749893743973311,0.7749893743973312,0.9952096518928361,-0.9952096518928149,1.990419303785651,0.24981245311327832,1000.0,1239.2666847406376,649.0645754117996,4.2755685895946895e-28,0.11963334237031886,0.6006085304287667,DISTORTED_SIGNAL
-8.926193117986258e-16,0.5445164134629384,0.5445164134629384,0.8407013624399867,-0.8407013624400452,1.6814027248800318,0.12478119529882471,500.0,778.2942247309642,649.2906494746105,4.800844833216353e-28,0.07329101753305527,0.29649812453054175,DISTORTED_SIGNAL
4.4839919129713355e-15,0.7112371901727479,0.7112371901727479,1.1828938812714012,-1.1828938812714012,2.3657877625428023,0.07374818577648766,500.0,902.6157716345353,1464.753341124316,6.906900963099426e-07,0.04804624521014385,0.5058583406848256,DISTORTED_SIGNAL
-1.403321903126198e-16,0.7342903125619239,0.7342903125619239,1.0778182004600052,-1.0778182004600052,2.1556364009200104,0.04952476238119059,100.0,157.91711114255062,270.47490718800344,0.9433555350486047,6.602634818968517e-31,0.5391822631222879,DISTORTED_SIGNAL
2.6123991858639784e-14,0.9201912621698992,0.9201912621698992,1.3249751259542737,-1.324975125954327,2.6499502519086007,0.7498749374687343,1500.0,1453.3854960521523,160.57290640072424,6.065909679637598e-27,1.1278991431349927e-27,0.8467519589738322,DISTORTED_SIGNAL
-2.7977620220553945e-17,1.0381303953664134,1.0381303953664134,1.4030624187074487,-1.4030624187074487,2.8061248374148975,0.12478119529882471,500.0,558.2365908799292,337.1682697181231,1.6319502569627933e-28,0.015700857102930083,1.0777147177836257,DISTORTED_SIGNAL
-5.381434778772641e-16,1.0023456364183572,1.0023456364183572,1.2615248757112887,-1.2615248757112887,2.5230497514225774,0.04526487663280116,500.0,530.931472672686,327.7810638814245,4.781985783351296e-10,0.002466181856634787,1.0046967748469215,DISTORTED_SIGNAL
-5.581224572954619e-15,1.1570656057803337,1.1570656057803337,1.7973802163790769,-1.7973802163790769,3.5947604327581537,0.03274673439767779,200.0,329.3678640598635,801.0085517584591,0.8149231809833709,0.010164307350281612,1.3388008160798104,DISTORTED_SIGNAL
-1.0658141036401502e-16,0.7778432411693641,0.7778432411693641,0.9329765650934282,-0.9329765650934319,1.8659531301868602,0.2496248124062031,500.0,550.6727490787877,219.32856991186935,2.0305915957043433e-28,1.000537867608194e-31,0.6050401078328614,DISTORTED_SIGNAL
1.1435297153639113e-16,0.8761312778657034,0.8761312778657034,1.1336562399856291,-1.1336562399856291,2.2673124799712583,0.06238279784973122,500.0,544.8182319889836,395.2681447517291,3.1417074005287196e-28,0.005586780890539937,0.7676060160545904,DISTORTED_SIGNAL
-1.4477308241112042e-16,0.7950855291972733,0.7950855291972733,1.0645720860169356,-1.0645720860169356,2.1291441720338713,0.04976244061015254,200.0,232.11751238084966,264.6421155627015,0.9727779434258799,0.008579314254205352,0.6321609987389081,DISTORTED_SIGNAL
4.698463840213663e-16,0.4865883503570025,0.4865883503570025,0.7658115611961128,-0.7658115611961128,1.5316231223922256,0.09988748593574197,200.0,721.0928521369393,1646.5505213955025,0.8944910231257266,0.08864143570551893,0.236768222703149,DISTORTED_SIGNAL
-8.549069741367555e-16,0.7998018373868644,0.7998018373868644,1.0497463767620707,-1.0497463767620707,2.0994927535241414,0.09062046444121916,1000.0,1083.0969130252658,636.9375773148149,2.384642679736842e-10,0.024306877061720317,0.6396829790874042,DISTORTED_SIGNAL
-2.899902540320909e-16,0.6849794560047847,0.6849794560047847,1.0701486271430145,-1.0701486271430145,2.140297254286029,0.04976244061015254,200.0,428.4929254751451,755.0147986901499,0.9037614041241719,0.07891851672556,0.4691968551486108,DISTORTED_SIGNAL
-3.0783740384200623e-15,0.5905913083716706,0.5905913083716707,0.904270976046406,-0.904270976046406,1.808541952092812,0.18133164005805516,2000.0,2486.923401285324,1635.5860145649656,5.5994177300464694e-05,0.9999406410250077,0.34879809352416186,DISTORTED_SIGNAL
-1.0480505352461477e-16,0.38807837150164726,0.38807837150164726,0.46999781531462337,-0.46999781531461915,0.9399956306292425,0.24981245311327832,1000.0,1115.6048217331047,466.738865596456,3.612334758641772e-28,0.057802410866552384,0.15060482242737055,DISTORTED_SIGNAL
-4.616751425601251e-15,1.111263613837748,1.111263613837748,1.8199475471956545,-1.8199475471956545,3.639895094391309,0.04976244061015254,200.0,327.4248275924206,474.0849431101386,0.8015058641825551,0.02840335421439266,1.2349068194397315,DISTORTED_SIGNAL
-8.304468224196171e-17,0.3450977093586717,0.3450977093586717,0.6075807939447633,-0.6075807939447633,1.2151615878895266,0.2496248124062031,100.0,457.1575388379211,607.3761292719415,0.7330182182402069,3.157285034033489e-30,0.11909242900460223,DISTORTED_SIGNAL
1.0384582083133864e-14,0.9305800139874839,0.9305800139874839,1.5304699279415792,-1.5304699279415133,3.0609398558830927,0.2496248124062031,500.0,642.8956623544994,314.1717910559903,9.605529944944096e-28,1.775567007624557e-28,0.8659791624329458,DISTORTED_SIGNAL
-2.319699987651802e-15,0.5126599439540827,0.5126599439540827,0.786279487867038,-0.786279487867038,1.572558975734076,0.09954977488744372,200.0,260.16155117128716,173.18216202671886,0.8194070755096993,6.324918627387809e-31,0.2628202181350031,DISTORTED_SIGNAL
-5.719869022868807e-16,0.6935457804751592,0.6935457804751592,0.9814435025226931,-0.9814435025226931,1.9628870050453862,0.09954977488744372,200.0,237.65881971903048,203.65658140863127,0.959560099315859,1.5252380841714143e-31,0.4810057496148978,DISTORTED_SIGNAL
-2.2177815139912126e-15,0.4898954474844483,0.48989544748444835,0.7471443138801039,-0.7471443138801039,1.4942886277602079,0.09954977488744372,200.0,258.7621666701794,168.1931740168212,0.8203319262938071,6.464297488165659e-31,0.2399975494659879,DISTORTED_SIGNAL
8.593126210598712e-16,0.5189772632370013,0.5189772632370013,0.7915796987351509,-0.7915796987351238,1.5831593974702747,0.49987496874218557,2000.0,2014.7717402229437,120.63803676175225,1.582509990952797e-26,1.0,0.2693373997569678,DISTORTED_SIGNAL
9.843292847477869e-15,0.4067255363177232,0.4067255363177232,0.7475557689693861,-0.7475557689695909,1.495111537938977,0.3124140517564696,1500.0,2644.3658422497424,1818.9787503075413,1.1634404323629719e-26,0.332483566223764,0.16542566189293956,DISTORTED_SIGNAL
-5.742073483361309e-16,0.3760588478571741,0.3760588478571741,0.5521639850762756,-0.5521639850762927,1.1043279701525683,0.12478119529882471,500.0,682.5936982226228,466.8628663856749,4.008573001396712e-28,0.03337279859996691,0.1414202570516652,DISTORTED_SIGNAL
-2.57253528129561e-15,0.36468132929378655,0.36468132929378655,0.6598966767207328,-0.6598966767207328,1.3197933534414656,0.24301523947750364,1500.0,3892.600818168394,3216.459869339161,4.658742423335149e-09,0.35979119963060446,0.13299247193548316,DISTORTED_SIGNAL
3.6306558666517364e-14,1.121847715702262,1.121847715702262,1.675640128356148,-1.675640128356148,3.351280256712296,0.13597605224963716,1500.0,1894.0327544543725,1041.555779823498,8.087089450215218e-07,0.17927907303968468,1.2585422972263833,DISTORTED_SIGNAL
-4.663380792635507e-15,1.029495185027575,1.029495185027575,1.5492482663077245,-1.5492482663077245,3.098496532615449,0.09954977488744372,200.0,255.93976193414304,157.6135383129417,0.8221972486774172,5.663461948840657e-31,1.0598603359949612,DISTORTED_SIGNAL
7.130884444279028e-15,0.9673333147935005,0.9673333147935006,1.4872127388989551,-1.4872127388989551,2.9744254777979102,0.04998185776487663,500.0,684.5607108456138,745.0953633491606,7.110769743908646e-07,0.01986642043190946,0.9357337419093817,DISTORTED_SIGNAL
-8.797407247129741e-16,1.0894377722009352,1.0894377722009352,1.3817016626189256,-1.3817016626189256,2.763403325237851,0.09954977488744372,200.0,209.35907377727955,76.68781504931889,0.9810719595408703,3.6522286533758853e-34,1.1868746594981368,DISTORTED_SIGNAL
-2.8688162956314046e-16,0.9775149800879255,0.9775149800879254,1.4204339208871708,-1.4204339208871708,2.8408678417743416,0.04976244061015254,200.0,302.60240916917775,508.3087328928084,0.9480058827451846,0.03382611754920894,0.9555355362962972,DISTORTED_SIGNAL
-2.2382096176443156e-16,0.5770133865396715,0.5770133865396715,0.9154380113364498,-0.9154380113364498,1.8308760226728995,0.09977494373593399,100.0,382.20244430532307,853.7635522953029,0.8871519609422381,0.09602208759286524,0.3329444482459803,DISTORTED_SIGNAL
-1.0036416142611415e-16,1.0298215476479753,1.0298215476479753,1.2910485595807024,-1.2910485595807024,2.582097119161405,0.04976244061015254,200.0,210.79312303942544,105.34175234954743,0.9802724435360368,0.0009411862633850568,1.0605324200000712,DISTORTED_SIGNAL
3.5055514047144244e-14,1.148289153737553,1.148289153737553,1.6873456415400596,-1.6873456415400983,3.374691283080158,0.7498749374687343,1500.0,1446.081504175671,171.55133403533708,6.899160916544452e-27,1.2896751907395453e-27,1.3185679805913058,DISTORTED_SIGNAL
2.2234912324035708e-14,0.8351077612792739,0.8351077612792739,1.4365497205535138,-1.4365497205535138,2.8730994411070276,0.18350870827285923,2000.0,2827.848367631015,1817.2354435472084,2.6725831139972068e-05,0.9998225054951222,0.6974049729488807,DISTORTED_SIGNAL
2.143752547612715e-14,0.7889758946677699,0.7889758946677699,1.3280376420485722,-1.3280376420485722,2.6560752840971444,0.18133164005805516,2000.0,2739.595996579517,1693.4958851807178,2.7159230798089437e-05,0.9998196120929957,0.6224829623668078,DISTORTED_SIGNAL
-1.0302869668521453e-16,0.49726733571415155,0.49726733571415155,0.6785669863961608,-0.6785669863961749,1.3571339727923357,0.2496248124062031,500.0,746.6403464632969,431.05554857786217,2.3097275680053795e-28,1.3922545971081273e-30,0.24727480316825068,DISTORTED_SIGNAL
3.788347413546944e-14,0.8114581347375988,0.8114581347375988,1.3524190287971973,-1.3524190287970268,2.704838057594224,0.24990623827978498,2000.0,2680.0857109013123,1374.5918502362258,2.4624759576670388e-26,1.0,0.658464304431823,DISTORTED_SIGNAL
-1.84385839929746e-15,0.9465421787042934,0.9465421787042934,1.5126655371657058,-1.5126655371657058,3.0253310743314117,0.04976244061015254,100.0,177.38873720027277,388.5464052041163,0.9363686065427471,0.018029882898680696,0.8959420960662705,DISTORTED_SIGNAL
-3.268496584496461e-16,0.701351450492134,0.701351450492134,0.9237300342046396,-0.9237300342046143,1.847460068409254,0.24981245311327832,1000.0,1321.5834161307869,734.6774385614594,4.89029213647853e-28,0.16079170806539345,0.49189385710742034,DISTORTED_SIGNAL
-5.932467920790678e-15,1.0280520006945688,1.0280520006945688,1.7323184537250265,-1.7323184537250265,3.464636907450053,0.07011973875181422,200.0,601.9380458021152,1646.0360608793599,0.7869457977491963,0.04414571911951291,1.0568909161321056,DISTORTED_SIGNAL
1.4742795042211522e-14,0.5483505231608354,0.5483505231608354,1.0163477552379183,-1.0163477552379183,2.0326955104758366,0.20745645863570392,1500.0,2812.413338888514,2437.139451428259,6.931182736304791e-07,0.29752503798699864,0.30068829625076193,DISTORTED_SIGNAL
3.61370595830662e-14,1.2855092000183097,1.2855092000183097,2.066582979596171,-2.066582979596171,4.133165959192342,0.18133164005805516,2000.0,2607.881627203929,1480.0711045101564,2.7806035289141334e-05,0.9998152862904015,1.6525339033317143,DISTORTED_SIGNAL
6.665779039849439e-16,0.6330497317927014,0.6330497317927014,1.0140030543667748,-1.0140030543667748,2.0280061087335497,0.09988748593574197,200.0,819.9718854212277,1781.1633087222622,0.8777363416792173,0.10571206250168722,0.4007519629228112,DISTORTED_SIGNAL
-2.456367183226895e-15,0.7966110860715022,0.7966110860715022,1.0852077103935982,-1.0852077103935982,2.1704154207871964,0.13597605224963716,1500.0,1648.433364116987,890.2384230018918,7.061537814335268e-09,0.03149269432585751,0.6345892224520183,DISTORTED_SIGNAL
-3.4638958368304885e-16,0.4180442890924366,0.4180442890924366,0.6404602322422219,-0.6404602322422219,1.2809204644844439,0.09954977488744372,200.0,290.64142046606986,322.1958220076436,0.9192857341687711,5.26300143854051e-31,0.17476102764280071,DISTORTED_SIGNAL
-2.5646151868841118e-15,1.117089100971078,1.1170891009710782,1.6333787006500793,-1.6333787006501939,3.266757401300273,0.1248906113264158,1000.0,1355.1566778743088,909.4720901969905,9.398829899178323e-28,0.2042718526027697,1.2478880595083714,DISTORTED_SIGNAL
-9.836575998178887e-17,0.8097538358694955,0.8097538358694955,1.166678723536324,-1.166678723536324,2.333357447072648,0.12478119529882471,500.0,612.970750810647,491.7175980098405,2.373847678591019e-28,0.03776474195998566,0.6557012747053618,DISTORTED_SIGNAL
